split_id,seed,date,ticker,model,score,label,model_rank_position,realized_rank_position,forward_return_5d,spy_forward_return_5d,excess_return_5d,selected_features,train_seconds,inference_seconds,param_count,is_synthetic,data_source,benchmark_ticker
split_00_2018-12,42,2018-12-07,XLB,naive_momentum,-0.010973849996,,7,6,-0.0113657635562893,-0.0117616070190346,0.0003958434627452,relative_strength_20d,0.0,0.0,0.0,False,mktmind-qtm/data/marketmind_qml_dataset.csv,SPY
split_00_2018-12,42,2018-12-07,XLC,naive_momentum,-0.009794839286,1.0,6,2,0.0048390623680889,-0.0117616070190346,0.0166006693871235,relative_strength_20d,0.0,0.0,0.0,False,mktmind-qtm/data/marketmind_qml_dataset.csv,SPY
split_00_2018-12,42,2018-12-07,XLE,naive_momentum,-0.024479393622,0.0,10,10,-0.0309036250716863,-0.0117616070190346,-0.0191420180526517,relative_strength_20d,0.0,0.0,0.0,False,mktmind-qtm/data/marketmind_qml_dataset.csv,SPY
split_00_2018-12,42,2018-12-07,XLF,naive_momentum,-0.017820915397,0.0,9,11,-0.0346477056441223,-0.0117616070190346,-0.0228860986250877,relative_strength_20d,0.0,0.0,0.0,False,mktmind-qtm/data/marketmind_qml_dataset.csv,SPY
split_00_2018-12,42,2018-12-07,XLI,naive_momentum,-0.009581558303,,5,7,-0.014405144849957,-0.0117616070190346,-0.0026435378309224,relative_strength_20d,0.0,0.0,0.0,False,mktmind-qtm/data/marketmind_qml_dataset.csv,SPY
split_00_2018-12,42,2018-12-07,XLK,naive_momentum,-0.029741898024,1.0,11,3,-0.0004643380462061,-0.0117616070190346,0.0112972689728284,relative_strength_20d,0.0,0.0,0.0,False,mktmind-qtm/data/marketmind_qml_dataset.csv,SPY
split_00_2018-12,42,2018-12-07,XLP,naive_momentum,0.03124357094,,4,4,-0.0040207276072319,-0.0117616070190346,0.0077408794118026,relative_strength_20d,0.0,0.0,0.0,False,mktmind-qtm/data/marketmind_qml_dataset.csv,SPY
split_00_2018-12,42,2018-12-07,XLRE,naive_momentum,0.090840676987,,2,8,-0.0159008493547361,-0.0117616070190346,-0.0041392423357015,relative_strength_20d,0.0,0.0,0.0,False,mktmind-qtm/data/marketmind_qml_dataset.csv,SPY
split_00_2018-12,42,2018-12-07,XLU,naive_momentum,0.090851705984,1.0,1,1,0.0063763274341193,-0.0117616070190346,0.0181379344531539,relative_strength_20d,0.0,0.0,0.0,False,mktmind-qtm/data/marketmind_qml_dataset.csv,SPY
split_00_2018-12,42,2018-12-07,XLV,naive_momentum,0.034048274699,0.0,3,9,-0.0176678502771245,-0.0117616070190346,-0.0059062432580899,relative_strength_20d,0.0,0.0,0.0,False,mktmind-qtm/data/marketmind_qml_dataset.csv,SPY
split_00_2018-12,42,2018-12-07,XLY,naive_momentum,-0.011185199987,,8,5,-0.010061201383733,-0.0117616070190346,0.0017004056353016,relative_strength_20d,0.0,0.0,0.0,False,mktmind-qtm/data/marketmind_qml_dataset.csv,SPY
split_00_2018-12,42,2018-12-14,XLB,naive_momentum,-0.012738245984,1.0,8,2,-0.0468408011285863,-0.0705048663770638,0.0236640652484775,relative_strength_20d,0.0,0.0,0.0,False,mktmind-qtm/data/marketmind_qml_dataset.csv,SPY
split_00_2018-12,42,2018-12-14,XLC,naive_momentum,0.010100281164,0.0,4,10,-0.0841638163282875,-0.0705048663770638,-0.0136589499512236,relative_strength_20d,0.0,0.0,0.0,False,mktmind-qtm/data/marketmind_qml_dataset.csv,SPY
split_00_2018-12,42,2018-12-14,XLE,naive_momentum,-0.015036576391,0.0,9,11,-0.0878587606906938,-0.0705048663770638,-0.0173538943136299,relative_strength_20d,0.0,0.0,0.0,False,mktmind-qtm/data/marketmind_qml_dataset.csv,SPY
split_00_2018-12,42,2018-12-14,XLF,naive_momentum,-0.044763425999,1.0,11,3,-0.053956169169497,-0.0705048663770638,0.0165486972075667,relative_strength_20d,0.0,0.0,0.0,False,mktmind-qtm/data/marketmind_qml_dataset.csv,SPY
split_00_2018-12,42,2018-12-14,XLI,naive_momentum,-0.020553349192,,10,5,-0.0658525725370194,-0.0705048663770638,0.0046522938400443,relative_strength_20d,0.0,0.0,0.0,False,mktmind-qtm/data/marketmind_qml_dataset.csv,SPY
split_00_2018-12,42,2018-12-14,XLK,naive_momentum,0.004802704452,,6,8,-0.0791861347752203,-0.0705048663770638,-0.0086812683981564,relative_strength_20d,0.0,0.0,0.0,False,mktmind-qtm/data/marketmind_qml_dataset.csv,SPY
split_00_2018-12,42,2018-12-14,XLP,naive_momentum,0.009050913055,,5,7,-0.0708406527730807,-0.0705048663770638,-0.0003357863960168,relative_strength_20d,0.0,0.0,0.0,False,mktmind-qtm/data/marketmind_qml_dataset.csv,SPY
split_00_2018-12,42,2018-12-14,XLRE,naive_momentum,0.041123309581,,2,4,-0.063035620693857,-0.0705048663770638,0.0074692456832068,relative_strength_20d,0.0,0.0,0.0,False,mktmind-qtm/data/marketmind_qml_dataset.csv,SPY
split_00_2018-12,42,2018-12-14,XLU,naive_momentum,0.078579076404,1.0,1,1,-0.044930732123724,-0.0705048663770638,0.0255741342533398,relative_strength_20d,0.0,0.0,0.0,False,mktmind-qtm/data/marketmind_qml_dataset.csv,SPY
split_00_2018-12,42,2018-12-14,XLV,naive_momentum,0.020952935665,,3,6,-0.0663747918958822,-0.0705048663770638,0.0041300744811816,relative_strength_20d,0.0,0.0,0.0,False,mktmind-qtm/data/marketmind_qml_dataset.csv,SPY
split_00_2018-12,42,2018-12-14,XLY,naive_momentum,-0.007187240787,0.0,7,9,-0.0801573977578373,-0.0705048663770638,-0.0096525313807734,relative_strength_20d,0.0,0.0,0.0,False,mktmind-qtm/data/marketmind_qml_dataset.csv,SPY
split_00_2018-12,42,2018-12-21,XLB,naive_momentum,-0.005833701299,,8,5,0.0395058905700624,0.0383049320970712,0.0012009584729912,relative_strength_20d,0.0,0.0,0.0,False,mktmind-qtm/data/marketmind_qml_dataset.csv,SPY
split_00_2018-12,42,2018-12-21,XLC,naive_momentum,0.005459953575,,6,6,0.0369254460263666,0.0383049320970712,-0.0013794860707045,relative_strength_20d,0.0,0.0,0.0,False,mktmind-qtm/data/marketmind_qml_dataset.csv,SPY
split_00_2018-12,42,2018-12-21,XLE,naive_momentum,-0.055173313208,,11,8,0.0220996476881398,0.0383049320970712,-0.0162052844089313,relative_strength_20d,0.0,0.0,0.0,False,mktmind-qtm/data/marketmind_qml_dataset.csv,SPY
split_00_2018-12,42,2018-12-21,XLF,naive_momentum,-0.038600144119,,10,4,0.0451950810675068,0.0383049320970712,0.0068901489704356,relative_strength_20d,0.0,0.0,0.0,False,mktmind-qtm/data/marketmind_qml_dataset.csv,SPY
split_00_2018-12,42,2018-12-21,XLI,naive_momentum,-0.017092583313,,9,7,0.0346987558303935,0.0383049320970712,-0.0036061762666776,relative_strength_20d,0.0,0.0,0.0,False,mktmind-qtm/data/marketmind_qml_dataset.csv,SPY
split_00_2018-12,42,2018-12-21,XLK,naive_momentum,0.005852927326,1.0,5,2,0.0469592896701787,0.0383049320970712,0.0086543575731075,relative_strength_20d,0.0,0.0,0.0,False,mktmind-qtm/data/marketmind_qml_dataset.csv,SPY
split_00_2018-12,42,2018-12-21,XLP,naive_momentum,0.013920361698,0.0,4,9,0.0119568633041897,0.0383049320970712,-0.0263480687928814,relative_strength_20d,0.0,0.0,0.0,False,mktmind-qtm/data/marketmind_qml_dataset.csv,SPY
split_00_2018-12,42,2018-12-21,XLRE,naive_momentum,0.032771414402,0.0,2,10,0.0016155281232022,0.0383049320970712,-0.0366894039738689,relative_strength_20d,0.0,0.0,0.0,False,mktmind-qtm/data/marketmind_qml_dataset.csv,SPY
split_00_2018-12,42,2018-12-21,XLU,naive_momentum,0.089921371531,0.0,1,11,-0.0165394346670039,0.0383049320970712,-0.0548443667640751,relative_strength_20d,0.0,0.0,0.0,False,mktmind-qtm/data/marketmind_qml_dataset.csv,SPY
split_00_2018-12,42,2018-12-21,XLV,naive_momentum,0.01435141979,1.0,3,3,0.0463230922781199,0.0383049320970712,0.0080181601810487,relative_strength_20d,0.0,0.0,0.0,False,mktmind-qtm/data/marketmind_qml_dataset.csv,SPY
split_00_2018-12,42,2018-12-21,XLY,naive_momentum,0.004958984158,1.0,7,1,0.0559937285186671,0.0383049320970712,0.0176887964215959,relative_strength_20d,0.0,0.0,0.0,False,mktmind-qtm/data/marketmind_qml_dataset.csv,SPY
split_00_2018-12,42,2018-12-31,XLB,naive_momentum,0.016005743696,,3,5,0.0292955242570231,0.0274087172559669,0.0018868070010562,relative_strength_20d,0.0,0.0,0.0,False,mktmind-qtm/data/marketmind_qml_dataset.csv,SPY
split_00_2018-12,42,2018-12-31,XLC,naive_momentum,0.001176902295,1.0,7,1,0.0687984316605165,0.0274087172559669,0.0413897144045496,relative_strength_20d,0.0,0.0,0.0,False,mktmind-qtm/data/marketmind_qml_dataset.csv,SPY
split_00_2018-12,42,2018-12-31,XLE,naive_momentum,-0.043488447438,1.0,11,2,0.0676548877490232,0.0274087172559669,0.0402461704930563,relative_strength_20d,0.0,0.0,0.0,False,mktmind-qtm/data/marketmind_qml_dataset.csv,SPY
split_00_2018-12,42,2018-12-31,XLF,naive_momentum,-0.024162386096,,10,6,0.0205710068723767,0.0274087172559669,-0.0068377103835901,relative_strength_20d,0.0,0.0,0.0,False,mktmind-qtm/data/marketmind_qml_dataset.csv,SPY
split_00_2018-12,42,2018-12-31,XLI,naive_momentum,-0.015395394097,,9,4,0.0336906861041008,0.0274087172559669,0.0062819688481339,relative_strength_20d,0.0,0.0,0.0,False,mktmind-qtm/data/marketmind_qml_dataset.csv,SPY
split_00_2018-12,42,2018-12-31,XLK,naive_momentum,0.007437952279,0.0,5,9,0.009519232134602,0.0274087172559669,-0.0178894851213649,relative_strength_20d,0.0,0.0,0.0,False,mktmind-qtm/data/marketmind_qml_dataset.csv,SPY
split_00_2018-12,42,2018-12-31,XLP,naive_momentum,-0.000789503372,,8,8,0.0173298961800727,0.0274087172559669,-0.0100788210758941,relative_strength_20d,0.0,0.0,0.0,False,mktmind-qtm/data/marketmind_qml_dataset.csv,SPY
split_00_2018-12,42,2018-12-31,XLRE,naive_momentum,0.017889345561,,2,7,0.0174194993644047,0.0274087172559669,-0.0099892178915621,relative_strength_20d,0.0,0.0,0.0,False,mktmind-qtm/data/marketmind_qml_dataset.csv,SPY
split_00_2018-12,42,2018-12-31,XLU,naive_momentum,0.056741316418,0.0,1,11,0.00264528978489,0.0274087172559669,-0.0247634274710768,relative_strength_20d,0.0,0.0,0.0,False,mktmind-qtm/data/marketmind_qml_dataset.csv,SPY
split_00_2018-12,42,2018-12-31,XLV,naive_momentum,0.007379851286,0.0,6,10,0.0052016785919632,0.0274087172559669,-0.0222070386640036,relative_strength_20d,0.0,0.0,0.0,False,mktmind-qtm/data/marketmind_qml_dataset.csv,SPY
split_00_2018-12,42,2018-12-31,XLY,naive_momentum,0.009624015755,1.0,4,3,0.0529240874900942,0.0274087172559669,0.0255153702341273,relative_strength_20d,0.0,0.0,0.0,False,mktmind-qtm/data/marketmind_qml_dataset.csv,SPY
split_00_2018-12,42,2018-12-07,XLB,logistic_regression,0.209428896662,,6,6,-0.0113657635562893,-0.0117616070190346,0.0003958434627452,"ret_1d,ret_20d,vol_20d,month_cos",0.0028959999908693135,8.929197792895138e-05,5.0,False,mktmind-qtm/data/marketmind_qml_dataset.csv,SPY
split_00_2018-12,42,2018-12-07,XLC,logistic_regression,0.153422497967,1.0,7,2,0.0048390623680889,-0.0117616070190346,0.0166006693871235,"ret_1d,ret_20d,vol_20d,month_cos",0.0028959999908693135,8.929197792895138e-05,5.0,False,mktmind-qtm/data/marketmind_qml_dataset.csv,SPY
split_00_2018-12,42,2018-12-07,XLE,logistic_regression,-0.051861925287,0.0,10,10,-0.0309036250716863,-0.0117616070190346,-0.0191420180526517,"ret_1d,ret_20d,vol_20d,month_cos",0.0028959999908693135,8.929197792895138e-05,5.0,False,mktmind-qtm/data/marketmind_qml_dataset.csv,SPY
split_00_2018-12,42,2018-12-07,XLF,logistic_regression,0.139390064645,0.0,8,11,-0.0346477056441223,-0.0117616070190346,-0.0228860986250877,"ret_1d,ret_20d,vol_20d,month_cos",0.0028959999908693135,8.929197792895138e-05,5.0,False,mktmind-qtm/data/marketmind_qml_dataset.csv,SPY
split_00_2018-12,42,2018-12-07,XLI,logistic_regression,0.279696414286,,4,7,-0.014405144849957,-0.0117616070190346,-0.0026435378309224,"ret_1d,ret_20d,vol_20d,month_cos",0.0028959999908693135,8.929197792895138e-05,5.0,False,mktmind-qtm/data/marketmind_qml_dataset.csv,SPY
split_00_2018-12,42,2018-12-07,XLK,logistic_regression,0.487157597101,1.0,1,3,-0.0004643380462061,-0.0117616070190346,0.0112972689728284,"ret_1d,ret_20d,vol_20d,month_cos",0.0028959999908693135,8.929197792895138e-05,5.0,False,mktmind-qtm/data/marketmind_qml_dataset.csv,SPY
split_00_2018-12,42,2018-12-07,XLP,logistic_regression,0.021410958923,,9,4,-0.0040207276072319,-0.0117616070190346,0.0077408794118026,"ret_1d,ret_20d,vol_20d,month_cos",0.0028959999908693135,8.929197792895138e-05,5.0,False,mktmind-qtm/data/marketmind_qml_dataset.csv,SPY
split_00_2018-12,42,2018-12-07,XLRE,logistic_regression,0.272975895019,,5,8,-0.0159008493547361,-0.0117616070190346,-0.0041392423357015,"ret_1d,ret_20d,vol_20d,month_cos",0.0028959999908693135,8.929197792895138e-05,5.0,False,mktmind-qtm/data/marketmind_qml_dataset.csv,SPY
split_00_2018-12,42,2018-12-07,XLU,logistic_regression,-0.070981667616,1.0,11,1,0.0063763274341193,-0.0117616070190346,0.0181379344531539,"ret_1d,ret_20d,vol_20d,month_cos",0.0028959999908693135,8.929197792895138e-05,5.0,False,mktmind-qtm/data/marketmind_qml_dataset.csv,SPY
split_00_2018-12,42,2018-12-07,XLV,logistic_regression,0.338371536521,0.0,3,9,-0.0176678502771245,-0.0117616070190346,-0.0059062432580899,"ret_1d,ret_20d,vol_20d,month_cos",0.0028959999908693135,8.929197792895138e-05,5.0,False,mktmind-qtm/data/marketmind_qml_dataset.csv,SPY
split_00_2018-12,42,2018-12-07,XLY,logistic_regression,0.366899645023,,2,5,-0.010061201383733,-0.0117616070190346,0.0017004056353016,"ret_1d,ret_20d,vol_20d,month_cos",0.0028959999908693135,8.929197792895138e-05,5.0,False,mktmind-qtm/data/marketmind_qml_dataset.csv,SPY
split_00_2018-12,42,2018-12-14,XLB,logistic_regression,0.017078667154,1.0,9,2,-0.0468408011285863,-0.0705048663770638,0.0236640652484775,"ret_1d,ret_20d,vol_20d,month_cos",0.0028959999908693135,8.929197792895138e-05,5.0,False,mktmind-qtm/data/marketmind_qml_dataset.csv,SPY
split_00_2018-12,42,2018-12-14,XLC,logistic_regression,0.127815082639,0.0,5,10,-0.0841638163282875,-0.0705048663770638,-0.0136589499512236,"ret_1d,ret_20d,vol_20d,month_cos",0.0028959999908693135,8.929197792895138e-05,5.0,False,mktmind-qtm/data/marketmind_qml_dataset.csv,SPY
split_00_2018-12,42,2018-12-14,XLE,logistic_regression,0.313754652569,0.0,3,11,-0.0878587606906938,-0.0705048663770638,-0.0173538943136299,"ret_1d,ret_20d,vol_20d,month_cos",0.0028959999908693135,8.929197792895138e-05,5.0,False,mktmind-qtm/data/marketmind_qml_dataset.csv,SPY
split_00_2018-12,42,2018-12-14,XLF,logistic_regression,-0.020702047044,1.0,11,3,-0.053956169169497,-0.0705048663770638,0.0165486972075667,"ret_1d,ret_20d,vol_20d,month_cos",0.0028959999908693135,8.929197792895138e-05,5.0,False,mktmind-qtm/data/marketmind_qml_dataset.csv,SPY
split_00_2018-12,42,2018-12-14,XLI,logistic_regression,0.117127630024,,7,5,-0.0658525725370194,-0.0705048663770638,0.0046522938400443,"ret_1d,ret_20d,vol_20d,month_cos",0.0028959999908693135,8.929197792895138e-05,5.0,False,mktmind-qtm/data/marketmind_qml_dataset.csv,SPY
split_00_2018-12,42,2018-12-14,XLK,logistic_regression,0.476166817895,,2,8,-0.0791861347752203,-0.0705048663770638,-0.0086812683981564,"ret_1d,ret_20d,vol_20d,month_cos",0.0028959999908693135,8.929197792895138e-05,5.0,False,mktmind-qtm/data/marketmind_qml_dataset.csv,SPY
split_00_2018-12,42,2018-12-14,XLP,logistic_regression,0.120337099577,,6,7,-0.0708406527730807,-0.0705048663770638,-0.0003357863960168,"ret_1d,ret_20d,vol_20d,month_cos",0.0028959999908693135,8.929197792895138e-05,5.0,False,mktmind-qtm/data/marketmind_qml_dataset.csv,SPY
split_00_2018-12,42,2018-12-14,XLRE,logistic_regression,0.015216604097,,10,4,-0.063035620693857,-0.0705048663770638,0.0074692456832068,"ret_1d,ret_20d,vol_20d,month_cos",0.0028959999908693135,8.929197792895138e-05,5.0,False,mktmind-qtm/data/marketmind_qml_dataset.csv,SPY
split_00_2018-12,42,2018-12-14,XLU,logistic_regression,0.056324571112,1.0,8,1,-0.044930732123724,-0.0705048663770638,0.0255741342533398,"ret_1d,ret_20d,vol_20d,month_cos",0.0028959999908693135,8.929197792895138e-05,5.0,False,mktmind-qtm/data/marketmind_qml_dataset.csv,SPY
split_00_2018-12,42,2018-12-14,XLV,logistic_regression,0.541384497214,,1,6,-0.0663747918958822,-0.0705048663770638,0.0041300744811816,"ret_1d,ret_20d,vol_20d,month_cos",0.0028959999908693135,8.929197792895138e-05,5.0,False,mktmind-qtm/data/marketmind_qml_dataset.csv,SPY
split_00_2018-12,42,2018-12-14,XLY,logistic_regression,0.237362924191,0.0,4,9,-0.0801573977578373,-0.0705048663770638,-0.0096525313807734,"ret_1d,ret_20d,vol_20d,month_cos",0.0028959999908693135,8.929197792895138e-05,5.0,False,mktmind-qtm/data/marketmind_qml_dataset.csv,SPY
split_00_2018-12,42,2018-12-21,XLB,logistic_regression,-0.103575137683,,10,5,0.0395058905700624,0.0383049320970712,0.0012009584729912,"ret_1d,ret_20d,vol_20d,month_cos",0.0028959999908693135,8.929197792895138e-05,5.0,False,mktmind-qtm/data/marketmind_qml_dataset.csv,SPY
split_00_2018-12,42,2018-12-21,XLC,logistic_regression,0.359529950806,,2,6,0.0369254460263666,0.0383049320970712,-0.0013794860707045,"ret_1d,ret_20d,vol_20d,month_cos",0.0028959999908693135,8.929197792895138e-05,5.0,False,mktmind-qtm/data/marketmind_qml_dataset.csv,SPY
split_00_2018-12,42,2018-12-21,XLE,logistic_regression,-0.17777058458,,11,8,0.0220996476881398,0.0383049320970712,-0.0162052844089313,"ret_1d,ret_20d,vol_20d,month_cos",0.0028959999908693135,8.929197792895138e-05,5.0,False,mktmind-qtm/data/marketmind_qml_dataset.csv,SPY
split_00_2018-12,42,2018-12-21,XLF,logistic_regression,-0.000200046438,,8,4,0.0451950810675068,0.0383049320970712,0.0068901489704356,"ret_1d,ret_20d,vol_20d,month_cos",0.0028959999908693135,8.929197792895138e-05,5.0,False,mktmind-qtm/data/marketmind_qml_dataset.csv,SPY
split_00_2018-12,42,2018-12-21,XLI,logistic_regression,0.065318218925,,5,7,0.0346987558303935,0.0383049320970712,-0.0036061762666776,"ret_1d,ret_20d,vol_20d,month_cos",0.0028959999908693135,8.929197792895138e-05,5.0,False,mktmind-qtm/data/marketmind_qml_dataset.csv,SPY
split_00_2018-12,42,2018-12-21,XLK,logistic_regression,0.412522907921,1.0,1,2,0.0469592896701787,0.0383049320970712,0.0086543575731075,"ret_1d,ret_20d,vol_20d,month_cos",0.0028959999908693135,8.929197792895138e-05,5.0,False,mktmind-qtm/data/marketmind_qml_dataset.csv,SPY
split_00_2018-12,42,2018-12-21,XLP,logistic_regression,-0.081610538433,0.0,9,9,0.0119568633041897,0.0383049320970712,-0.0263480687928814,"ret_1d,ret_20d,vol_20d,month_cos",0.0028959999908693135,8.929197792895138e-05,5.0,False,mktmind-qtm/data/marketmind_qml_dataset.csv,SPY
split_00_2018-12,42,2018-12-21,XLRE,logistic_regression,0.121413179023,0.0,4,10,0.0016155281232022,0.0383049320970712,-0.0366894039738689,"ret_1d,ret_20d,vol_20d,month_cos",0.0028959999908693135,8.929197792895138e-05,5.0,False,mktmind-qtm/data/marketmind_qml_dataset.csv,SPY
split_00_2018-12,42,2018-12-21,XLU,logistic_regression,0.021209487,0.0,7,11,-0.0165394346670039,0.0383049320970712,-0.0548443667640751,"ret_1d,ret_20d,vol_20d,month_cos",0.0028959999908693135,8.929197792895138e-05,5.0,False,mktmind-qtm/data/marketmind_qml_dataset.csv,SPY
split_00_2018-12,42,2018-12-21,XLV,logistic_regression,0.04850218748,1.0,6,3,0.0463230922781199,0.0383049320970712,0.0080181601810487,"ret_1d,ret_20d,vol_20d,month_cos",0.0028959999908693135,8.929197792895138e-05,5.0,False,mktmind-qtm/data/marketmind_qml_dataset.csv,SPY
split_00_2018-12,42,2018-12-21,XLY,logistic_regression,0.243357941999,1.0,3,1,0.0559937285186671,0.0383049320970712,0.0176887964215959,"ret_1d,ret_20d,vol_20d,month_cos",0.0028959999908693135,8.929197792895138e-05,5.0,False,mktmind-qtm/data/marketmind_qml_dataset.csv,SPY
split_00_2018-12,42,2018-12-31,XLB,logistic_regression,-0.220275225386,,6,5,0.0292955242570231,0.0274087172559669,0.0018868070010562,"ret_1d,ret_20d,vol_20d,month_cos",0.0028959999908693135,8.929197792895138e-05,5.0,False,mktmind-qtm/data/marketmind_qml_dataset.csv,SPY
split_00_2018-12,42,2018-12-31,XLC,logistic_regression,-0.116375954373,1.0,3,1,0.0687984316605165,0.0274087172559669,0.0413897144045496,"ret_1d,ret_20d,vol_20d,month_cos",0.0028959999908693135,8.929197792895138e-05,5.0,False,mktmind-qtm/data/marketmind_qml_dataset.csv,SPY
split_00_2018-12,42,2018-12-31,XLE,logistic_regression,-0.256078320008,1.0,7,2,0.0676548877490232,0.0274087172559669,0.0402461704930563,"ret_1d,ret_20d,vol_20d,month_cos",0.0028959999908693135,8.929197792895138e-05,5.0,False,mktmind-qtm/data/marketmind_qml_dataset.csv,SPY
split_00_2018-12,42,2018-12-31,XLF,logistic_regression,-0.357727421695,,11,6,0.0205710068723767,0.0274087172559669,-0.0068377103835901,"ret_1d,ret_20d,vol_20d,month_cos",0.0028959999908693135,8.929197792895138e-05,5.0,False,mktmind-qtm/data/marketmind_qml_dataset.csv,SPY
split_00_2018-12,42,2018-12-31,XLI,logistic_regression,-0.299305546336,,9,4,0.0336906861041008,0.0274087172559669,0.0062819688481339,"ret_1d,ret_20d,vol_20d,month_cos",0.0028959999908693135,8.929197792895138e-05,5.0,False,mktmind-qtm/data/marketmind_qml_dataset.csv,SPY
split_00_2018-12,42,2018-12-31,XLK,logistic_regression,-0.14822141085,0.0,4,9,0.009519232134602,0.0274087172559669,-0.0178894851213649,"ret_1d,ret_20d,vol_20d,month_cos",0.0028959999908693135,8.929197792895138e-05,5.0,False,mktmind-qtm/data/marketmind_qml_dataset.csv,SPY
split_00_2018-12,42,2018-12-31,XLP,logistic_regression,-0.281367435758,,8,8,0.0173298961800727,0.0274087172559669,-0.0100788210758941,"ret_1d,ret_20d,vol_20d,month_cos",0.0028959999908693135,8.929197792895138e-05,5.0,False,mktmind-qtm/data/marketmind_qml_dataset.csv,SPY
split_00_2018-12,42,2018-12-31,XLRE,logistic_regression,-0.113739792121,,2,7,0.0174194993644047,0.0274087172559669,-0.0099892178915621,"ret_1d,ret_20d,vol_20d,month_cos",0.0028959999908693135,8.929197792895138e-05,5.0,False,mktmind-qtm/data/marketmind_qml_dataset.csv,SPY
split_00_2018-12,42,2018-12-31,XLU,logistic_regression,-0.074070591764,0.0,1,11,0.00264528978489,0.0274087172559669,-0.0247634274710768,"ret_1d,ret_20d,vol_20d,month_cos",0.0028959999908693135,8.929197792895138e-05,5.0,False,mktmind-qtm/data/marketmind_qml_dataset.csv,SPY
split_00_2018-12,42,2018-12-31,XLV,logistic_regression,-0.334558043551,0.0,10,10,0.0052016785919632,0.0274087172559669,-0.0222070386640036,"ret_1d,ret_20d,vol_20d,month_cos",0.0028959999908693135,8.929197792895138e-05,5.0,False,mktmind-qtm/data/marketmind_qml_dataset.csv,SPY
split_00_2018-12,42,2018-12-31,XLY,logistic_regression,-0.198368377847,1.0,5,3,0.0529240874900942,0.0274087172559669,0.0255153702341273,"ret_1d,ret_20d,vol_20d,month_cos",0.0028959999908693135,8.929197792895138e-05,5.0,False,mktmind-qtm/data/marketmind_qml_dataset.csv,SPY
split_00_2018-12,42,2018-12-07,XLB,ridge_linear,0.103827327213,,6,6,-0.0113657635562893,-0.0117616070190346,0.0003958434627452,"ret_1d,ret_20d,vol_20d,month_cos",0.0013637079973705113,8.433300536125898e-05,5.0,False,mktmind-qtm/data/marketmind_qml_dataset.csv,SPY
split_00_2018-12,42,2018-12-07,XLC,ridge_linear,0.075956601639,1.0,7,2,0.0048390623680889,-0.0117616070190346,0.0166006693871235,"ret_1d,ret_20d,vol_20d,month_cos",0.0013637079973705113,8.433300536125898e-05,5.0,False,mktmind-qtm/data/marketmind_qml_dataset.csv,SPY
split_00_2018-12,42,2018-12-07,XLE,ridge_linear,-0.027163861846,0.0,10,10,-0.0309036250716863,-0.0117616070190346,-0.0191420180526517,"ret_1d,ret_20d,vol_20d,month_cos",0.0013637079973705113,8.433300536125898e-05,5.0,False,mktmind-qtm/data/marketmind_qml_dataset.csv,SPY
split_00_2018-12,42,2018-12-07,XLF,ridge_linear,0.068747698042,0.0,8,11,-0.0346477056441223,-0.0117616070190346,-0.0228860986250877,"ret_1d,ret_20d,vol_20d,month_cos",0.0013637079973705113,8.433300536125898e-05,5.0,False,mktmind-qtm/data/marketmind_qml_dataset.csv,SPY
split_00_2018-12,42,2018-12-07,XLI,ridge_linear,0.139699581153,,4,7,-0.014405144849957,-0.0117616070190346,-0.0026435378309224,"ret_1d,ret_20d,vol_20d,month_cos",0.0013637079973705113,8.433300536125898e-05,5.0,False,mktmind-qtm/data/marketmind_qml_dataset.csv,SPY
split_00_2018-12,42,2018-12-07,XLK,ridge_linear,0.245398499499,1.0,1,3,-0.0004643380462061,-0.0117616070190346,0.0112972689728284,"ret_1d,ret_20d,vol_20d,month_cos",0.0013637079973705113,8.433300536125898e-05,5.0,False,mktmind-qtm/data/marketmind_qml_dataset.csv,SPY
split_00_2018-12,42,2018-12-07,XLP,ridge_linear,0.0085143947,,9,4,-0.0040207276072319,-0.0117616070190346,0.0077408794118026,"ret_1d,ret_20d,vol_20d,month_cos",0.0013637079973705113,8.433300536125898e-05,5.0,False,mktmind-qtm/data/marketmind_qml_dataset.csv,SPY
split_00_2018-12,42,2018-12-07,XLRE,ridge_linear,0.137580497614,,5,8,-0.0159008493547361,-0.0117616070190346,-0.0041392423357015,"ret_1d,ret_20d,vol_20d,month_cos",0.0013637079973705113,8.433300536125898e-05,5.0,False,mktmind-qtm/data/marketmind_qml_dataset.csv,SPY
split_00_2018-12,42,2018-12-07,XLU,ridge_linear,-0.036330914729,1.0,11,1,0.0063763274341193,-0.0117616070190346,0.0181379344531539,"ret_1d,ret_20d,vol_20d,month_cos",0.0013637079973705113,8.433300536125898e-05,5.0,False,mktmind-qtm/data/marketmind_qml_dataset.csv,SPY
split_00_2018-12,42,2018-12-07,XLV,ridge_linear,0.169764790173,0.0,3,9,-0.0176678502771245,-0.0117616070190346,-0.0059062432580899,"ret_1d,ret_20d,vol_20d,month_cos",0.0013637079973705113,8.433300536125898e-05,5.0,False,mktmind-qtm/data/marketmind_qml_dataset.csv,SPY
split_00_2018-12,42,2018-12-07,XLY,ridge_linear,0.184078401703,,2,5,-0.010061201383733,-0.0117616070190346,0.0017004056353016,"ret_1d,ret_20d,vol_20d,month_cos",0.0013637079973705113,8.433300536125898e-05,5.0,False,mktmind-qtm/data/marketmind_qml_dataset.csv,SPY
split_00_2018-12,42,2018-12-14,XLB,ridge_linear,0.007608700503,1.0,9,2,-0.0468408011285863,-0.0705048663770638,0.0236640652484775,"ret_1d,ret_20d,vol_20d,month_cos",0.0013637079973705113,8.433300536125898e-05,5.0,False,mktmind-qtm/data/marketmind_qml_dataset.csv,SPY
split_00_2018-12,42,2018-12-14,XLC,ridge_linear,0.064245421503,0.0,5,10,-0.0841638163282875,-0.0705048663770638,-0.0136589499512236,"ret_1d,ret_20d,vol_20d,month_cos",0.0013637079973705113,8.433300536125898e-05,5.0,False,mktmind-qtm/data/marketmind_qml_dataset.csv,SPY
split_00_2018-12,42,2018-12-14,XLE,ridge_linear,0.15790298449,0.0,3,11,-0.0878587606906938,-0.0705048663770638,-0.0173538943136299,"ret_1d,ret_20d,vol_20d,month_cos",0.0013637079973705113,8.433300536125898e-05,5.0,False,mktmind-qtm/data/marketmind_qml_dataset.csv,SPY
split_00_2018-12,42,2018-12-14,XLF,ridge_linear,-0.012054209992,1.0,11,3,-0.053956169169497,-0.0705048663770638,0.0165486972075667,"ret_1d,ret_20d,vol_20d,month_cos",0.0013637079973705113,8.433300536125898e-05,5.0,False,mktmind-qtm/data/marketmind_qml_dataset.csv,SPY
split_00_2018-12,42,2018-12-14,XLI,ridge_linear,0.05814808106,,7,5,-0.0658525725370194,-0.0705048663770638,0.0046522938400443,"ret_1d,ret_20d,vol_20d,month_cos",0.0013637079973705113,8.433300536125898e-05,5.0,False,mktmind-qtm/data/marketmind_qml_dataset.csv,SPY
split_00_2018-12,42,2018-12-14,XLK,ridge_linear,0.241438039873,,2,8,-0.0791861347752203,-0.0705048663770638,-0.0086812683981564,"ret_1d,ret_20d,vol_20d,month_cos",0.0013637079973705113,8.433300536125898e-05,5.0,False,mktmind-qtm/data/marketmind_qml_dataset.csv,SPY
split_00_2018-12,42,2018-12-14,XLP,ridge_linear,0.058735539776,,6,7,-0.0708406527730807,-0.0705048663770638,-0.0003357863960168,"ret_1d,ret_20d,vol_20d,month_cos",0.0013637079973705113,8.433300536125898e-05,5.0,False,mktmind-qtm/data/marketmind_qml_dataset.csv,SPY
split_00_2018-12,42,2018-12-14,XLRE,ridge_linear,0.007353471393,,10,4,-0.063035620693857,-0.0705048663770638,0.0074692456832068,"ret_1d,ret_20d,vol_20d,month_cos",0.0013637079973705113,8.433300536125898e-05,5.0,False,mktmind-qtm/data/marketmind_qml_dataset.csv,SPY
split_00_2018-12,42,2018-12-14,XLU,ridge_linear,0.02816817135,1.0,8,1,-0.044930732123724,-0.0705048663770638,0.0255741342533398,"ret_1d,ret_20d,vol_20d,month_cos",0.0013637079973705113,8.433300536125898e-05,5.0,False,mktmind-qtm/data/marketmind_qml_dataset.csv,SPY
split_00_2018-12,42,2018-12-14,XLV,ridge_linear,0.272927417935,,1,6,-0.0663747918958822,-0.0705048663770638,0.0041300744811816,"ret_1d,ret_20d,vol_20d,month_cos",0.0013637079973705113,8.433300536125898e-05,5.0,False,mktmind-qtm/data/marketmind_qml_dataset.csv,SPY
split_00_2018-12,42,2018-12-14,XLY,ridge_linear,0.119645067107,0.0,4,9,-0.0801573977578373,-0.0705048663770638,-0.0096525313807734,"ret_1d,ret_20d,vol_20d,month_cos",0.0013637079973705113,8.433300536125898e-05,5.0,False,mktmind-qtm/data/marketmind_qml_dataset.csv,SPY
split_00_2018-12,42,2018-12-21,XLB,ridge_linear,-0.054669760528,,10,5,0.0395058905700624,0.0383049320970712,0.0012009584729912,"ret_1d,ret_20d,vol_20d,month_cos",0.0013637079973705113,8.433300536125898e-05,5.0,False,mktmind-qtm/data/marketmind_qml_dataset.csv,SPY
split_00_2018-12,42,2018-12-21,XLC,ridge_linear,0.179719240921,,2,6,0.0369254460263666,0.0383049320970712,-0.0013794860707045,"ret_1d,ret_20d,vol_20d,month_cos",0.0013637079973705113,8.433300536125898e-05,5.0,False,mktmind-qtm/data/marketmind_qml_dataset.csv,SPY
split_00_2018-12,42,2018-12-21,XLE,ridge_linear,-0.092680962056,,11,8,0.0220996476881398,0.0383049320970712,-0.0162052844089313,"ret_1d,ret_20d,vol_20d,month_cos",0.0013637079973705113,8.433300536125898e-05,5.0,False,mktmind-qtm/data/marketmind_qml_dataset.csv,SPY
split_00_2018-12,42,2018-12-21,XLF,ridge_linear,-0.003230388908,,8,4,0.0451950810675068,0.0383049320970712,0.0068901489704356,"ret_1d,ret_20d,vol_20d,month_cos",0.0013637079973705113,8.433300536125898e-05,5.0,False,mktmind-qtm/data/marketmind_qml_dataset.csv,SPY
split_00_2018-12,42,2018-12-21,XLI,ridge_linear,0.030712957372,,5,7,0.0346987558303935,0.0383049320970712,-0.0036061762666776,"ret_1d,ret_20d,vol_20d,month_cos",0.0013637079973705113,8.433300536125898e-05,5.0,False,mktmind-qtm/data/marketmind_qml_dataset.csv,SPY
split_00_2018-12,42,2018-12-21,XLK,ridge_linear,0.207705053402,1.0,1,2,0.0469592896701787,0.0383049320970712,0.0086543575731075,"ret_1d,ret_20d,vol_20d,month_cos",0.0013637079973705113,8.433300536125898e-05,5.0,False,mktmind-qtm/data/marketmind_qml_dataset.csv,SPY
split_00_2018-12,42,2018-12-21,XLP,ridge_linear,-0.043844346094,0.0,9,9,0.0119568633041897,0.0383049320970712,-0.0263480687928814,"ret_1d,ret_20d,vol_20d,month_cos",0.0013637079973705113,8.433300536125898e-05,5.0,False,mktmind-qtm/data/marketmind_qml_dataset.csv,SPY
split_00_2018-12,42,2018-12-21,XLRE,ridge_linear,0.059995139955,0.0,4,10,0.0016155281232022,0.0383049320970712,-0.0366894039738689,"ret_1d,ret_20d,vol_20d,month_cos",0.0013637079973705113,8.433300536125898e-05,5.0,False,mktmind-qtm/data/marketmind_qml_dataset.csv,SPY
split_00_2018-12,42,2018-12-21,XLU,ridge_linear,0.00990980307,0.0,7,11,-0.0165394346670039,0.0383049320970712,-0.0548443667640751,"ret_1d,ret_20d,vol_20d,month_cos",0.0013637079973705113,8.433300536125898e-05,5.0,False,mktmind-qtm/data/marketmind_qml_dataset.csv,SPY
split_00_2018-12,42,2018-12-21,XLV,ridge_linear,0.023099345436,1.0,6,3,0.0463230922781199,0.0383049320970712,0.0080181601810487,"ret_1d,ret_20d,vol_20d,month_cos",0.0013637079973705113,8.433300536125898e-05,5.0,False,mktmind-qtm/data/marketmind_qml_dataset.csv,SPY
split_00_2018-12,42,2018-12-21,XLY,ridge_linear,0.121831868776,1.0,3,1,0.0559937285186671,0.0383049320970712,0.0176887964215959,"ret_1d,ret_20d,vol_20d,month_cos",0.0013637079973705113,8.433300536125898e-05,5.0,False,mktmind-qtm/data/marketmind_qml_dataset.csv,SPY
split_00_2018-12,42,2018-12-31,XLB,ridge_linear,-0.111469050692,,6,5,0.0292955242570231,0.0274087172559669,0.0018868070010562,"ret_1d,ret_20d,vol_20d,month_cos",0.0013637079973705113,8.433300536125898e-05,5.0,False,mktmind-qtm/data/marketmind_qml_dataset.csv,SPY
split_00_2018-12,42,2018-12-31,XLC,ridge_linear,-0.059041317534,1.0,3,1,0.0687984316605165,0.0274087172559669,0.0413897144045496,"ret_1d,ret_20d,vol_20d,month_cos",0.0013637079973705113,8.433300536125898e-05,5.0,False,mktmind-qtm/data/marketmind_qml_dataset.csv,SPY
split_00_2018-12,42,2018-12-31,XLE,ridge_linear,-0.130016426547,1.0,7,2,0.0676548877490232,0.0274087172559669,0.0402461704930563,"ret_1d,ret_20d,vol_20d,month_cos",0.0013637079973705113,8.433300536125898e-05,5.0,False,mktmind-qtm/data/marketmind_qml_dataset.csv,SPY
split_00_2018-12,42,2018-12-31,XLF,ridge_linear,-0.181891023116,,11,6,0.0205710068723767,0.0274087172559669,-0.0068377103835901,"ret_1d,ret_20d,vol_20d,month_cos",0.0013637079973705113,8.433300536125898e-05,5.0,False,mktmind-qtm/data/marketmind_qml_dataset.csv,SPY
split_00_2018-12,42,2018-12-31,XLI,ridge_linear,-0.151660108156,,9,4,0.0336906861041008,0.0274087172559669,0.0062819688481339,"ret_1d,ret_20d,vol_20d,month_cos",0.0013637079973705113,8.433300536125898e-05,5.0,False,mktmind-qtm/data/marketmind_qml_dataset.csv,SPY
split_00_2018-12,42,2018-12-31,XLK,ridge_linear,-0.073786945017,0.0,4,9,0.009519232134602,0.0274087172559669,-0.0178894851213649,"ret_1d,ret_20d,vol_20d,month_cos",0.0013637079973705113,8.433300536125898e-05,5.0,False,mktmind-qtm/data/marketmind_qml_dataset.csv,SPY
split_00_2018-12,42,2018-12-31,XLP,ridge_linear,-0.143890348431,,8,8,0.0173298961800727,0.0274087172559669,-0.0100788210758941,"ret_1d,ret_20d,vol_20d,month_cos",0.0013637079973705113,8.433300536125898e-05,5.0,False,mktmind-qtm/data/marketmind_qml_dataset.csv,SPY
split_00_2018-12,42,2018-12-31,XLRE,ridge_linear,-0.057766884868,,2,7,0.0174194993644047,0.0274087172559669,-0.0099892178915621,"ret_1d,ret_20d,vol_20d,month_cos",0.0013637079973705113,8.433300536125898e-05,5.0,False,mktmind-qtm/data/marketmind_qml_dataset.csv,SPY
split_00_2018-12,42,2018-12-31,XLU,ridge_linear,-0.037736334568,0.0,1,11,0.00264528978489,0.0274087172559669,-0.0247634274710768,"ret_1d,ret_20d,vol_20d,month_cos",0.0013637079973705113,8.433300536125898e-05,5.0,False,mktmind-qtm/data/marketmind_qml_dataset.csv,SPY
split_00_2018-12,42,2018-12-31,XLV,ridge_linear,-0.169114807034,0.0,10,10,0.0052016785919632,0.0274087172559669,-0.0222070386640036,"ret_1d,ret_20d,vol_20d,month_cos",0.0013637079973705113,8.433300536125898e-05,5.0,False,mktmind-qtm/data/marketmind_qml_dataset.csv,SPY
split_00_2018-12,42,2018-12-31,XLY,ridge_linear,-0.099505541172,1.0,5,3,0.0529240874900942,0.0274087172559669,0.0255153702341273,"ret_1d,ret_20d,vol_20d,month_cos",0.0013637079973705113,8.433300536125898e-05,5.0,False,mktmind-qtm/data/marketmind_qml_dataset.csv,SPY
split_00_2018-12,42,2018-12-07,XLB,random_forest,0.661523430527,,3,6,-0.0113657635562893,-0.0117616070190346,0.0003958434627452,"ret_1d,ret_20d,vol_20d,month_cos",0.100094249995891,0.0029580839909613132,,False,mktmind-qtm/data/marketmind_qml_dataset.csv,SPY
split_00_2018-12,42,2018-12-07,XLC,random_forest,0.678865533678,1.0,2,2,0.0048390623680889,-0.0117616070190346,0.0166006693871235,"ret_1d,ret_20d,vol_20d,month_cos",0.100094249995891,0.0029580839909613132,,False,mktmind-qtm/data/marketmind_qml_dataset.csv,SPY
split_00_2018-12,42,2018-12-07,XLE,random_forest,0.380515262787,0.0,11,10,-0.0309036250716863,-0.0117616070190346,-0.0191420180526517,"ret_1d,ret_20d,vol_20d,month_cos",0.100094249995891,0.0029580839909613132,,False,mktmind-qtm/data/marketmind_qml_dataset.csv,SPY
split_00_2018-12,42,2018-12-07,XLF,random_forest,0.625991243985,0.0,4,11,-0.0346477056441223,-0.0117616070190346,-0.0228860986250877,"ret_1d,ret_20d,vol_20d,month_cos",0.100094249995891,0.0029580839909613132,,False,mktmind-qtm/data/marketmind_qml_dataset.csv,SPY
split_00_2018-12,42,2018-12-07,XLI,random_forest,0.680206250299,,1,7,-0.014405144849957,-0.0117616070190346,-0.0026435378309224,"ret_1d,ret_20d,vol_20d,month_cos",0.100094249995891,0.0029580839909613132,,False,mktmind-qtm/data/marketmind_qml_dataset.csv,SPY
split_00_2018-12,42,2018-12-07,XLK,random_forest,0.493719017142,1.0,9,3,-0.0004643380462061,-0.0117616070190346,0.0112972689728284,"ret_1d,ret_20d,vol_20d,month_cos",0.100094249995891,0.0029580839909613132,,False,mktmind-qtm/data/marketmind_qml_dataset.csv,SPY
split_00_2018-12,42,2018-12-07,XLP,random_forest,0.551096357298,,7,4,-0.0040207276072319,-0.0117616070190346,0.0077408794118026,"ret_1d,ret_20d,vol_20d,month_cos",0.100094249995891,0.0029580839909613132,,False,mktmind-qtm/data/marketmind_qml_dataset.csv,SPY
split_00_2018-12,42,2018-12-07,XLRE,random_forest,0.588529164235,,5,8,-0.0159008493547361,-0.0117616070190346,-0.0041392423357015,"ret_1d,ret_20d,vol_20d,month_cos",0.100094249995891,0.0029580839909613132,,False,mktmind-qtm/data/marketmind_qml_dataset.csv,SPY
split_00_2018-12,42,2018-12-07,XLU,random_forest,0.49349628161,1.0,10,1,0.0063763274341193,-0.0117616070190346,0.0181379344531539,"ret_1d,ret_20d,vol_20d,month_cos",0.100094249995891,0.0029580839909613132,,False,mktmind-qtm/data/marketmind_qml_dataset.csv,SPY
split_00_2018-12,42,2018-12-07,XLV,random_forest,0.587435068799,0.0,6,9,-0.0176678502771245,-0.0117616070190346,-0.0059062432580899,"ret_1d,ret_20d,vol_20d,month_cos",0.100094249995891,0.0029580839909613132,,False,mktmind-qtm/data/marketmind_qml_dataset.csv,SPY
split_00_2018-12,42,2018-12-07,XLY,random_forest,0.498454694927,,8,5,-0.010061201383733,-0.0117616070190346,0.0017004056353016,"ret_1d,ret_20d,vol_20d,month_cos",0.100094249995891,0.0029580839909613132,,False,mktmind-qtm/data/marketmind_qml_dataset.csv,SPY
split_00_2018-12,42,2018-12-14,XLB,random_forest,0.543175649591,1.0,7,2,-0.0468408011285863,-0.0705048663770638,0.0236640652484775,"ret_1d,ret_20d,vol_20d,month_cos",0.100094249995891,0.0029580839909613132,,False,mktmind-qtm/data/marketmind_qml_dataset.csv,SPY
split_00_2018-12,42,2018-12-14,XLC,random_forest,0.626506962961,0.0,2,10,-0.0841638163282875,-0.0705048663770638,-0.0136589499512236,"ret_1d,ret_20d,vol_20d,month_cos",0.100094249995891,0.0029580839909613132,,False,mktmind-qtm/data/marketmind_qml_dataset.csv,SPY
split_00_2018-12,42,2018-12-14,XLE,random_forest,0.498408249595,0.0,9,11,-0.0878587606906938,-0.0705048663770638,-0.0173538943136299,"ret_1d,ret_20d,vol_20d,month_cos",0.100094249995891,0.0029580839909613132,,False,mktmind-qtm/data/marketmind_qml_dataset.csv,SPY
split_00_2018-12,42,2018-12-14,XLF,random_forest,0.554442803132,1.0,5,3,-0.053956169169497,-0.0705048663770638,0.0165486972075667,"ret_1d,ret_20d,vol_20d,month_cos",0.100094249995891,0.0029580839909613132,,False,mktmind-qtm/data/marketmind_qml_dataset.csv,SPY
split_00_2018-12,42,2018-12-14,XLI,random_forest,0.694421185331,,1,5,-0.0658525725370194,-0.0705048663770638,0.0046522938400443,"ret_1d,ret_20d,vol_20d,month_cos",0.100094249995891,0.0029580839909613132,,False,mktmind-qtm/data/marketmind_qml_dataset.csv,SPY
split_00_2018-12,42,2018-12-14,XLK,random_forest,0.553001981274,,6,8,-0.0791861347752203,-0.0705048663770638,-0.0086812683981564,"ret_1d,ret_20d,vol_20d,month_cos",0.100094249995891,0.0029580839909613132,,False,mktmind-qtm/data/marketmind_qml_dataset.csv,SPY
split_00_2018-12,42,2018-12-14,XLP,random_forest,0.586317309518,,4,7,-0.0708406527730807,-0.0705048663770638,-0.0003357863960168,"ret_1d,ret_20d,vol_20d,month_cos",0.100094249995891,0.0029580839909613132,,False,mktmind-qtm/data/marketmind_qml_dataset.csv,SPY
split_00_2018-12,42,2018-12-14,XLRE,random_forest,0.46538306001,,10,4,-0.063035620693857,-0.0705048663770638,0.0074692456832068,"ret_1d,ret_20d,vol_20d,month_cos",0.100094249995891,0.0029580839909613132,,False,mktmind-qtm/data/marketmind_qml_dataset.csv,SPY
split_00_2018-12,42,2018-12-14,XLU,random_forest,0.462758350179,1.0,11,1,-0.044930732123724,-0.0705048663770638,0.0255741342533398,"ret_1d,ret_20d,vol_20d,month_cos",0.100094249995891,0.0029580839909613132,,False,mktmind-qtm/data/marketmind_qml_dataset.csv,SPY
split_00_2018-12,42,2018-12-14,XLV,random_forest,0.601986560296,,3,6,-0.0663747918958822,-0.0705048663770638,0.0041300744811816,"ret_1d,ret_20d,vol_20d,month_cos",0.100094249995891,0.0029580839909613132,,False,mktmind-qtm/data/marketmind_qml_dataset.csv,SPY
split_00_2018-12,42,2018-12-14,XLY,random_forest,0.511910856274,0.0,8,9,-0.0801573977578373,-0.0705048663770638,-0.0096525313807734,"ret_1d,ret_20d,vol_20d,month_cos",0.100094249995891,0.0029580839909613132,,False,mktmind-qtm/data/marketmind_qml_dataset.csv,SPY
split_00_2018-12,42,2018-12-21,XLB,random_forest,0.535749485684,,7,5,0.0395058905700624,0.0383049320970712,0.0012009584729912,"ret_1d,ret_20d,vol_20d,month_cos",0.100094249995891,0.0029580839909613132,,False,mktmind-qtm/data/marketmind_qml_dataset.csv,SPY
split_00_2018-12,42,2018-12-21,XLC,random_forest,0.616320621267,,5,6,0.0369254460263666,0.0383049320970712,-0.0013794860707045,"ret_1d,ret_20d,vol_20d,month_cos",0.100094249995891,0.0029580839909613132,,False,mktmind-qtm/data/marketmind_qml_dataset.csv,SPY
split_00_2018-12,42,2018-12-21,XLE,random_forest,0.559448251733,,6,8,0.0220996476881398,0.0383049320970712,-0.0162052844089313,"ret_1d,ret_20d,vol_20d,month_cos",0.100094249995891,0.0029580839909613132,,False,mktmind-qtm/data/marketmind_qml_dataset.csv,SPY
split_00_2018-12,42,2018-12-21,XLF,random_forest,0.623345596523,,4,4,0.0451950810675068,0.0383049320970712,0.0068901489704356,"ret_1d,ret_20d,vol_20d,month_cos",0.100094249995891,0.0029580839909613132,,False,mktmind-qtm/data/marketmind_qml_dataset.csv,SPY
split_00_2018-12,42,2018-12-21,XLI,random_forest,0.625991243985,,3,7,0.0346987558303935,0.0383049320970712,-0.0036061762666776,"ret_1d,ret_20d,vol_20d,month_cos",0.100094249995891,0.0029580839909613132,,False,mktmind-qtm/data/marketmind_qml_dataset.csv,SPY
split_00_2018-12,42,2018-12-21,XLK,random_forest,0.493719017142,1.0,9,2,0.0469592896701787,0.0383049320970712,0.0086543575731075,"ret_1d,ret_20d,vol_20d,month_cos",0.100094249995891,0.0029580839909613132,,False,mktmind-qtm/data/marketmind_qml_dataset.csv,SPY
split_00_2018-12,42,2018-12-21,XLP,random_forest,0.474775074372,0.0,10,9,0.0119568633041897,0.0383049320970712,-0.0263480687928814,"ret_1d,ret_20d,vol_20d,month_cos",0.100094249995891,0.0029580839909613132,,False,mktmind-qtm/data/marketmind_qml_dataset.csv,SPY
split_00_2018-12,42,2018-12-21,XLRE,random_forest,0.640158618164,0.0,2,10,0.0016155281232022,0.0383049320970712,-0.0366894039738689,"ret_1d,ret_20d,vol_20d,month_cos",0.100094249995891,0.0029580839909613132,,False,mktmind-qtm/data/marketmind_qml_dataset.csv,SPY
split_00_2018-12,42,2018-12-21,XLU,random_forest,0.513337789248,0.0,8,11,-0.0165394346670039,0.0383049320970712,-0.0548443667640751,"ret_1d,ret_20d,vol_20d,month_cos",0.100094249995891,0.0029580839909613132,,False,mktmind-qtm/data/marketmind_qml_dataset.csv,SPY
split_00_2018-12,42,2018-12-21,XLV,random_forest,0.701123889364,1.0,1,3,0.0463230922781199,0.0383049320970712,0.0080181601810487,"ret_1d,ret_20d,vol_20d,month_cos",0.100094249995891,0.0029580839909613132,,False,mktmind-qtm/data/marketmind_qml_dataset.csv,SPY
split_00_2018-12,42,2018-12-21,XLY,random_forest,0.466878799804,1.0,11,1,0.0559937285186671,0.0383049320970712,0.0176887964215959,"ret_1d,ret_20d,vol_20d,month_cos",0.100094249995891,0.0029580839909613132,,False,mktmind-qtm/data/marketmind_qml_dataset.csv,SPY
split_00_2018-12,42,2018-12-31,XLB,random_forest,0.37080725545,,9,5,0.0292955242570231,0.0274087172559669,0.0018868070010562,"ret_1d,ret_20d,vol_20d,month_cos",0.100094249995891,0.0029580839909613132,,False,mktmind-qtm/data/marketmind_qml_dataset.csv,SPY
split_00_2018-12,42,2018-12-31,XLC,random_forest,0.393125281035,1.0,5,1,0.0687984316605165,0.0274087172559669,0.0413897144045496,"ret_1d,ret_20d,vol_20d,month_cos",0.100094249995891,0.0029580839909613132,,False,mktmind-qtm/data/marketmind_qml_dataset.csv,SPY
split_00_2018-12,42,2018-12-31,XLE,random_forest,0.378617511756,1.0,7,2,0.0676548877490232,0.0274087172559669,0.0402461704930563,"ret_1d,ret_20d,vol_20d,month_cos",0.100094249995891,0.0029580839909613132,,False,mktmind-qtm/data/marketmind_qml_dataset.csv,SPY
split_00_2018-12,42,2018-12-31,XLF,random_forest,0.318118696205,,11,6,0.0205710068723767,0.0274087172559669,-0.0068377103835901,"ret_1d,ret_20d,vol_20d,month_cos",0.100094249995891,0.0029580839909613132,,False,mktmind-qtm/data/marketmind_qml_dataset.csv,SPY
split_00_2018-12,42,2018-12-31,XLI,random_forest,0.373150681219,,8,4,0.0336906861041008,0.0274087172559669,0.0062819688481339,"ret_1d,ret_20d,vol_20d,month_cos",0.100094249995891,0.0029580839909613132,,False,mktmind-qtm/data/marketmind_qml_dataset.csv,SPY
split_00_2018-12,42,2018-12-31,XLK,random_forest,0.412185261041,0.0,3,9,0.009519232134602,0.0274087172559669,-0.0178894851213649,"ret_1d,ret_20d,vol_20d,month_cos",0.100094249995891,0.0029580839909613132,,False,mktmind-qtm/data/marketmind_qml_dataset.csv,SPY
split_00_2018-12,42,2018-12-31,XLP,random_forest,0.499876623396,,2,8,0.0173298961800727,0.0274087172559669,-0.0100788210758941,"ret_1d,ret_20d,vol_20d,month_cos",0.100094249995891,0.0029580839909613132,,False,mktmind-qtm/data/marketmind_qml_dataset.csv,SPY
split_00_2018-12,42,2018-12-31,XLRE,random_forest,0.388977113937,,6,7,0.0174194993644047,0.0274087172559669,-0.0099892178915621,"ret_1d,ret_20d,vol_20d,month_cos",0.100094249995891,0.0029580839909613132,,False,mktmind-qtm/data/marketmind_qml_dataset.csv,SPY
split_00_2018-12,42,2018-12-31,XLU,random_forest,0.551815086439,0.0,1,11,0.00264528978489,0.0274087172559669,-0.0247634274710768,"ret_1d,ret_20d,vol_20d,month_cos",0.100094249995891,0.0029580839909613132,,False,mktmind-qtm/data/marketmind_qml_dataset.csv,SPY
split_00_2018-12,42,2018-12-31,XLV,random_forest,0.331750743987,0.0,10,10,0.0052016785919632,0.0274087172559669,-0.0222070386640036,"ret_1d,ret_20d,vol_20d,month_cos",0.100094249995891,0.0029580839909613132,,False,mktmind-qtm/data/marketmind_qml_dataset.csv,SPY
split_00_2018-12,42,2018-12-31,XLY,random_forest,0.405851927708,1.0,4,3,0.0529240874900942,0.0274087172559669,0.0255153702341273,"ret_1d,ret_20d,vol_20d,month_cos",0.100094249995891,0.0029580839909613132,,False,mktmind-qtm/data/marketmind_qml_dataset.csv,SPY
split_00_2018-12,42,2018-12-07,XLB,rbf_svm,-0.012939389262,,8,6,-0.0113657635562893,-0.0117616070190346,0.0003958434627452,"ret_1d,ret_20d,vol_20d,month_cos",0.001598125003511086,0.0006261249945964664,,False,mktmind-qtm/data/marketmind_qml_dataset.csv,SPY
split_00_2018-12,42,2018-12-07,XLC,rbf_svm,0.158168727181,1.0,6,2,0.0048390623680889,-0.0117616070190346,0.0166006693871235,"ret_1d,ret_20d,vol_20d,month_cos",0.001598125003511086,0.0006261249945964664,,False,mktmind-qtm/data/marketmind_qml_dataset.csv,SPY
split_00_2018-12,42,2018-12-07,XLE,rbf_svm,-0.652728824801,0.0,11,10,-0.0309036250716863,-0.0117616070190346,-0.0191420180526517,"ret_1d,ret_20d,vol_20d,month_cos",0.001598125003511086,0.0006261249945964664,,False,mktmind-qtm/data/marketmind_qml_dataset.csv,SPY
split_00_2018-12,42,2018-12-07,XLF,rbf_svm,0.091669584373,0.0,7,11,-0.0346477056441223,-0.0117616070190346,-0.0228860986250877,"ret_1d,ret_20d,vol_20d,month_cos",0.001598125003511086,0.0006261249945964664,,False,mktmind-qtm/data/marketmind_qml_dataset.csv,SPY
split_00_2018-12,42,2018-12-07,XLI,rbf_svm,0.192662521715,,5,7,-0.014405144849957,-0.0117616070190346,-0.0026435378309224,"ret_1d,ret_20d,vol_20d,month_cos",0.001598125003511086,0.0006261249945964664,,False,mktmind-qtm/data/marketmind_qml_dataset.csv,SPY
split_00_2018-12,42,2018-12-07,XLK,rbf_svm,0.259826473676,1.0,3,3,-0.0004643380462061,-0.0117616070190346,0.0112972689728284,"ret_1d,ret_20d,vol_20d,month_cos",0.001598125003511086,0.0006261249945964664,,False,mktmind-qtm/data/marketmind_qml_dataset.csv,SPY
split_00_2018-12,42,2018-12-07,XLP,rbf_svm,-0.087586801653,,9,4,-0.0040207276072319,-0.0117616070190346,0.0077408794118026,"ret_1d,ret_20d,vol_20d,month_cos",0.001598125003511086,0.0006261249945964664,,False,mktmind-qtm/data/marketmind_qml_dataset.csv,SPY
split_00_2018-12,42,2018-12-07,XLRE,rbf_svm,0.201225259971,,4,8,-0.0159008493547361,-0.0117616070190346,-0.0041392423357015,"ret_1d,ret_20d,vol_20d,month_cos",0.001598125003511086,0.0006261249945964664,,False,mktmind-qtm/data/marketmind_qml_dataset.csv,SPY
split_00_2018-12,42,2018-12-07,XLU,rbf_svm,0.6095265804,1.0,1,1,0.0063763274341193,-0.0117616070190346,0.0181379344531539,"ret_1d,ret_20d,vol_20d,month_cos",0.001598125003511086,0.0006261249945964664,,False,mktmind-qtm/data/marketmind_qml_dataset.csv,SPY
split_00_2018-12,42,2018-12-07,XLV,rbf_svm,-0.273247408912,0.0,10,9,-0.0176678502771245,-0.0117616070190346,-0.0059062432580899,"ret_1d,ret_20d,vol_20d,month_cos",0.001598125003511086,0.0006261249945964664,,False,mktmind-qtm/data/marketmind_qml_dataset.csv,SPY
split_00_2018-12,42,2018-12-07,XLY,rbf_svm,0.346091410472,,2,5,-0.010061201383733,-0.0117616070190346,0.0017004056353016,"ret_1d,ret_20d,vol_20d,month_cos",0.001598125003511086,0.0006261249945964664,,False,mktmind-qtm/data/marketmind_qml_dataset.csv,SPY
split_00_2018-12,42,2018-12-14,XLB,rbf_svm,-0.10685952095,1.0,8,2,-0.0468408011285863,-0.0705048663770638,0.0236640652484775,"ret_1d,ret_20d,vol_20d,month_cos",0.001598125003511086,0.0006261249945964664,,False,mktmind-qtm/data/marketmind_qml_dataset.csv,SPY
split_00_2018-12,42,2018-12-14,XLC,rbf_svm,0.437366415737,0.0,5,10,-0.0841638163282875,-0.0705048663770638,-0.0136589499512236,"ret_1d,ret_20d,vol_20d,month_cos",0.001598125003511086,0.0006261249945964664,,False,mktmind-qtm/data/marketmind_qml_dataset.csv,SPY
split_00_2018-12,42,2018-12-14,XLE,rbf_svm,0.61096728651,0.0,4,11,-0.0878587606906938,-0.0705048663770638,-0.0173538943136299,"ret_1d,ret_20d,vol_20d,month_cos",0.001598125003511086,0.0006261249945964664,,False,mktmind-qtm/data/marketmind_qml_dataset.csv,SPY
split_00_2018-12,42,2018-12-14,XLF,rbf_svm,-0.282234366205,1.0,11,3,-0.053956169169497,-0.0705048663770638,0.0165486972075667,"ret_1d,ret_20d,vol_20d,month_cos",0.001598125003511086,0.0006261249945964664,,False,mktmind-qtm/data/marketmind_qml_dataset.csv,SPY
split_00_2018-12,42,2018-12-14,XLI,rbf_svm,0.294419265869,,6,5,-0.0658525725370194,-0.0705048663770638,0.0046522938400443,"ret_1d,ret_20d,vol_20d,month_cos",0.001598125003511086,0.0006261249945964664,,False,mktmind-qtm/data/marketmind_qml_dataset.csv,SPY
split_00_2018-12,42,2018-12-14,XLK,rbf_svm,0.710861514139,,3,8,-0.0791861347752203,-0.0705048663770638,-0.0086812683981564,"ret_1d,ret_20d,vol_20d,month_cos",0.001598125003511086,0.0006261249945964664,,False,mktmind-qtm/data/marketmind_qml_dataset.csv,SPY
split_00_2018-12,42,2018-12-14,XLP,rbf_svm,-0.209208115298,,10,7,-0.0708406527730807,-0.0705048663770638,-0.0003357863960168,"ret_1d,ret_20d,vol_20d,month_cos",0.001598125003511086,0.0006261249945964664,,False,mktmind-qtm/data/marketmind_qml_dataset.csv,SPY
split_00_2018-12,42,2018-12-14,XLRE,rbf_svm,0.03721088819,,7,4,-0.063035620693857,-0.0705048663770638,0.0074692456832068,"ret_1d,ret_20d,vol_20d,month_cos",0.001598125003511086,0.0006261249945964664,,False,mktmind-qtm/data/marketmind_qml_dataset.csv,SPY
split_00_2018-12,42,2018-12-14,XLU,rbf_svm,0.842605071528,1.0,1,1,-0.044930732123724,-0.0705048663770638,0.0255741342533398,"ret_1d,ret_20d,vol_20d,month_cos",0.001598125003511086,0.0006261249945964664,,False,mktmind-qtm/data/marketmind_qml_dataset.csv,SPY
split_00_2018-12,42,2018-12-14,XLV,rbf_svm,-0.191687662434,,9,6,-0.0663747918958822,-0.0705048663770638,0.0041300744811816,"ret_1d,ret_20d,vol_20d,month_cos",0.001598125003511086,0.0006261249945964664,,False,mktmind-qtm/data/marketmind_qml_dataset.csv,SPY
split_00_2018-12,42,2018-12-14,XLY,rbf_svm,0.752702412801,0.0,2,9,-0.0801573977578373,-0.0705048663770638,-0.0096525313807734,"ret_1d,ret_20d,vol_20d,month_cos",0.001598125003511086,0.0006261249945964664,,False,mktmind-qtm/data/marketmind_qml_dataset.csv,SPY
split_00_2018-12,42,2018-12-21,XLB,rbf_svm,-0.447390352231,,9,5,0.0395058905700624,0.0383049320970712,0.0012009584729912,"ret_1d,ret_20d,vol_20d,month_cos",0.001598125003511086,0.0006261249945964664,,False,mktmind-qtm/data/marketmind_qml_dataset.csv,SPY
split_00_2018-12,42,2018-12-21,XLC,rbf_svm,0.201475806172,,3,6,0.0369254460263666,0.0383049320970712,-0.0013794860707045,"ret_1d,ret_20d,vol_20d,month_cos",0.001598125003511086,0.0006261249945964664,,False,mktmind-qtm/data/marketmind_qml_dataset.csv,SPY
split_00_2018-12,42,2018-12-21,XLE,rbf_svm,-0.514157743841,,11,8,0.0220996476881398,0.0383049320970712,-0.0162052844089313,"ret_1d,ret_20d,vol_20d,month_cos",0.001598125003511086,0.0006261249945964664,,False,mktmind-qtm/data/marketmind_qml_dataset.csv,SPY
split_00_2018-12,42,2018-12-21,XLF,rbf_svm,-0.19811751265,,8,4,0.0451950810675068,0.0383049320970712,0.0068901489704356,"ret_1d,ret_20d,vol_20d,month_cos",0.001598125003511086,0.0006261249945964664,,False,mktmind-qtm/data/marketmind_qml_dataset.csv,SPY
split_00_2018-12,42,2018-12-21,XLI,rbf_svm,-0.162438164675,,7,7,0.0346987558303935,0.0383049320970712,-0.0036061762666776,"ret_1d,ret_20d,vol_20d,month_cos",0.001598125003511086,0.0006261249945964664,,False,mktmind-qtm/data/marketmind_qml_dataset.csv,SPY
split_00_2018-12,42,2018-12-21,XLK,rbf_svm,0.340105326142,1.0,1,2,0.0469592896701787,0.0383049320970712,0.0086543575731075,"ret_1d,ret_20d,vol_20d,month_cos",0.001598125003511086,0.0006261249945964664,,False,mktmind-qtm/data/marketmind_qml_dataset.csv,SPY
split_00_2018-12,42,2018-12-21,XLP,rbf_svm,-0.448156832979,0.0,10,9,0.0119568633041897,0.0383049320970712,-0.0263480687928814,"ret_1d,ret_20d,vol_20d,month_cos",0.001598125003511086,0.0006261249945964664,,False,mktmind-qtm/data/marketmind_qml_dataset.csv,SPY
split_00_2018-12,42,2018-12-21,XLRE,rbf_svm,0.150044314241,0.0,4,10,0.0016155281232022,0.0383049320970712,-0.0366894039738689,"ret_1d,ret_20d,vol_20d,month_cos",0.001598125003511086,0.0006261249945964664,,False,mktmind-qtm/data/marketmind_qml_dataset.csv,SPY
split_00_2018-12,42,2018-12-21,XLU,rbf_svm,0.111513658593,0.0,5,11,-0.0165394346670039,0.0383049320970712,-0.0548443667640751,"ret_1d,ret_20d,vol_20d,month_cos",0.001598125003511086,0.0006261249945964664,,False,mktmind-qtm/data/marketmind_qml_dataset.csv,SPY
split_00_2018-12,42,2018-12-21,XLV,rbf_svm,-0.015346479691,1.0,6,3,0.0463230922781199,0.0383049320970712,0.0080181601810487,"ret_1d,ret_20d,vol_20d,month_cos",0.001598125003511086,0.0006261249945964664,,False,mktmind-qtm/data/marketmind_qml_dataset.csv,SPY
split_00_2018-12,42,2018-12-21,XLY,rbf_svm,0.243791071223,1.0,2,1,0.0559937285186671,0.0383049320970712,0.0176887964215959,"ret_1d,ret_20d,vol_20d,month_cos",0.001598125003511086,0.0006261249945964664,,False,mktmind-qtm/data/marketmind_qml_dataset.csv,SPY
split_00_2018-12,42,2018-12-31,XLB,rbf_svm,-1.133824011275,,10,5,0.0292955242570231,0.0274087172559669,0.0018868070010562,"ret_1d,ret_20d,vol_20d,month_cos",0.001598125003511086,0.0006261249945964664,,False,mktmind-qtm/data/marketmind_qml_dataset.csv,SPY
split_00_2018-12,42,2018-12-31,XLC,rbf_svm,-0.945993924608,1.0,6,1,0.0687984316605165,0.0274087172559669,0.0413897144045496,"ret_1d,ret_20d,vol_20d,month_cos",0.001598125003511086,0.0006261249945964664,,False,mktmind-qtm/data/marketmind_qml_dataset.csv,SPY
split_00_2018-12,42,2018-12-31,XLE,rbf_svm,-0.809583230227,1.0,4,2,0.0676548877490232,0.0274087172559669,0.0402461704930563,"ret_1d,ret_20d,vol_20d,month_cos",0.001598125003511086,0.0006261249945964664,,False,mktmind-qtm/data/marketmind_qml_dataset.csv,SPY
split_00_2018-12,42,2018-12-31,XLF,rbf_svm,-1.146997458414,,11,6,0.0205710068723767,0.0274087172559669,-0.0068377103835901,"ret_1d,ret_20d,vol_20d,month_cos",0.001598125003511086,0.0006261249945964664,,False,mktmind-qtm/data/marketmind_qml_dataset.csv,SPY
split_00_2018-12,42,2018-12-31,XLI,rbf_svm,-1.111574062619,,9,4,0.0336906861041008,0.0274087172559669,0.0062819688481339,"ret_1d,ret_20d,vol_20d,month_cos",0.001598125003511086,0.0006261249945964664,,False,mktmind-qtm/data/marketmind_qml_dataset.csv,SPY
split_00_2018-12,42,2018-12-31,XLK,rbf_svm,-0.492808647665,0.0,1,9,0.009519232134602,0.0274087172559669,-0.0178894851213649,"ret_1d,ret_20d,vol_20d,month_cos",0.001598125003511086,0.0006261249945964664,,False,mktmind-qtm/data/marketmind_qml_dataset.csv,SPY
split_00_2018-12,42,2018-12-31,XLP,rbf_svm,-1.111525299194,,8,8,0.0173298961800727,0.0274087172559669,-0.0100788210758941,"ret_1d,ret_20d,vol_20d,month_cos",0.001598125003511086,0.0006261249945964664,,False,mktmind-qtm/data/marketmind_qml_dataset.csv,SPY
split_00_2018-12,42,2018-12-31,XLRE,rbf_svm,-0.850554544021,,5,7,0.0174194993644047,0.0274087172559669,-0.0099892178915621,"ret_1d,ret_20d,vol_20d,month_cos",0.001598125003511086,0.0006261249945964664,,False,mktmind-qtm/data/marketmind_qml_dataset.csv,SPY
split_00_2018-12,42,2018-12-31,XLU,rbf_svm,-0.701978846228,0.0,2,11,0.00264528978489,0.0274087172559669,-0.0247634274710768,"ret_1d,ret_20d,vol_20d,month_cos",0.001598125003511086,0.0006261249945964664,,False,mktmind-qtm/data/marketmind_qml_dataset.csv,SPY
split_00_2018-12,42,2018-12-31,XLV,rbf_svm,-1.084744305604,0.0,7,10,0.0052016785919632,0.0274087172559669,-0.0222070386640036,"ret_1d,ret_20d,vol_20d,month_cos",0.001598125003511086,0.0006261249945964664,,False,mktmind-qtm/data/marketmind_qml_dataset.csv,SPY
split_00_2018-12,42,2018-12-31,XLY,rbf_svm,-0.751652643098,1.0,3,3,0.0529240874900942,0.0274087172559669,0.0255153702341273,"ret_1d,ret_20d,vol_20d,month_cos",0.001598125003511086,0.0006261249945964664,,False,mktmind-qtm/data/marketmind_qml_dataset.csv,SPY
split_00_2018-12,42,2018-12-07,XLB,small_mlp,0.447539090223,,6,6,-0.0113657635562893,-0.0117616070190346,0.0003958434627452,"ret_1d,ret_20d,vol_20d,month_cos",0.006034792022546753,0.00010524998651817441,25.0,False,mktmind-qtm/data/marketmind_qml_dataset.csv,SPY
split_00_2018-12,42,2018-12-07,XLC,small_mlp,0.438908108261,1.0,8,2,0.0048390623680889,-0.0117616070190346,0.0166006693871235,"ret_1d,ret_20d,vol_20d,month_cos",0.006034792022546753,0.00010524998651817441,25.0,False,mktmind-qtm/data/marketmind_qml_dataset.csv,SPY
split_00_2018-12,42,2018-12-07,XLE,small_mlp,0.410921420935,0.0,11,10,-0.0309036250716863,-0.0117616070190346,-0.0191420180526517,"ret_1d,ret_20d,vol_20d,month_cos",0.006034792022546753,0.00010524998651817441,25.0,False,mktmind-qtm/data/marketmind_qml_dataset.csv,SPY
split_00_2018-12,42,2018-12-07,XLF,small_mlp,0.436356394782,0.0,9,11,-0.0346477056441223,-0.0117616070190346,-0.0228860986250877,"ret_1d,ret_20d,vol_20d,month_cos",0.006034792022546753,0.00010524998651817441,25.0,False,mktmind-qtm/data/marketmind_qml_dataset.csv,SPY
split_00_2018-12,42,2018-12-07,XLI,small_mlp,0.450307181387,,4,7,-0.014405144849957,-0.0117616070190346,-0.0026435378309224,"ret_1d,ret_20d,vol_20d,month_cos",0.006034792022546753,0.00010524998651817441,25.0,False,mktmind-qtm/data/marketmind_qml_dataset.csv,SPY
split_00_2018-12,42,2018-12-07,XLK,small_mlp,0.449428777878,1.0,5,3,-0.0004643380462061,-0.0117616070190346,0.0112972689728284,"ret_1d,ret_20d,vol_20d,month_cos",0.006034792022546753,0.00010524998651817441,25.0,False,mktmind-qtm/data/marketmind_qml_dataset.csv,SPY
split_00_2018-12,42,2018-12-07,XLP,small_mlp,0.444469554984,,7,4,-0.0040207276072319,-0.0117616070190346,0.0077408794118026,"ret_1d,ret_20d,vol_20d,month_cos",0.006034792022546753,0.00010524998651817441,25.0,False,mktmind-qtm/data/marketmind_qml_dataset.csv,SPY
split_00_2018-12,42,2018-12-07,XLRE,small_mlp,0.460798074082,,2,8,-0.0159008493547361,-0.0117616070190346,-0.0041392423357015,"ret_1d,ret_20d,vol_20d,month_cos",0.006034792022546753,0.00010524998651817441,25.0,False,mktmind-qtm/data/marketmind_qml_dataset.csv,SPY
split_00_2018-12,42,2018-12-07,XLU,small_mlp,0.435335544437,1.0,10,1,0.0063763274341193,-0.0117616070190346,0.0181379344531539,"ret_1d,ret_20d,vol_20d,month_cos",0.006034792022546753,0.00010524998651817441,25.0,False,mktmind-qtm/data/marketmind_qml_dataset.csv,SPY
split_00_2018-12,42,2018-12-07,XLV,small_mlp,0.462307518948,0.0,1,9,-0.0176678502771245,-0.0117616070190346,-0.0059062432580899,"ret_1d,ret_20d,vol_20d,month_cos",0.006034792022546753,0.00010524998651817441,25.0,False,mktmind-qtm/data/marketmind_qml_dataset.csv,SPY
split_00_2018-12,42,2018-12-07,XLY,small_mlp,0.453422390526,,3,5,-0.010061201383733,-0.0117616070190346,0.0017004056353016,"ret_1d,ret_20d,vol_20d,month_cos",0.006034792022546753,0.00010524998651817441,25.0,False,mktmind-qtm/data/marketmind_qml_dataset.csv,SPY
split_00_2018-12,42,2018-12-14,XLB,small_mlp,0.428343086109,1.0,10,2,-0.0468408011285863,-0.0705048663770638,0.0236640652484775,"ret_1d,ret_20d,vol_20d,month_cos",0.006034792022546753,0.00010524998651817441,25.0,False,mktmind-qtm/data/marketmind_qml_dataset.csv,SPY
split_00_2018-12,42,2018-12-14,XLC,small_mlp,0.437297527806,0.0,7,10,-0.0841638163282875,-0.0705048663770638,-0.0136589499512236,"ret_1d,ret_20d,vol_20d,month_cos",0.006034792022546753,0.00010524998651817441,25.0,False,mktmind-qtm/data/marketmind_qml_dataset.csv,SPY
split_00_2018-12,42,2018-12-14,XLE,small_mlp,0.448343481347,0.0,3,11,-0.0878587606906938,-0.0705048663770638,-0.0173538943136299,"ret_1d,ret_20d,vol_20d,month_cos",0.006034792022546753,0.00010524998651817441,25.0,False,mktmind-qtm/data/marketmind_qml_dataset.csv,SPY
split_00_2018-12,42,2018-12-14,XLF,small_mlp,0.421065855042,1.0,11,3,-0.053956169169497,-0.0705048663770638,0.0165486972075667,"ret_1d,ret_20d,vol_20d,month_cos",0.006034792022546753,0.00010524998651817441,25.0,False,mktmind-qtm/data/marketmind_qml_dataset.csv,SPY
split_00_2018-12,42,2018-12-14,XLI,small_mlp,0.434939806677,,9,5,-0.0658525725370194,-0.0705048663770638,0.0046522938400443,"ret_1d,ret_20d,vol_20d,month_cos",0.006034792022546753,0.00010524998651817441,25.0,False,mktmind-qtm/data/marketmind_qml_dataset.csv,SPY
split_00_2018-12,42,2018-12-14,XLK,small_mlp,0.44724833514,,4,8,-0.0791861347752203,-0.0705048663770638,-0.0086812683981564,"ret_1d,ret_20d,vol_20d,month_cos",0.006034792022546753,0.00010524998651817441,25.0,False,mktmind-qtm/data/marketmind_qml_dataset.csv,SPY
split_00_2018-12,42,2018-12-14,XLP,small_mlp,0.452073656576,,2,7,-0.0708406527730807,-0.0705048663770638,-0.0003357863960168,"ret_1d,ret_20d,vol_20d,month_cos",0.006034792022546753,0.00010524998651817441,25.0,False,mktmind-qtm/data/marketmind_qml_dataset.csv,SPY
split_00_2018-12,42,2018-12-14,XLRE,small_mlp,0.43602995529,,8,4,-0.063035620693857,-0.0705048663770638,0.0074692456832068,"ret_1d,ret_20d,vol_20d,month_cos",0.006034792022546753,0.00010524998651817441,25.0,False,mktmind-qtm/data/marketmind_qml_dataset.csv,SPY
split_00_2018-12,42,2018-12-14,XLU,small_mlp,0.447036567482,1.0,5,1,-0.044930732123724,-0.0705048663770638,0.0255741342533398,"ret_1d,ret_20d,vol_20d,month_cos",0.006034792022546753,0.00010524998651817441,25.0,False,mktmind-qtm/data/marketmind_qml_dataset.csv,SPY
split_00_2018-12,42,2018-12-14,XLV,small_mlp,0.472714453483,,1,6,-0.0663747918958822,-0.0705048663770638,0.0041300744811816,"ret_1d,ret_20d,vol_20d,month_cos",0.006034792022546753,0.00010524998651817441,25.0,False,mktmind-qtm/data/marketmind_qml_dataset.csv,SPY
split_00_2018-12,42,2018-12-14,XLY,small_mlp,0.440566012589,0.0,6,9,-0.0801573977578373,-0.0705048663770638,-0.0096525313807734,"ret_1d,ret_20d,vol_20d,month_cos",0.006034792022546753,0.00010524998651817441,25.0,False,mktmind-qtm/data/marketmind_qml_dataset.csv,SPY
split_00_2018-12,42,2018-12-21,XLB,small_mlp,0.416734498192,,10,5,0.0395058905700624,0.0383049320970712,0.0012009584729912,"ret_1d,ret_20d,vol_20d,month_cos",0.006034792022546753,0.00010524998651817441,25.0,False,mktmind-qtm/data/marketmind_qml_dataset.csv,SPY
split_00_2018-12,42,2018-12-21,XLC,small_mlp,0.457085264906,,1,6,0.0369254460263666,0.0383049320970712,-0.0013794860707045,"ret_1d,ret_20d,vol_20d,month_cos",0.006034792022546753,0.00010524998651817441,25.0,False,mktmind-qtm/data/marketmind_qml_dataset.csv,SPY
split_00_2018-12,42,2018-12-21,XLE,small_mlp,0.401029060969,,11,8,0.0220996476881398,0.0383049320970712,-0.0162052844089313,"ret_1d,ret_20d,vol_20d,month_cos",0.006034792022546753,0.00010524998651817441,25.0,False,mktmind-qtm/data/marketmind_qml_dataset.csv,SPY
split_00_2018-12,42,2018-12-21,XLF,small_mlp,0.422420262582,,9,4,0.0451950810675068,0.0383049320970712,0.0068901489704356,"ret_1d,ret_20d,vol_20d,month_cos",0.006034792022546753,0.00010524998651817441,25.0,False,mktmind-qtm/data/marketmind_qml_dataset.csv,SPY
split_00_2018-12,42,2018-12-21,XLI,small_mlp,0.428060535972,,6,7,0.0346987558303935,0.0383049320970712,-0.0036061762666776,"ret_1d,ret_20d,vol_20d,month_cos",0.006034792022546753,0.00010524998651817441,25.0,False,mktmind-qtm/data/marketmind_qml_dataset.csv,SPY
split_00_2018-12,42,2018-12-21,XLK,small_mlp,0.447553355832,1.0,2,2,0.0469592896701787,0.0383049320970712,0.0086543575731075,"ret_1d,ret_20d,vol_20d,month_cos",0.006034792022546753,0.00010524998651817441,25.0,False,mktmind-qtm/data/marketmind_qml_dataset.csv,SPY
split_00_2018-12,42,2018-12-21,XLP,small_mlp,0.426714488387,0.0,8,9,0.0119568633041897,0.0383049320970712,-0.0263480687928814,"ret_1d,ret_20d,vol_20d,month_cos",0.006034792022546753,0.00010524998651817441,25.0,False,mktmind-qtm/data/marketmind_qml_dataset.csv,SPY
split_00_2018-12,42,2018-12-21,XLRE,small_mlp,0.439492101008,0.0,4,10,0.0016155281232022,0.0383049320970712,-0.0366894039738689,"ret_1d,ret_20d,vol_20d,month_cos",0.006034792022546753,0.00010524998651817441,25.0,False,mktmind-qtm/data/marketmind_qml_dataset.csv,SPY
split_00_2018-12,42,2018-12-21,XLU,small_mlp,0.44062102941,0.0,3,11,-0.0165394346670039,0.0383049320970712,-0.0548443667640751,"ret_1d,ret_20d,vol_20d,month_cos",0.006034792022546753,0.00010524998651817441,25.0,False,mktmind-qtm/data/marketmind_qml_dataset.csv,SPY
split_00_2018-12,42,2018-12-21,XLV,small_mlp,0.428013256471,1.0,7,3,0.0463230922781199,0.0383049320970712,0.0080181601810487,"ret_1d,ret_20d,vol_20d,month_cos",0.006034792022546753,0.00010524998651817441,25.0,False,mktmind-qtm/data/marketmind_qml_dataset.csv,SPY
split_00_2018-12,42,2018-12-21,XLY,small_mlp,0.43872839633,1.0,5,1,0.0559937285186671,0.0383049320970712,0.0176887964215959,"ret_1d,ret_20d,vol_20d,month_cos",0.006034792022546753,0.00010524998651817441,25.0,False,mktmind-qtm/data/marketmind_qml_dataset.csv,SPY
split_00_2018-12,42,2018-12-31,XLB,small_mlp,0.395983712339,,5,5,0.0292955242570231,0.0274087172559669,0.0018868070010562,"ret_1d,ret_20d,vol_20d,month_cos",0.006034792022546753,0.00010524998651817441,25.0,False,mktmind-qtm/data/marketmind_qml_dataset.csv,SPY
split_00_2018-12,42,2018-12-31,XLC,small_mlp,0.401004759105,1.0,3,1,0.0687984316605165,0.0274087172559669,0.0413897144045496,"ret_1d,ret_20d,vol_20d,month_cos",0.006034792022546753,0.00010524998651817441,25.0,False,mktmind-qtm/data/marketmind_qml_dataset.csv,SPY
split_00_2018-12,42,2018-12-31,XLE,small_mlp,0.387110443929,1.0,9,2,0.0676548877490232,0.0274087172559669,0.0402461704930563,"ret_1d,ret_20d,vol_20d,month_cos",0.006034792022546753,0.00010524998651817441,25.0,False,mktmind-qtm/data/marketmind_qml_dataset.csv,SPY
split_00_2018-12,42,2018-12-31,XLF,small_mlp,0.385785663041,,11,6,0.0205710068723767,0.0274087172559669,-0.0068377103835901,"ret_1d,ret_20d,vol_20d,month_cos",0.006034792022546753,0.00010524998651817441,25.0,False,mktmind-qtm/data/marketmind_qml_dataset.csv,SPY
split_00_2018-12,42,2018-12-31,XLI,small_mlp,0.387141165568,,8,4,0.0336906861041008,0.0274087172559669,0.0062819688481339,"ret_1d,ret_20d,vol_20d,month_cos",0.006034792022546753,0.00010524998651817441,25.0,False,mktmind-qtm/data/marketmind_qml_dataset.csv,SPY
split_00_2018-12,42,2018-12-31,XLK,small_mlp,0.389865994061,0.0,7,9,0.009519232134602,0.0274087172559669,-0.0178894851213649,"ret_1d,ret_20d,vol_20d,month_cos",0.006034792022546753,0.00010524998651817441,25.0,False,mktmind-qtm/data/marketmind_qml_dataset.csv,SPY
split_00_2018-12,42,2018-12-31,XLP,small_mlp,0.399094614346,,4,8,0.0173298961800727,0.0274087172559669,-0.0100788210758941,"ret_1d,ret_20d,vol_20d,month_cos",0.006034792022546753,0.00010524998651817441,25.0,False,mktmind-qtm/data/marketmind_qml_dataset.csv,SPY
split_00_2018-12,42,2018-12-31,XLRE,small_mlp,0.405565388827,,2,7,0.0174194993644047,0.0274087172559669,-0.0099892178915621,"ret_1d,ret_20d,vol_20d,month_cos",0.006034792022546753,0.00010524998651817441,25.0,False,mktmind-qtm/data/marketmind_qml_dataset.csv,SPY
split_00_2018-12,42,2018-12-31,XLU,small_mlp,0.419416617153,0.0,1,11,0.00264528978489,0.0274087172559669,-0.0247634274710768,"ret_1d,ret_20d,vol_20d,month_cos",0.006034792022546753,0.00010524998651817441,25.0,False,mktmind-qtm/data/marketmind_qml_dataset.csv,SPY
split_00_2018-12,42,2018-12-31,XLV,small_mlp,0.385992616116,0.0,10,10,0.0052016785919632,0.0274087172559669,-0.0222070386640036,"ret_1d,ret_20d,vol_20d,month_cos",0.006034792022546753,0.00010524998651817441,25.0,False,mktmind-qtm/data/marketmind_qml_dataset.csv,SPY
split_00_2018-12,42,2018-12-31,XLY,small_mlp,0.389883417391,1.0,6,3,0.0529240874900942,0.0274087172559669,0.0255153702341273,"ret_1d,ret_20d,vol_20d,month_cos",0.006034792022546753,0.00010524998651817441,25.0,False,mktmind-qtm/data/marketmind_qml_dataset.csv,SPY
split_00_2018-12,42,2018-12-07,XLB,xgboost,0.640228807926,,3,6,-0.0113657635562893,-0.0117616070190346,0.0003958434627452,"ret_1d,ret_20d,vol_20d,month_cos",0.009791165997739881,0.0005021659890189767,,False,mktmind-qtm/data/marketmind_qml_dataset.csv,SPY
split_00_2018-12,42,2018-12-07,XLC,xgboost,0.662817716599,1.0,1,2,0.0048390623680889,-0.0117616070190346,0.0166006693871235,"ret_1d,ret_20d,vol_20d,month_cos",0.009791165997739881,0.0005021659890189767,,False,mktmind-qtm/data/marketmind_qml_dataset.csv,SPY
split_00_2018-12,42,2018-12-07,XLE,xgboost,0.401906251907,0.0,11,10,-0.0309036250716863,-0.0117616070190346,-0.0191420180526517,"ret_1d,ret_20d,vol_20d,month_cos",0.009791165997739881,0.0005021659890189767,,False,mktmind-qtm/data/marketmind_qml_dataset.csv,SPY
split_00_2018-12,42,2018-12-07,XLF,xgboost,0.662817716599,0.0,2,11,-0.0346477056441223,-0.0117616070190346,-0.0228860986250877,"ret_1d,ret_20d,vol_20d,month_cos",0.009791165997739881,0.0005021659890189767,,False,mktmind-qtm/data/marketmind_qml_dataset.csv,SPY
split_00_2018-12,42,2018-12-07,XLI,xgboost,0.630332350731,,6,7,-0.014405144849957,-0.0117616070190346,-0.0026435378309224,"ret_1d,ret_20d,vol_20d,month_cos",0.009791165997739881,0.0005021659890189767,,False,mktmind-qtm/data/marketmind_qml_dataset.csv,SPY
split_00_2018-12,42,2018-12-07,XLK,xgboost,0.511199295521,1.0,9,3,-0.0004643380462061,-0.0117616070190346,0.0112972689728284,"ret_1d,ret_20d,vol_20d,month_cos",0.009791165997739881,0.0005021659890189767,,False,mktmind-qtm/data/marketmind_qml_dataset.csv,SPY
split_00_2018-12,42,2018-12-07,XLP,xgboost,0.572361171246,,7,4,-0.0040207276072319,-0.0117616070190346,0.0077408794118026,"ret_1d,ret_20d,vol_20d,month_cos",0.009791165997739881,0.0005021659890189767,,False,mktmind-qtm/data/marketmind_qml_dataset.csv,SPY
split_00_2018-12,42,2018-12-07,XLRE,xgboost,0.635755360126,,5,8,-0.0159008493547361,-0.0117616070190346,-0.0041392423357015,"ret_1d,ret_20d,vol_20d,month_cos",0.009791165997739881,0.0005021659890189767,,False,mktmind-qtm/data/marketmind_qml_dataset.csv,SPY
split_00_2018-12,42,2018-12-07,XLU,xgboost,0.552536427975,1.0,8,1,0.0063763274341193,-0.0117616070190346,0.0181379344531539,"ret_1d,ret_20d,vol_20d,month_cos",0.009791165997739881,0.0005021659890189767,,False,mktmind-qtm/data/marketmind_qml_dataset.csv,SPY
split_00_2018-12,42,2018-12-07,XLV,xgboost,0.63870704174,0.0,4,9,-0.0176678502771245,-0.0117616070190346,-0.0059062432580899,"ret_1d,ret_20d,vol_20d,month_cos",0.009791165997739881,0.0005021659890189767,,False,mktmind-qtm/data/marketmind_qml_dataset.csv,SPY
split_00_2018-12,42,2018-12-07,XLY,xgboost,0.511199295521,,10,5,-0.010061201383733,-0.0117616070190346,0.0017004056353016,"ret_1d,ret_20d,vol_20d,month_cos",0.009791165997739881,0.0005021659890189767,,False,mktmind-qtm/data/marketmind_qml_dataset.csv,SPY
split_00_2018-12,42,2018-12-14,XLB,xgboost,0.467227190733,1.0,10,2,-0.0468408011285863,-0.0705048663770638,0.0236640652484775,"ret_1d,ret_20d,vol_20d,month_cos",0.009791165997739881,0.0005021659890189767,,False,mktmind-qtm/data/marketmind_qml_dataset.csv,SPY
split_00_2018-12,42,2018-12-14,XLC,xgboost,0.659428536892,0.0,2,10,-0.0841638163282875,-0.0705048663770638,-0.0136589499512236,"ret_1d,ret_20d,vol_20d,month_cos",0.009791165997739881,0.0005021659890189767,,False,mktmind-qtm/data/marketmind_qml_dataset.csv,SPY
split_00_2018-12,42,2018-12-14,XLE,xgboost,0.521865844727,0.0,7,11,-0.0878587606906938,-0.0705048663770638,-0.0173538943136299,"ret_1d,ret_20d,vol_20d,month_cos",0.009791165997739881,0.0005021659890189767,,False,mktmind-qtm/data/marketmind_qml_dataset.csv,SPY
split_00_2018-12,42,2018-12-14,XLF,xgboost,0.622460842133,1.0,3,3,-0.053956169169497,-0.0705048663770638,0.0165486972075667,"ret_1d,ret_20d,vol_20d,month_cos",0.009791165997739881,0.0005021659890189767,,False,mktmind-qtm/data/marketmind_qml_dataset.csv,SPY
split_00_2018-12,42,2018-12-14,XLI,xgboost,0.681259095669,,1,5,-0.0658525725370194,-0.0705048663770638,0.0046522938400443,"ret_1d,ret_20d,vol_20d,month_cos",0.009791165997739881,0.0005021659890189767,,False,mktmind-qtm/data/marketmind_qml_dataset.csv,SPY
split_00_2018-12,42,2018-12-14,XLK,xgboost,0.50617057085,,8,8,-0.0791861347752203,-0.0705048663770638,-0.0086812683981564,"ret_1d,ret_20d,vol_20d,month_cos",0.009791165997739881,0.0005021659890189767,,False,mktmind-qtm/data/marketmind_qml_dataset.csv,SPY
split_00_2018-12,42,2018-12-14,XLP,xgboost,0.558102726936,,5,7,-0.0708406527730807,-0.0705048663770638,-0.0003357863960168,"ret_1d,ret_20d,vol_20d,month_cos",0.009791165997739881,0.0005021659890189767,,False,mktmind-qtm/data/marketmind_qml_dataset.csv,SPY
split_00_2018-12,42,2018-12-14,XLRE,xgboost,0.495837301016,,9,4,-0.063035620693857,-0.0705048663770638,0.0074692456832068,"ret_1d,ret_20d,vol_20d,month_cos",0.009791165997739881,0.0005021659890189767,,False,mktmind-qtm/data/marketmind_qml_dataset.csv,SPY
split_00_2018-12,42,2018-12-14,XLU,xgboost,0.431947112083,1.0,11,1,-0.044930732123724,-0.0705048663770638,0.0255741342533398,"ret_1d,ret_20d,vol_20d,month_cos",0.009791165997739881,0.0005021659890189767,,False,mktmind-qtm/data/marketmind_qml_dataset.csv,SPY
split_00_2018-12,42,2018-12-14,XLV,xgboost,0.611025631428,,4,6,-0.0663747918958822,-0.0705048663770638,0.0041300744811816,"ret_1d,ret_20d,vol_20d,month_cos",0.009791165997739881,0.0005021659890189767,,False,mktmind-qtm/data/marketmind_qml_dataset.csv,SPY
split_00_2018-12,42,2018-12-14,XLY,xgboost,0.534282684326,0.0,6,9,-0.0801573977578373,-0.0705048663770638,-0.0096525313807734,"ret_1d,ret_20d,vol_20d,month_cos",0.009791165997739881,0.0005021659890189767,,False,mktmind-qtm/data/marketmind_qml_dataset.csv,SPY
split_00_2018-12,42,2018-12-21,XLB,xgboost,0.592757940292,,7,5,0.0395058905700624,0.0383049320970712,0.0012009584729912,"ret_1d,ret_20d,vol_20d,month_cos",0.009791165997739881,0.0005021659890189767,,False,mktmind-qtm/data/marketmind_qml_dataset.csv,SPY
split_00_2018-12,42,2018-12-21,XLC,xgboost,0.630332350731,,5,6,0.0369254460263666,0.0383049320970712,-0.0013794860707045,"ret_1d,ret_20d,vol_20d,month_cos",0.009791165997739881,0.0005021659890189767,,False,mktmind-qtm/data/marketmind_qml_dataset.csv,SPY
split_00_2018-12,42,2018-12-21,XLE,xgboost,0.622460842133,,6,8,0.0220996476881398,0.0383049320970712,-0.0162052844089313,"ret_1d,ret_20d,vol_20d,month_cos",0.009791165997739881,0.0005021659890189767,,False,mktmind-qtm/data/marketmind_qml_dataset.csv,SPY
split_00_2018-12,42,2018-12-21,XLF,xgboost,0.662817716599,,3,4,0.0451950810675068,0.0383049320970712,0.0068901489704356,"ret_1d,ret_20d,vol_20d,month_cos",0.009791165997739881,0.0005021659890189767,,False,mktmind-qtm/data/marketmind_qml_dataset.csv,SPY
split_00_2018-12,42,2018-12-21,XLI,xgboost,0.662817716599,,4,7,0.0346987558303935,0.0383049320970712,-0.0036061762666776,"ret_1d,ret_20d,vol_20d,month_cos",0.009791165997739881,0.0005021659890189767,,False,mktmind-qtm/data/marketmind_qml_dataset.csv,SPY
split_00_2018-12,42,2018-12-21,XLK,xgboost,0.511199295521,1.0,9,2,0.0469592896701787,0.0383049320970712,0.0086543575731075,"ret_1d,ret_20d,vol_20d,month_cos",0.009791165997739881,0.0005021659890189767,,False,mktmind-qtm/data/marketmind_qml_dataset.csv,SPY
split_00_2018-12,42,2018-12-21,XLP,xgboost,0.505279302597,0.0,11,9,0.0119568633041897,0.0383049320970712,-0.0263480687928814,"ret_1d,ret_20d,vol_20d,month_cos",0.009791165997739881,0.0005021659890189767,,False,mktmind-qtm/data/marketmind_qml_dataset.csv,SPY
split_00_2018-12,42,2018-12-21,XLRE,xgboost,0.674848437309,0.0,2,10,0.0016155281232022,0.0383049320970712,-0.0366894039738689,"ret_1d,ret_20d,vol_20d,month_cos",0.009791165997739881,0.0005021659890189767,,False,mktmind-qtm/data/marketmind_qml_dataset.csv,SPY
split_00_2018-12,42,2018-12-21,XLU,xgboost,0.510750591755,0.0,10,11,-0.0165394346670039,0.0383049320970712,-0.0548443667640751,"ret_1d,ret_20d,vol_20d,month_cos",0.009791165997739881,0.0005021659890189767,,False,mktmind-qtm/data/marketmind_qml_dataset.csv,SPY
split_00_2018-12,42,2018-12-21,XLV,xgboost,0.681259095669,1.0,1,3,0.0463230922781199,0.0383049320970712,0.0080181601810487,"ret_1d,ret_20d,vol_20d,month_cos",0.009791165997739881,0.0005021659890189767,,False,mktmind-qtm/data/marketmind_qml_dataset.csv,SPY
split_00_2018-12,42,2018-12-21,XLY,xgboost,0.521865844727,1.0,8,1,0.0559937285186671,0.0383049320970712,0.0176887964215959,"ret_1d,ret_20d,vol_20d,month_cos",0.009791165997739881,0.0005021659890189767,,False,mktmind-qtm/data/marketmind_qml_dataset.csv,SPY
split_00_2018-12,42,2018-12-31,XLB,xgboost,0.410763442516,,6,5,0.0292955242570231,0.0274087172559669,0.0018868070010562,"ret_1d,ret_20d,vol_20d,month_cos",0.009791165997739881,0.0005021659890189767,,False,mktmind-qtm/data/marketmind_qml_dataset.csv,SPY
split_00_2018-12,42,2018-12-31,XLC,xgboost,0.444653689861,1.0,3,1,0.0687984316605165,0.0274087172559669,0.0413897144045496,"ret_1d,ret_20d,vol_20d,month_cos",0.009791165997739881,0.0005021659890189767,,False,mktmind-qtm/data/marketmind_qml_dataset.csv,SPY
split_00_2018-12,42,2018-12-31,XLE,xgboost,0.443092226982,1.0,5,2,0.0676548877490232,0.0274087172559669,0.0402461704930563,"ret_1d,ret_20d,vol_20d,month_cos",0.009791165997739881,0.0005021659890189767,,False,mktmind-qtm/data/marketmind_qml_dataset.csv,SPY
split_00_2018-12,42,2018-12-31,XLF,xgboost,0.410763442516,,7,6,0.0205710068723767,0.0274087172559669,-0.0068377103835901,"ret_1d,ret_20d,vol_20d,month_cos",0.009791165997739881,0.0005021659890189767,,False,mktmind-qtm/data/marketmind_qml_dataset.csv,SPY
split_00_2018-12,42,2018-12-31,XLI,xgboost,0.410763442516,,8,4,0.0336906861041008,0.0274087172559669,0.0062819688481339,"ret_1d,ret_20d,vol_20d,month_cos",0.009791165997739881,0.0005021659890189767,,False,mktmind-qtm/data/marketmind_qml_dataset.csv,SPY
split_00_2018-12,42,2018-12-31,XLK,xgboost,0.410763442516,0.0,9,9,0.009519232134602,0.0274087172559669,-0.0178894851213649,"ret_1d,ret_20d,vol_20d,month_cos",0.009791165997739881,0.0005021659890189767,,False,mktmind-qtm/data/marketmind_qml_dataset.csv,SPY
split_00_2018-12,42,2018-12-31,XLP,xgboost,0.568803787231,,2,8,0.0173298961800727,0.0274087172559669,-0.0100788210758941,"ret_1d,ret_20d,vol_20d,month_cos",0.009791165997739881,0.0005021659890189767,,False,mktmind-qtm/data/marketmind_qml_dataset.csv,SPY
split_00_2018-12,42,2018-12-31,XLRE,xgboost,0.444653689861,,4,7,0.0174194993644047,0.0274087172559669,-0.0099892178915621,"ret_1d,ret_20d,vol_20d,month_cos",0.009791165997739881,0.0005021659890189767,,False,mktmind-qtm/data/marketmind_qml_dataset.csv,SPY
split_00_2018-12,42,2018-12-31,XLU,xgboost,0.575091540813,0.0,1,11,0.00264528978489,0.0274087172559669,-0.0247634274710768,"ret_1d,ret_20d,vol_20d,month_cos",0.009791165997739881,0.0005021659890189767,,False,mktmind-qtm/data/marketmind_qml_dataset.csv,SPY
split_00_2018-12,42,2018-12-31,XLV,xgboost,0.331489503384,0.0,11,10,0.0052016785919632,0.0274087172559669,-0.0222070386640036,"ret_1d,ret_20d,vol_20d,month_cos",0.009791165997739881,0.0005021659890189767,,False,mktmind-qtm/data/marketmind_qml_dataset.csv,SPY
split_00_2018-12,42,2018-12-31,XLY,xgboost,0.410763442516,1.0,10,3,0.0529240874900942,0.0274087172559669,0.0255153702341273,"ret_1d,ret_20d,vol_20d,month_cos",0.009791165997739881,0.0005021659890189767,,False,mktmind-qtm/data/marketmind_qml_dataset.csv,SPY
split_00_2018-12,42,2018-12-07,XLB,pennylane_qnn,0.011998476333,,1,6,-0.0113657635562893,-0.0117616070190346,0.0003958434627452,"ret_1d,ret_20d,vol_20d,month_cos",8.433228624984622,0.12648933299351484,13.0,False,mktmind-qtm/data/marketmind_qml_dataset.csv,SPY
split_00_2018-12,42,2018-12-07,XLC,pennylane_qnn,-0.049398300433,1.0,2,2,0.0048390623680889,-0.0117616070190346,0.0166006693871235,"ret_1d,ret_20d,vol_20d,month_cos",8.433228624984622,0.12648933299351484,13.0,False,mktmind-qtm/data/marketmind_qml_dataset.csv,SPY
split_00_2018-12,42,2018-12-07,XLE,pennylane_qnn,-0.235861714085,0.0,8,10,-0.0309036250716863,-0.0117616070190346,-0.0191420180526517,"ret_1d,ret_20d,vol_20d,month_cos",8.433228624984622,0.12648933299351484,13.0,False,mktmind-qtm/data/marketmind_qml_dataset.csv,SPY
split_00_2018-12,42,2018-12-07,XLF,pennylane_qnn,-0.062742245203,0.0,3,11,-0.0346477056441223,-0.0117616070190346,-0.0228860986250877,"ret_1d,ret_20d,vol_20d,month_cos",8.433228624984622,0.12648933299351484,13.0,False,mktmind-qtm/data/marketmind_qml_dataset.csv,SPY
split_00_2018-12,42,2018-12-07,XLI,pennylane_qnn,-0.071477149962,,4,7,-0.014405144849957,-0.0117616070190346,-0.0026435378309224,"ret_1d,ret_20d,vol_20d,month_cos",8.433228624984622,0.12648933299351484,13.0,False,mktmind-qtm/data/marketmind_qml_dataset.csv,SPY
split_00_2018-12,42,2018-12-07,XLK,pennylane_qnn,-0.372573368483,1.0,11,3,-0.0004643380462061,-0.0117616070190346,0.0112972689728284,"ret_1d,ret_20d,vol_20d,month_cos",8.433228624984622,0.12648933299351484,13.0,False,mktmind-qtm/data/marketmind_qml_dataset.csv,SPY
split_00_2018-12,42,2018-12-07,XLP,pennylane_qnn,-0.202901836103,,6,4,-0.0040207276072319,-0.0117616070190346,0.0077408794118026,"ret_1d,ret_20d,vol_20d,month_cos",8.433228624984622,0.12648933299351484,13.0,False,mktmind-qtm/data/marketmind_qml_dataset.csv,SPY
split_00_2018-12,42,2018-12-07,XLRE,pennylane_qnn,-0.320293780799,,10,8,-0.0159008493547361,-0.0117616070190346,-0.0041392423357015,"ret_1d,ret_20d,vol_20d,month_cos",8.433228624984622,0.12648933299351484,13.0,False,mktmind-qtm/data/marketmind_qml_dataset.csv,SPY
split_00_2018-12,42,2018-12-07,XLU,pennylane_qnn,-0.251528529925,1.0,9,1,0.0063763274341193,-0.0117616070190346,0.0181379344531539,"ret_1d,ret_20d,vol_20d,month_cos",8.433228624984622,0.12648933299351484,13.0,False,mktmind-qtm/data/marketmind_qml_dataset.csv,SPY
split_00_2018-12,42,2018-12-07,XLV,pennylane_qnn,-0.223947632878,0.0,7,9,-0.0176678502771245,-0.0117616070190346,-0.0059062432580899,"ret_1d,ret_20d,vol_20d,month_cos",8.433228624984622,0.12648933299351484,13.0,False,mktmind-qtm/data/marketmind_qml_dataset.csv,SPY
split_00_2018-12,42,2018-12-07,XLY,pennylane_qnn,-0.167331516982,,5,5,-0.010061201383733,-0.0117616070190346,0.0017004056353016,"ret_1d,ret_20d,vol_20d,month_cos",8.433228624984622,0.12648933299351484,13.0,False,mktmind-qtm/data/marketmind_qml_dataset.csv,SPY
split_00_2018-12,42,2018-12-14,XLB,pennylane_qnn,-0.088512013079,1.0,6,2,-0.0468408011285863,-0.0705048663770638,0.0236640652484775,"ret_1d,ret_20d,vol_20d,month_cos",8.433228624984622,0.12648933299351484,13.0,False,mktmind-qtm/data/marketmind_qml_dataset.csv,SPY
split_00_2018-12,42,2018-12-14,XLC,pennylane_qnn,-0.140923280634,0.0,7,10,-0.0841638163282875,-0.0705048663770638,-0.0136589499512236,"ret_1d,ret_20d,vol_20d,month_cos",8.433228624984622,0.12648933299351484,13.0,False,mktmind-qtm/data/marketmind_qml_dataset.csv,SPY
split_00_2018-12,42,2018-12-14,XLE,pennylane_qnn,-0.081393599663,0.0,5,11,-0.0878587606906938,-0.0705048663770638,-0.0173538943136299,"ret_1d,ret_20d,vol_20d,month_cos",8.433228624984622,0.12648933299351484,13.0,False,mktmind-qtm/data/marketmind_qml_dataset.csv,SPY
split_00_2018-12,42,2018-12-14,XLF,pennylane_qnn,-0.033036714382,1.0,2,3,-0.053956169169497,-0.0705048663770638,0.0165486972075667,"ret_1d,ret_20d,vol_20d,month_cos",8.433228624984622,0.12648933299351484,13.0,False,mktmind-qtm/data/marketmind_qml_dataset.csv,SPY
split_00_2018-12,42,2018-12-14,XLI,pennylane_qnn,-0.073354387716,,4,5,-0.0658525725370194,-0.0705048663770638,0.0046522938400443,"ret_1d,ret_20d,vol_20d,month_cos",8.433228624984622,0.12648933299351484,13.0,False,mktmind-qtm/data/marketmind_qml_dataset.csv,SPY
split_00_2018-12,42,2018-12-14,XLK,pennylane_qnn,0.091610666912,,1,8,-0.0791861347752203,-0.0705048663770638,-0.0086812683981564,"ret_1d,ret_20d,vol_20d,month_cos",8.433228624984622,0.12648933299351484,13.0,False,mktmind-qtm/data/marketmind_qml_dataset.csv,SPY
split_00_2018-12,42,2018-12-14,XLP,pennylane_qnn,-0.257787727784,,10,7,-0.0708406527730807,-0.0705048663770638,-0.0003357863960168,"ret_1d,ret_20d,vol_20d,month_cos",8.433228624984622,0.12648933299351484,13.0,False,mktmind-qtm/data/marketmind_qml_dataset.csv,SPY
split_00_2018-12,42,2018-12-14,XLRE,pennylane_qnn,-0.397068017103,,11,4,-0.063035620693857,-0.0705048663770638,0.0074692456832068,"ret_1d,ret_20d,vol_20d,month_cos",8.433228624984622,0.12648933299351484,13.0,False,mktmind-qtm/data/marketmind_qml_dataset.csv,SPY
split_00_2018-12,42,2018-12-14,XLU,pennylane_qnn,-0.176197862498,1.0,9,1,-0.044930732123724,-0.0705048663770638,0.0255741342533398,"ret_1d,ret_20d,vol_20d,month_cos",8.433228624984622,0.12648933299351484,13.0,False,mktmind-qtm/data/marketmind_qml_dataset.csv,SPY
split_00_2018-12,42,2018-12-14,XLV,pennylane_qnn,-0.160236020607,,8,6,-0.0663747918958822,-0.0705048663770638,0.0041300744811816,"ret_1d,ret_20d,vol_20d,month_cos",8.433228624984622,0.12648933299351484,13.0,False,mktmind-qtm/data/marketmind_qml_dataset.csv,SPY
split_00_2018-12,42,2018-12-14,XLY,pennylane_qnn,-0.050716033062,0.0,3,9,-0.0801573977578373,-0.0705048663770638,-0.0096525313807734,"ret_1d,ret_20d,vol_20d,month_cos",8.433228624984622,0.12648933299351484,13.0,False,mktmind-qtm/data/marketmind_qml_dataset.csv,SPY
split_00_2018-12,42,2018-12-21,XLB,pennylane_qnn,0.124491679093,,1,5,0.0395058905700624,0.0383049320970712,0.0012009584729912,"ret_1d,ret_20d,vol_20d,month_cos",8.433228624984622,0.12648933299351484,13.0,False,mktmind-qtm/data/marketmind_qml_dataset.csv,SPY
split_00_2018-12,42,2018-12-21,XLC,pennylane_qnn,-0.08483583713,,7,6,0.0369254460263666,0.0383049320970712,-0.0013794860707045,"ret_1d,ret_20d,vol_20d,month_cos",8.433228624984622,0.12648933299351484,13.0,False,mktmind-qtm/data/marketmind_qml_dataset.csv,SPY
split_00_2018-12,42,2018-12-21,XLE,pennylane_qnn,-0.090916651671,,8,8,0.0220996476881398,0.0383049320970712,-0.0162052844089313,"ret_1d,ret_20d,vol_20d,month_cos",8.433228624984622,0.12648933299351484,13.0,False,mktmind-qtm/data/marketmind_qml_dataset.csv,SPY
split_00_2018-12,42,2018-12-21,XLF,pennylane_qnn,0.036761035284,,3,4,0.0451950810675068,0.0383049320970712,0.0068901489704356,"ret_1d,ret_20d,vol_20d,month_cos",8.433228624984622,0.12648933299351484,13.0,False,mktmind-qtm/data/marketmind_qml_dataset.csv,SPY
split_00_2018-12,42,2018-12-21,XLI,pennylane_qnn,-0.044013157059,,4,7,0.0346987558303935,0.0383049320970712,-0.0036061762666776,"ret_1d,ret_20d,vol_20d,month_cos",8.433228624984622,0.12648933299351484,13.0,False,mktmind-qtm/data/marketmind_qml_dataset.csv,SPY
split_00_2018-12,42,2018-12-21,XLK,pennylane_qnn,-0.319244739088,1.0,10,2,0.0469592896701787,0.0383049320970712,0.0086543575731075,"ret_1d,ret_20d,vol_20d,month_cos",8.433228624984622,0.12648933299351484,13.0,False,mktmind-qtm/data/marketmind_qml_dataset.csv,SPY
split_00_2018-12,42,2018-12-21,XLP,pennylane_qnn,0.110072490971,0.0,2,9,0.0119568633041897,0.0383049320970712,-0.0263480687928814,"ret_1d,ret_20d,vol_20d,month_cos",8.433228624984622,0.12648933299351484,13.0,False,mktmind-qtm/data/marketmind_qml_dataset.csv,SPY
split_00_2018-12,42,2018-12-21,XLRE,pennylane_qnn,-0.065781740262,0.0,6,10,0.0016155281232022,0.0383049320970712,-0.0366894039738689,"ret_1d,ret_20d,vol_20d,month_cos",8.433228624984622,0.12648933299351484,13.0,False,mktmind-qtm/data/marketmind_qml_dataset.csv,SPY
split_00_2018-12,42,2018-12-21,XLU,pennylane_qnn,-0.392808451138,0.0,11,11,-0.0165394346670039,0.0383049320970712,-0.0548443667640751,"ret_1d,ret_20d,vol_20d,month_cos",8.433228624984622,0.12648933299351484,13.0,False,mktmind-qtm/data/marketmind_qml_dataset.csv,SPY
split_00_2018-12,42,2018-12-21,XLV,pennylane_qnn,-0.051679600937,1.0,5,3,0.0463230922781199,0.0383049320970712,0.0080181601810487,"ret_1d,ret_20d,vol_20d,month_cos",8.433228624984622,0.12648933299351484,13.0,False,mktmind-qtm/data/marketmind_qml_dataset.csv,SPY
split_00_2018-12,42,2018-12-21,XLY,pennylane_qnn,-0.243051056287,1.0,9,1,0.0559937285186671,0.0383049320970712,0.0176887964215959,"ret_1d,ret_20d,vol_20d,month_cos",8.433228624984622,0.12648933299351484,13.0,False,mktmind-qtm/data/marketmind_qml_dataset.csv,SPY
split_00_2018-12,42,2018-12-31,XLB,pennylane_qnn,-0.156842626184,,3,5,0.0292955242570231,0.0274087172559669,0.0018868070010562,"ret_1d,ret_20d,vol_20d,month_cos",8.433228624984622,0.12648933299351484,13.0,False,mktmind-qtm/data/marketmind_qml_dataset.csv,SPY
split_00_2018-12,42,2018-12-31,XLC,pennylane_qnn,-0.301843462956,1.0,9,1,0.0687984316605165,0.0274087172559669,0.0413897144045496,"ret_1d,ret_20d,vol_20d,month_cos",8.433228624984622,0.12648933299351484,13.0,False,mktmind-qtm/data/marketmind_qml_dataset.csv,SPY
split_00_2018-12,42,2018-12-31,XLE,pennylane_qnn,-0.338697841001,1.0,10,2,0.0676548877490232,0.0274087172559669,0.0402461704930563,"ret_1d,ret_20d,vol_20d,month_cos",8.433228624984622,0.12648933299351484,13.0,False,mktmind-qtm/data/marketmind_qml_dataset.csv,SPY
split_00_2018-12,42,2018-12-31,XLF,pennylane_qnn,-0.248701243303,,7,6,0.0205710068723767,0.0274087172559669,-0.0068377103835901,"ret_1d,ret_20d,vol_20d,month_cos",8.433228624984622,0.12648933299351484,13.0,False,mktmind-qtm/data/marketmind_qml_dataset.csv,SPY
split_00_2018-12,42,2018-12-31,XLI,pennylane_qnn,-0.364175665443,,11,4,0.0336906861041008,0.0274087172559669,0.0062819688481339,"ret_1d,ret_20d,vol_20d,month_cos",8.433228624984622,0.12648933299351484,13.0,False,mktmind-qtm/data/marketmind_qml_dataset.csv,SPY
split_00_2018-12,42,2018-12-31,XLK,pennylane_qnn,-0.239701365386,0.0,6,9,0.009519232134602,0.0274087172559669,-0.0178894851213649,"ret_1d,ret_20d,vol_20d,month_cos",8.433228624984622,0.12648933299351484,13.0,False,mktmind-qtm/data/marketmind_qml_dataset.csv,SPY
split_00_2018-12,42,2018-12-31,XLP,pennylane_qnn,0.075886217196,,1,8,0.0173298961800727,0.0274087172559669,-0.0100788210758941,"ret_1d,ret_20d,vol_20d,month_cos",8.433228624984622,0.12648933299351484,13.0,False,mktmind-qtm/data/marketmind_qml_dataset.csv,SPY
split_00_2018-12,42,2018-12-31,XLRE,pennylane_qnn,-0.14498819948,,2,7,0.0174194993644047,0.0274087172559669,-0.0099892178915621,"ret_1d,ret_20d,vol_20d,month_cos",8.433228624984622,0.12648933299351484,13.0,False,mktmind-qtm/data/marketmind_qml_dataset.csv,SPY
split_00_2018-12,42,2018-12-31,XLU,pennylane_qnn,-0.195034251072,0.0,4,11,0.00264528978489,0.0274087172559669,-0.0247634274710768,"ret_1d,ret_20d,vol_20d,month_cos",8.433228624984622,0.12648933299351484,13.0,False,mktmind-qtm/data/marketmind_qml_dataset.csv,SPY
split_00_2018-12,42,2018-12-31,XLV,pennylane_qnn,-0.224145439483,0.0,5,10,0.0052016785919632,0.0274087172559669,-0.0222070386640036,"ret_1d,ret_20d,vol_20d,month_cos",8.433228624984622,0.12648933299351484,13.0,False,mktmind-qtm/data/marketmind_qml_dataset.csv,SPY
split_00_2018-12,42,2018-12-31,XLY,pennylane_qnn,-0.270073578554,1.0,8,3,0.0529240874900942,0.0274087172559669,0.0255153702341273,"ret_1d,ret_20d,vol_20d,month_cos",8.433228624984622,0.12648933299351484,13.0,False,mktmind-qtm/data/marketmind_qml_dataset.csv,SPY
split_01_2019-01,42,2019-01-08,XLB,naive_momentum,0.028360484627,0.0,3,11,-0.009038630373423,0.0139423721028788,-0.0229810024763018,relative_strength_20d,0.0,0.0,0.0,False,mktmind-qtm/data/marketmind_qml_dataset.csv,SPY
split_01_2019-01,42,2019-01-08,XLC,naive_momentum,0.040010852731,,1,7,0.011332695473911,0.0139423721028788,-0.0026096766289678,relative_strength_20d,0.0,0.0,0.0,False,mktmind-qtm/data/marketmind_qml_dataset.csv,SPY
split_01_2019-01,42,2019-01-08,XLE,naive_momentum,-0.015276098608,,7,6,0.0138817538360043,0.0139423721028788,-6.0618266874534754e-05,relative_strength_20d,0.0,0.0,0.0,False,mktmind-qtm/data/marketmind_qml_dataset.csv,SPY
split_01_2019-01,42,2019-01-08,XLF,naive_momentum,-0.005712720497,1.0,5,1,0.0238583785705013,0.0139423721028788,0.0099160064676224,relative_strength_20d,0.0,0.0,0.0,False,mktmind-qtm/data/marketmind_qml_dataset.csv,SPY
split_01_2019-01,42,2019-01-08,XLI,naive_momentum,0.004843467391,,4,5,0.0160707071587802,0.0139423721028788,0.0021283350559013,relative_strength_20d,0.0,0.0,0.0,False,mktmind-qtm/data/marketmind_qml_dataset.csv,SPY
split_01_2019-01,42,2019-01-08,XLK,naive_momentum,-0.007109496817,1.0,6,3,0.0212564070955756,0.0139423721028788,0.0073140349926967,relative_strength_20d,0.0,0.0,0.0,False,mktmind-qtm/data/marketmind_qml_dataset.csv,SPY
split_01_2019-01,42,2019-01-08,XLP,naive_momentum,-0.027171415675,0.0,9,9,0.0044520616571981,0.0139423721028788,-0.0094903104456807,relative_strength_20d,0.0,0.0,0.0,False,mktmind-qtm/data/marketmind_qml_dataset.csv,SPY
split_01_2019-01,42,2019-01-08,XLRE,naive_momentum,-0.040245931235,1.0,11,2,0.0218769464621151,0.0139423721028788,0.0079345743592362,relative_strength_20d,0.0,0.0,0.0,False,mktmind-qtm/data/marketmind_qml_dataset.csv,SPY
split_01_2019-01,42,2019-01-08,XLU,naive_momentum,-0.032126712202,0.0,10,10,-0.0073500365398779,0.0139423721028788,-0.0212924086427568,relative_strength_20d,0.0,0.0,0.0,False,mktmind-qtm/data/marketmind_qml_dataset.csv,SPY
split_01_2019-01,42,2019-01-08,XLV,naive_momentum,-0.015283314916,,8,4,0.016559434281725,0.0139423721028788,0.0026170621788461,relative_strength_20d,0.0,0.0,0.0,False,mktmind-qtm/data/marketmind_qml_dataset.csv,SPY
split_01_2019-01,42,2019-01-08,XLY,naive_momentum,0.032576297025,,2,8,0.006043143514389,0.0139423721028788,-0.0078992285884897,relative_strength_20d,0.0,0.0,0.0,False,mktmind-qtm/data/marketmind_qml_dataset.csv,SPY
split_01_2019-01,42,2019-01-15,XLB,naive_momentum,0.005246971032,,5,4,0.0170774771769637,0.0117536491596008,0.0053238280173628,relative_strength_20d,0.0,0.0,0.0,False,mktmind-qtm/data/marketmind_qml_dataset.csv,SPY
split_01_2019-01,42,2019-01-15,XLC,naive_momentum,0.021114996396,0.0,3,11,-0.0174809872209378,0.0117536491596008,-0.0292346363805386,relative_strength_20d,0.0,0.0,0.0,False,mktmind-qtm/data/marketmind_qml_dataset.csv,SPY
split_01_2019-01,42,2019-01-15,XLE,naive_momentum,0.00381527645,0.0,6,10,-0.0043490117204717,0.0117536491596008,-0.0161026608800726,relative_strength_20d,0.0,0.0,0.0,False,mktmind-qtm/data/marketmind_qml_dataset.csv,SPY
split_01_2019-01,42,2019-01-15,XLF,naive_momentum,0.027841347004,1.0,1,1,0.0337486910617266,0.0117536491596008,0.0219950419021257,relative_strength_20d,0.0,0.0,0.0,False,mktmind-qtm/data/marketmind_qml_dataset.csv,SPY
split_01_2019-01,42,2019-01-15,XLI,naive_momentum,0.009805842368,1.0,4,3,0.0175904430238857,0.0117536491596008,0.0058367938642849,relative_strength_20d,0.0,0.0,0.0,False,mktmind-qtm/data/marketmind_qml_dataset.csv,SPY
split_01_2019-01,42,2019-01-15,XLK,naive_momentum,-0.011456998821,,8,8,0.0089198020613245,0.0117536491596008,-0.0028338470982762,relative_strength_20d,0.0,0.0,0.0,False,mktmind-qtm/data/marketmind_qml_dataset.csv,SPY
split_01_2019-01,42,2019-01-15,XLP,naive_momentum,-0.044553470453,,10,5,0.0134900753992845,0.0117536491596008,0.0017364262396837,relative_strength_20d,0.0,0.0,0.0,False,mktmind-qtm/data/marketmind_qml_dataset.csv,SPY
split_01_2019-01,42,2019-01-15,XLRE,naive_momentum,-0.029661533239,,9,7,0.0121003841367905,0.0117536491596008,0.0003467349771897,relative_strength_20d,0.0,0.0,0.0,False,mktmind-qtm/data/marketmind_qml_dataset.csv,SPY
split_01_2019-01,42,2019-01-15,XLU,naive_momentum,-0.070540439459,1.0,11,2,0.0210744056230594,0.0117536491596008,0.0093207564634585,relative_strength_20d,0.0,0.0,0.0,False,mktmind-qtm/data/marketmind_qml_dataset.csv,SPY
split_01_2019-01,42,2019-01-15,XLV,naive_momentum,-0.007160481306,,7,6,0.0131219922194314,0.0117536491596008,0.0013683430598305,relative_strength_20d,0.0,0.0,0.0,False,mktmind-qtm/data/marketmind_qml_dataset.csv,SPY
split_01_2019-01,42,2019-01-15,XLY,naive_momentum,0.023560288486,0.0,2,9,0.0051486117219579,0.0117536491596008,-0.0066050374376429,relative_strength_20d,0.0,0.0,0.0,False,mktmind-qtm/data/marketmind_qml_dataset.csv,SPY
split_01_2019-01,42,2019-01-23,XLB,naive_momentum,-0.015955091976,1.0,8,3,0.0333905173034176,0.0158304339817185,0.0175600833216991,relative_strength_20d,0.0,0.0,0.0,False,mktmind-qtm/data/marketmind_qml_dataset.csv,SPY
split_01_2019-01,42,2019-01-23,XLC,naive_momentum,0.006880872172,,5,7,0.0109491870108304,0.0158304339817185,-0.004881246970888,relative_strength_20d,0.0,0.0,0.0,False,mktmind-qtm/data/marketmind_qml_dataset.csv,SPY
split_01_2019-01,42,2019-01-23,XLE,naive_momentum,0.007236474107,,4,5,0.0252385959360865,0.0158304339817185,0.009408161954368,relative_strength_20d,0.0,0.0,0.0,False,mktmind-qtm/data/marketmind_qml_dataset.csv,SPY
split_01_2019-01,42,2019-01-23,XLF,naive_momentum,0.034653975534,,1,8,0.0097161734834008,0.0158304339817185,-0.0061142604983177,relative_strength_20d,0.0,0.0,0.0,False,mktmind-qtm/data/marketmind_qml_dataset.csv,SPY
split_01_2019-01,42,2019-01-23,XLI,naive_momentum,0.011513457895,1.0,3,2,0.0380596815405349,0.0158304339817185,0.0222292475588163,relative_strength_20d,0.0,0.0,0.0,False,mktmind-qtm/data/marketmind_qml_dataset.csv,SPY
split_01_2019-01,42,2019-01-23,XLK,naive_momentum,-0.005329991032,,6,4,0.0291612822002258,0.0158304339817185,0.0133308482185072,relative_strength_20d,0.0,0.0,0.0,False,mktmind-qtm/data/marketmind_qml_dataset.csv,SPY
split_01_2019-01,42,2019-01-23,XLP,naive_momentum,-0.046322808893,0.0,10,11,-0.0032325010475047,0.0158304339817185,-0.0190629350292232,relative_strength_20d,0.0,0.0,0.0,False,mktmind-qtm/data/marketmind_qml_dataset.csv,SPY
split_01_2019-01,42,2019-01-23,XLRE,naive_momentum,-0.040391950286,1.0,9,1,0.0423053479600801,0.0158304339817185,0.0264749139783615,relative_strength_20d,0.0,0.0,0.0,False,mktmind-qtm/data/marketmind_qml_dataset.csv,SPY
split_01_2019-01,42,2019-01-23,XLU,naive_momentum,-0.094907486449,0.0,11,10,-0.0027891521636767,0.0158304339817185,-0.0186195861453952,relative_strength_20d,0.0,0.0,0.0,False,mktmind-qtm/data/marketmind_qml_dataset.csv,SPY
split_01_2019-01,42,2019-01-23,XLV,naive_momentum,-0.011137754546,0.0,7,9,-0.0001116563114598,0.0158304339817185,-0.0159420902931783,relative_strength_20d,0.0,0.0,0.0,False,mktmind-qtm/data/marketmind_qml_dataset.csv,SPY
split_01_2019-01,42,2019-01-23,XLY,naive_momentum,0.030009798944,,2,6,0.022576463155663,0.0158304339817185,0.0067460291739445,relative_strength_20d,0.0,0.0,0.0,False,mktmind-qtm/data/marketmind_qml_dataset.csv,SPY
split_01_2019-01,42,2019-01-30,XLB,naive_momentum,0.001388365626,0.0,7,11,-0.0123705823746254,0.0192843010983494,-0.0316548834729748,relative_strength_20d,0.0,0.0,0.0,False,mktmind-qtm/data/marketmind_qml_dataset.csv,SPY
split_01_2019-01,42,2019-01-30,XLC,naive_momentum,0.002981297842,1.0,6,1,0.0347471161952233,0.0192843010983494,0.0154628150968738,relative_strength_20d,0.0,0.0,0.0,False,mktmind-qtm/data/marketmind_qml_dataset.csv,SPY
split_01_2019-01,42,2019-01-30,XLE,naive_momentum,0.034307145491,,2,5,0.0203564770790691,0.0192843010983494,0.0010721759807197,relative_strength_20d,0.0,0.0,0.0,False,mktmind-qtm/data/marketmind_qml_dataset.csv,SPY
split_01_2019-01,42,2019-01-30,XLF,naive_momentum,0.020017809615,0.0,4,10,0.003079486053692,0.0192843010983494,-0.0162048150446574,relative_strength_20d,0.0,0.0,0.0,False,mktmind-qtm/data/marketmind_qml_dataset.csv,SPY
split_01_2019-01,42,2019-01-30,XLI,naive_momentum,0.038793154815,1.0,1,3,0.027987557234393,0.0192843010983494,0.0087032561360436,relative_strength_20d,0.0,0.0,0.0,False,mktmind-qtm/data/marketmind_qml_dataset.csv,SPY
split_01_2019-01,42,2019-01-30,XLK,naive_momentum,-0.000155404432,1.0,8,2,0.0330069050915609,0.0192843010983494,0.0137226039932114,relative_strength_20d,0.0,0.0,0.0,False,mktmind-qtm/data/marketmind_qml_dataset.csv,SPY
split_01_2019-01,42,2019-01-30,XLP,naive_momentum,-0.038365970918,,10,4,0.0221290634279145,0.0192843010983494,0.002844762329565,relative_strength_20d,0.0,0.0,0.0,False,mktmind-qtm/data/marketmind_qml_dataset.csv,SPY
split_01_2019-01,42,2019-01-30,XLRE,naive_momentum,0.026111852391,,3,8,0.0082352780925385,0.0192843010983494,-0.0110490230058108,relative_strength_20d,0.0,0.0,0.0,False,mktmind-qtm/data/marketmind_qml_dataset.csv,SPY
split_01_2019-01,42,2019-01-30,XLU,naive_momentum,-0.057246139766,,11,6,0.0203246935920202,0.0192843010983494,0.0010403924936708,relative_strength_20d,0.0,0.0,0.0,False,mktmind-qtm/data/marketmind_qml_dataset.csv,SPY
split_01_2019-01,42,2019-01-30,XLV,naive_momentum,-0.035521989918,,9,7,0.0136237840229362,0.0192843010983494,-0.0056605170754131,relative_strength_20d,0.0,0.0,0.0,False,mktmind-qtm/data/marketmind_qml_dataset.csv,SPY
split_01_2019-01,42,2019-01-30,XLY,naive_momentum,0.018116682254,0.0,5,9,0.0060295945448385,0.0192843010983494,-0.0132547065535109,relative_strength_20d,0.0,0.0,0.0,False,mktmind-qtm/data/marketmind_qml_dataset.csv,SPY
split_01_2019-01,42,2019-01-08,XLB,logistic_regression,-0.18688136125,0.0,6,11,-0.009038630373423,0.0139423721028788,-0.0229810024763018,"ret_1d,volume_ratio_20d,weekday_cos,month_cos",0.0015993329870980233,9.124999633058906e-05,5.0,False,mktmind-qtm/data/marketmind_qml_dataset.csv,SPY
split_01_2019-01,42,2019-01-08,XLC,logistic_regression,-0.310660225254,,10,7,0.011332695473911,0.0139423721028788,-0.0026096766289678,"ret_1d,volume_ratio_20d,weekday_cos,month_cos",0.0015993329870980233,9.124999633058906e-05,5.0,False,mktmind-qtm/data/marketmind_qml_dataset.csv,SPY
split_01_2019-01,42,2019-01-08,XLE,logistic_regression,-0.131906654128,,2,6,0.0138817538360043,0.0139423721028788,-6.0618266874534754e-05,"ret_1d,volume_ratio_20d,weekday_cos,month_cos",0.0015993329870980233,9.124999633058906e-05,5.0,False,mktmind-qtm/data/marketmind_qml_dataset.csv,SPY
split_01_2019-01,42,2019-01-08,XLF,logistic_regression,0.003597894324,1.0,1,1,0.0238583785705013,0.0139423721028788,0.0099160064676224,"ret_1d,volume_ratio_20d,weekday_cos,month_cos",0.0015993329870980233,9.124999633058906e-05,5.0,False,mktmind-qtm/data/marketmind_qml_dataset.csv,SPY
split_01_2019-01,42,2019-01-08,XLI,logistic_regression,-0.252938546205,,9,5,0.0160707071587802,0.0139423721028788,0.0021283350559013,"ret_1d,volume_ratio_20d,weekday_cos,month_cos",0.0015993329870980233,9.124999633058906e-05,5.0,False,mktmind-qtm/data/marketmind_qml_dataset.csv,SPY
split_01_2019-01,42,2019-01-08,XLK,logistic_regression,-0.143566423278,1.0,4,3,0.0212564070955756,0.0139423721028788,0.0073140349926967,"ret_1d,volume_ratio_20d,weekday_cos,month_cos",0.0015993329870980233,9.124999633058906e-05,5.0,False,mktmind-qtm/data/marketmind_qml_dataset.csv,SPY
split_01_2019-01,42,2019-01-08,XLP,logistic_regression,-0.162161776812,0.0,5,9,0.0044520616571981,0.0139423721028788,-0.0094903104456807,"ret_1d,volume_ratio_20d,weekday_cos,month_cos",0.0015993329870980233,9.124999633058906e-05,5.0,False,mktmind-qtm/data/marketmind_qml_dataset.csv,SPY
split_01_2019-01,42,2019-01-08,XLRE,logistic_regression,-0.324399314582,1.0,11,2,0.0218769464621151,0.0139423721028788,0.0079345743592362,"ret_1d,volume_ratio_20d,weekday_cos,month_cos",0.0015993329870980233,9.124999633058906e-05,5.0,False,mktmind-qtm/data/marketmind_qml_dataset.csv,SPY
split_01_2019-01,42,2019-01-08,XLU,logistic_regression,-0.223882346415,0.0,8,10,-0.0073500365398779,0.0139423721028788,-0.0212924086427568,"ret_1d,volume_ratio_20d,weekday_cos,month_cos",0.0015993329870980233,9.124999633058906e-05,5.0,False,mktmind-qtm/data/marketmind_qml_dataset.csv,SPY
split_01_2019-01,42,2019-01-08,XLV,logistic_regression,-0.132411298775,,3,4,0.016559434281725,0.0139423721028788,0.0026170621788461,"ret_1d,volume_ratio_20d,weekday_cos,month_cos",0.0015993329870980233,9.124999633058906e-05,5.0,False,mktmind-qtm/data/marketmind_qml_dataset.csv,SPY
split_01_2019-01,42,2019-01-08,XLY,logistic_regression,-0.199157900616,,7,8,0.006043143514389,0.0139423721028788,-0.0078992285884897,"ret_1d,volume_ratio_20d,weekday_cos,month_cos",0.0015993329870980233,9.124999633058906e-05,5.0,False,mktmind-qtm/data/marketmind_qml_dataset.csv,SPY
split_01_2019-01,42,2019-01-15,XLB,logistic_regression,0.152505075862,,1,4,0.0170774771769637,0.0117536491596008,0.0053238280173628,"ret_1d,volume_ratio_20d,weekday_cos,month_cos",0.0015993329870980233,9.124999633058906e-05,5.0,False,mktmind-qtm/data/marketmind_qml_dataset.csv,SPY
split_01_2019-01,42,2019-01-15,XLC,logistic_regression,-0.307595250706,0.0,10,11,-0.0174809872209378,0.0117536491596008,-0.0292346363805386,"ret_1d,volume_ratio_20d,weekday_cos,month_cos",0.0015993329870980233,9.124999633058906e-05,5.0,False,mktmind-qtm/data/marketmind_qml_dataset.csv,SPY
split_01_2019-01,42,2019-01-15,XLE,logistic_regression,-0.046892903496,0.0,3,10,-0.0043490117204717,0.0117536491596008,-0.0161026608800726,"ret_1d,volume_ratio_20d,weekday_cos,month_cos",0.0015993329870980233,9.124999633058906e-05,5.0,False,mktmind-qtm/data/marketmind_qml_dataset.csv,SPY
split_01_2019-01,42,2019-01-15,XLF,logistic_regression,-0.155202080276,1.0,4,1,0.0337486910617266,0.0117536491596008,0.0219950419021257,"ret_1d,volume_ratio_20d,weekday_cos,month_cos",0.0015993329870980233,9.124999633058906e-05,5.0,False,mktmind-qtm/data/marketmind_qml_dataset.csv,SPY
split_01_2019-01,42,2019-01-15,XLI,logistic_regression,0.083218452864,1.0,2,3,0.0175904430238857,0.0117536491596008,0.0058367938642849,"ret_1d,volume_ratio_20d,weekday_cos,month_cos",0.0015993329870980233,9.124999633058906e-05,5.0,False,mktmind-qtm/data/marketmind_qml_dataset.csv,SPY
split_01_2019-01,42,2019-01-15,XLK,logistic_regression,-0.277322297652,,9,8,0.0089198020613245,0.0117536491596008,-0.0028338470982762,"ret_1d,volume_ratio_20d,weekday_cos,month_cos",0.0015993329870980233,9.124999633058906e-05,5.0,False,mktmind-qtm/data/marketmind_qml_dataset.csv,SPY
split_01_2019-01,42,2019-01-15,XLP,logistic_regression,-0.173441731073,,6,5,0.0134900753992845,0.0117536491596008,0.0017364262396837,"ret_1d,volume_ratio_20d,weekday_cos,month_cos",0.0015993329870980233,9.124999633058906e-05,5.0,False,mktmind-qtm/data/marketmind_qml_dataset.csv,SPY
split_01_2019-01,42,2019-01-15,XLRE,logistic_regression,-0.200528912705,,7,7,0.0121003841367905,0.0117536491596008,0.0003467349771897,"ret_1d,volume_ratio_20d,weekday_cos,month_cos",0.0015993329870980233,9.124999633058906e-05,5.0,False,mktmind-qtm/data/marketmind_qml_dataset.csv,SPY
split_01_2019-01,42,2019-01-15,XLU,logistic_regression,-0.22431301512,1.0,8,2,0.0210744056230594,0.0117536491596008,0.0093207564634585,"ret_1d,volume_ratio_20d,weekday_cos,month_cos",0.0015993329870980233,9.124999633058906e-05,5.0,False,mktmind-qtm/data/marketmind_qml_dataset.csv,SPY
split_01_2019-01,42,2019-01-15,XLV,logistic_regression,-0.334086312513,,11,6,0.0131219922194314,0.0117536491596008,0.0013683430598305,"ret_1d,volume_ratio_20d,weekday_cos,month_cos",0.0015993329870980233,9.124999633058906e-05,5.0,False,mktmind-qtm/data/marketmind_qml_dataset.csv,SPY
split_01_2019-01,42,2019-01-15,XLY,logistic_regression,-0.155852451743,0.0,5,9,0.0051486117219579,0.0117536491596008,-0.0066050374376429,"ret_1d,volume_ratio_20d,weekday_cos,month_cos",0.0015993329870980233,9.124999633058906e-05,5.0,False,mktmind-qtm/data/marketmind_qml_dataset.csv,SPY
split_01_2019-01,42,2019-01-23,XLB,logistic_regression,0.127751943412,1.0,2,3,0.0333905173034176,0.0158304339817185,0.0175600833216991,"ret_1d,volume_ratio_20d,weekday_cos,month_cos",0.0015993329870980233,9.124999633058906e-05,5.0,False,mktmind-qtm/data/marketmind_qml_dataset.csv,SPY
split_01_2019-01,42,2019-01-23,XLC,logistic_regression,0.082213707453,,3,7,0.0109491870108304,0.0158304339817185,-0.004881246970888,"ret_1d,volume_ratio_20d,weekday_cos,month_cos",0.0015993329870980233,9.124999633058906e-05,5.0,False,mktmind-qtm/data/marketmind_qml_dataset.csv,SPY
split_01_2019-01,42,2019-01-23,XLE,logistic_regression,0.191552171694,,1,5,0.0252385959360865,0.0158304339817185,0.009408161954368,"ret_1d,volume_ratio_20d,weekday_cos,month_cos",0.0015993329870980233,9.124999633058906e-05,5.0,False,mktmind-qtm/data/marketmind_qml_dataset.csv,SPY
split_01_2019-01,42,2019-01-23,XLF,logistic_regression,-0.031225896598,,6,8,0.0097161734834008,0.0158304339817185,-0.0061142604983177,"ret_1d,volume_ratio_20d,weekday_cos,month_cos",0.0015993329870980233,9.124999633058906e-05,5.0,False,mktmind-qtm/data/marketmind_qml_dataset.csv,SPY
split_01_2019-01,42,2019-01-23,XLI,logistic_regression,-0.038058333636,1.0,7,2,0.0380596815405349,0.0158304339817185,0.0222292475588163,"ret_1d,volume_ratio_20d,weekday_cos,month_cos",0.0015993329870980233,9.124999633058906e-05,5.0,False,mktmind-qtm/data/marketmind_qml_dataset.csv,SPY
split_01_2019-01,42,2019-01-23,XLK,logistic_regression,-0.075704226525,,9,4,0.0291612822002258,0.0158304339817185,0.0133308482185072,"ret_1d,volume_ratio_20d,weekday_cos,month_cos",0.0015993329870980233,9.124999633058906e-05,5.0,False,mktmind-qtm/data/marketmind_qml_dataset.csv,SPY
split_01_2019-01,42,2019-01-23,XLP,logistic_regression,-0.248039232374,0.0,11,11,-0.0032325010475047,0.0158304339817185,-0.0190629350292232,"ret_1d,volume_ratio_20d,weekday_cos,month_cos",0.0015993329870980233,9.124999633058906e-05,5.0,False,mktmind-qtm/data/marketmind_qml_dataset.csv,SPY
split_01_2019-01,42,2019-01-23,XLRE,logistic_regression,-0.018716850281,1.0,4,1,0.0423053479600801,0.0158304339817185,0.0264749139783615,"ret_1d,volume_ratio_20d,weekday_cos,month_cos",0.0015993329870980233,9.124999633058906e-05,5.0,False,mktmind-qtm/data/marketmind_qml_dataset.csv,SPY
split_01_2019-01,42,2019-01-23,XLU,logistic_regression,-0.209293003294,0.0,10,10,-0.0027891521636767,0.0158304339817185,-0.0186195861453952,"ret_1d,volume_ratio_20d,weekday_cos,month_cos",0.0015993329870980233,9.124999633058906e-05,5.0,False,mktmind-qtm/data/marketmind_qml_dataset.csv,SPY
split_01_2019-01,42,2019-01-23,XLV,logistic_regression,-0.030034137829,0.0,5,9,-0.0001116563114598,0.0158304339817185,-0.0159420902931783,"ret_1d,volume_ratio_20d,weekday_cos,month_cos",0.0015993329870980233,9.124999633058906e-05,5.0,False,mktmind-qtm/data/marketmind_qml_dataset.csv,SPY
split_01_2019-01,42,2019-01-23,XLY,logistic_regression,-0.049215639801,,8,6,0.022576463155663,0.0158304339817185,0.0067460291739445,"ret_1d,volume_ratio_20d,weekday_cos,month_cos",0.0015993329870980233,9.124999633058906e-05,5.0,False,mktmind-qtm/data/marketmind_qml_dataset.csv,SPY
split_01_2019-01,42,2019-01-30,XLB,logistic_regression,-0.220200305129,0.0,5,11,-0.0123705823746254,0.0192843010983494,-0.0316548834729748,"ret_1d,volume_ratio_20d,weekday_cos,month_cos",0.0015993329870980233,9.124999633058906e-05,5.0,False,mktmind-qtm/data/marketmind_qml_dataset.csv,SPY
split_01_2019-01,42,2019-01-30,XLC,logistic_regression,-0.294284588646,1.0,8,1,0.0347471161952233,0.0192843010983494,0.0154628150968738,"ret_1d,volume_ratio_20d,weekday_cos,month_cos",0.0015993329870980233,9.124999633058906e-05,5.0,False,mktmind-qtm/data/marketmind_qml_dataset.csv,SPY
split_01_2019-01,42,2019-01-30,XLE,logistic_regression,-0.288021724563,,7,5,0.0203564770790691,0.0192843010983494,0.0010721759807197,"ret_1d,volume_ratio_20d,weekday_cos,month_cos",0.0015993329870980233,9.124999633058906e-05,5.0,False,mktmind-qtm/data/marketmind_qml_dataset.csv,SPY
split_01_2019-01,42,2019-01-30,XLF,logistic_regression,-0.125703889013,0.0,1,10,0.003079486053692,0.0192843010983494,-0.0162048150446574,"ret_1d,volume_ratio_20d,weekday_cos,month_cos",0.0015993329870980233,9.124999633058906e-05,5.0,False,mktmind-qtm/data/marketmind_qml_dataset.csv,SPY
split_01_2019-01,42,2019-01-30,XLI,logistic_regression,-0.320921753305,1.0,9,3,0.027987557234393,0.0192843010983494,0.0087032561360436,"ret_1d,volume_ratio_20d,weekday_cos,month_cos",0.0015993329870980233,9.124999633058906e-05,5.0,False,mktmind-qtm/data/marketmind_qml_dataset.csv,SPY
split_01_2019-01,42,2019-01-30,XLK,logistic_regression,-0.628526719164,1.0,11,2,0.0330069050915609,0.0192843010983494,0.0137226039932114,"ret_1d,volume_ratio_20d,weekday_cos,month_cos",0.0015993329870980233,9.124999633058906e-05,5.0,False,mktmind-qtm/data/marketmind_qml_dataset.csv,SPY
split_01_2019-01,42,2019-01-30,XLP,logistic_regression,-0.14243931419,,2,4,0.0221290634279145,0.0192843010983494,0.002844762329565,"ret_1d,volume_ratio_20d,weekday_cos,month_cos",0.0015993329870980233,9.124999633058906e-05,5.0,False,mktmind-qtm/data/marketmind_qml_dataset.csv,SPY
split_01_2019-01,42,2019-01-30,XLRE,logistic_regression,-0.174083014721,,4,8,0.0082352780925385,0.0192843010983494,-0.0110490230058108,"ret_1d,volume_ratio_20d,weekday_cos,month_cos",0.0015993329870980233,9.124999633058906e-05,5.0,False,mktmind-qtm/data/marketmind_qml_dataset.csv,SPY
split_01_2019-01,42,2019-01-30,XLU,logistic_regression,-0.162629658181,,3,6,0.0203246935920202,0.0192843010983494,0.0010403924936708,"ret_1d,volume_ratio_20d,weekday_cos,month_cos",0.0015993329870980233,9.124999633058906e-05,5.0,False,mktmind-qtm/data/marketmind_qml_dataset.csv,SPY
split_01_2019-01,42,2019-01-30,XLV,logistic_regression,-0.282229010611,,6,7,0.0136237840229362,0.0192843010983494,-0.0056605170754131,"ret_1d,volume_ratio_20d,weekday_cos,month_cos",0.0015993329870980233,9.124999633058906e-05,5.0,False,mktmind-qtm/data/marketmind_qml_dataset.csv,SPY
split_01_2019-01,42,2019-01-30,XLY,logistic_regression,-0.400845889455,0.0,10,9,0.0060295945448385,0.0192843010983494,-0.0132547065535109,"ret_1d,volume_ratio_20d,weekday_cos,month_cos",0.0015993329870980233,9.124999633058906e-05,5.0,False,mktmind-qtm/data/marketmind_qml_dataset.csv,SPY
split_01_2019-01,42,2019-01-08,XLB,ridge_linear,-0.091517148126,0.0,6,11,-0.009038630373423,0.0139423721028788,-0.0229810024763018,"ret_1d,volume_ratio_20d,weekday_cos,month_cos",0.0012295000196900219,8.349999552592635e-05,5.0,False,mktmind-qtm/data/marketmind_qml_dataset.csv,SPY
split_01_2019-01,42,2019-01-08,XLC,ridge_linear,-0.152592469281,,10,7,0.011332695473911,0.0139423721028788,-0.0026096766289678,"ret_1d,volume_ratio_20d,weekday_cos,month_cos",0.0012295000196900219,8.349999552592635e-05,5.0,False,mktmind-qtm/data/marketmind_qml_dataset.csv,SPY
split_01_2019-01,42,2019-01-08,XLE,ridge_linear,-0.064193674068,,2,6,0.0138817538360043,0.0139423721028788,-6.0618266874534754e-05,"ret_1d,volume_ratio_20d,weekday_cos,month_cos",0.0012295000196900219,8.349999552592635e-05,5.0,False,mktmind-qtm/data/marketmind_qml_dataset.csv,SPY
split_01_2019-01,42,2019-01-08,XLF,ridge_linear,0.002734871441,1.0,1,1,0.0238583785705013,0.0139423721028788,0.0099160064676224,"ret_1d,volume_ratio_20d,weekday_cos,month_cos",0.0012295000196900219,8.349999552592635e-05,5.0,False,mktmind-qtm/data/marketmind_qml_dataset.csv,SPY
split_01_2019-01,42,2019-01-08,XLI,ridge_linear,-0.124729511206,,9,5,0.0160707071587802,0.0139423721028788,0.0021283350559013,"ret_1d,volume_ratio_20d,weekday_cos,month_cos",0.0012295000196900219,8.349999552592635e-05,5.0,False,mktmind-qtm/data/marketmind_qml_dataset.csv,SPY
split_01_2019-01,42,2019-01-08,XLK,ridge_linear,-0.069769385395,1.0,4,3,0.0212564070955756,0.0139423721028788,0.0073140349926967,"ret_1d,volume_ratio_20d,weekday_cos,month_cos",0.0012295000196900219,8.349999552592635e-05,5.0,False,mktmind-qtm/data/marketmind_qml_dataset.csv,SPY
split_01_2019-01,42,2019-01-08,XLP,ridge_linear,-0.07949285262,0.0,5,9,0.0044520616571981,0.0139423721028788,-0.0094903104456807,"ret_1d,volume_ratio_20d,weekday_cos,month_cos",0.0012295000196900219,8.349999552592635e-05,5.0,False,mktmind-qtm/data/marketmind_qml_dataset.csv,SPY
split_01_2019-01,42,2019-01-08,XLRE,ridge_linear,-0.159765090353,1.0,11,2,0.0218769464621151,0.0139423721028788,0.0079345743592362,"ret_1d,volume_ratio_20d,weekday_cos,month_cos",0.0012295000196900219,8.349999552592635e-05,5.0,False,mktmind-qtm/data/marketmind_qml_dataset.csv,SPY
split_01_2019-01,42,2019-01-08,XLU,ridge_linear,-0.109715233844,0.0,8,10,-0.0073500365398779,0.0139423721028788,-0.0212924086427568,"ret_1d,volume_ratio_20d,weekday_cos,month_cos",0.0012295000196900219,8.349999552592635e-05,5.0,False,mktmind-qtm/data/marketmind_qml_dataset.csv,SPY
split_01_2019-01,42,2019-01-08,XLV,ridge_linear,-0.064430292563,,3,4,0.016559434281725,0.0139423721028788,0.0026170621788461,"ret_1d,volume_ratio_20d,weekday_cos,month_cos",0.0012295000196900219,8.349999552592635e-05,5.0,False,mktmind-qtm/data/marketmind_qml_dataset.csv,SPY
split_01_2019-01,42,2019-01-08,XLY,ridge_linear,-0.097812765485,,7,8,0.006043143514389,0.0139423721028788,-0.0078992285884897,"ret_1d,volume_ratio_20d,weekday_cos,month_cos",0.0012295000196900219,8.349999552592635e-05,5.0,False,mktmind-qtm/data/marketmind_qml_dataset.csv,SPY
split_01_2019-01,42,2019-01-15,XLB,ridge_linear,0.077079893963,,1,4,0.0170774771769637,0.0117536491596008,0.0053238280173628,"ret_1d,volume_ratio_20d,weekday_cos,month_cos",0.0012295000196900219,8.349999552592635e-05,5.0,False,mktmind-qtm/data/marketmind_qml_dataset.csv,SPY
split_01_2019-01,42,2019-01-15,XLC,ridge_linear,-0.151208779616,0.0,10,11,-0.0174809872209378,0.0117536491596008,-0.0292346363805386,"ret_1d,volume_ratio_20d,weekday_cos,month_cos",0.0012295000196900219,8.349999552592635e-05,5.0,False,mktmind-qtm/data/marketmind_qml_dataset.csv,SPY
split_01_2019-01,42,2019-01-15,XLE,ridge_linear,-0.021628043733,0.0,3,10,-0.0043490117204717,0.0117536491596008,-0.0161026608800726,"ret_1d,volume_ratio_20d,weekday_cos,month_cos",0.0012295000196900219,8.349999552592635e-05,5.0,False,mktmind-qtm/data/marketmind_qml_dataset.csv,SPY
split_01_2019-01,42,2019-01-15,XLF,ridge_linear,-0.075723296119,1.0,5,1,0.0337486910617266,0.0117536491596008,0.0219950419021257,"ret_1d,volume_ratio_20d,weekday_cos,month_cos",0.0012295000196900219,8.349999552592635e-05,5.0,False,mktmind-qtm/data/marketmind_qml_dataset.csv,SPY
split_01_2019-01,42,2019-01-15,XLI,ridge_linear,0.042585924822,1.0,2,3,0.0175904430238857,0.0117536491596008,0.0058367938642849,"ret_1d,volume_ratio_20d,weekday_cos,month_cos",0.0012295000196900219,8.349999552592635e-05,5.0,False,mktmind-qtm/data/marketmind_qml_dataset.csv,SPY
split_01_2019-01,42,2019-01-15,XLK,ridge_linear,-0.136244531305,,9,8,0.0089198020613245,0.0117536491596008,-0.0028338470982762,"ret_1d,volume_ratio_20d,weekday_cos,month_cos",0.0012295000196900219,8.349999552592635e-05,5.0,False,mktmind-qtm/data/marketmind_qml_dataset.csv,SPY
split_01_2019-01,42,2019-01-15,XLP,ridge_linear,-0.084446172062,,6,5,0.0134900753992845,0.0117536491596008,0.0017364262396837,"ret_1d,volume_ratio_20d,weekday_cos,month_cos",0.0012295000196900219,8.349999552592635e-05,5.0,False,mktmind-qtm/data/marketmind_qml_dataset.csv,SPY
split_01_2019-01,42,2019-01-15,XLRE,ridge_linear,-0.097869190519,,7,7,0.0121003841367905,0.0117536491596008,0.0003467349771897,"ret_1d,volume_ratio_20d,weekday_cos,month_cos",0.0012295000196900219,8.349999552592635e-05,5.0,False,mktmind-qtm/data/marketmind_qml_dataset.csv,SPY
split_01_2019-01,42,2019-01-15,XLU,ridge_linear,-0.110378645143,1.0,8,2,0.0210744056230594,0.0117536491596008,0.0093207564634585,"ret_1d,volume_ratio_20d,weekday_cos,month_cos",0.0012295000196900219,8.349999552592635e-05,5.0,False,mktmind-qtm/data/marketmind_qml_dataset.csv,SPY
split_01_2019-01,42,2019-01-15,XLV,ridge_linear,-0.164364645413,,11,6,0.0131219922194314,0.0117536491596008,0.0013683430598305,"ret_1d,volume_ratio_20d,weekday_cos,month_cos",0.0012295000196900219,8.349999552592635e-05,5.0,False,mktmind-qtm/data/marketmind_qml_dataset.csv,SPY
split_01_2019-01,42,2019-01-15,XLY,ridge_linear,-0.075704081868,0.0,4,9,0.0051486117219579,0.0117536491596008,-0.0066050374376429,"ret_1d,volume_ratio_20d,weekday_cos,month_cos",0.0012295000196900219,8.349999552592635e-05,5.0,False,mktmind-qtm/data/marketmind_qml_dataset.csv,SPY
split_01_2019-01,42,2019-01-23,XLB,ridge_linear,0.063831310827,1.0,2,3,0.0333905173034176,0.0158304339817185,0.0175600833216991,"ret_1d,volume_ratio_20d,weekday_cos,month_cos",0.0012295000196900219,8.349999552592635e-05,5.0,False,mktmind-qtm/data/marketmind_qml_dataset.csv,SPY
split_01_2019-01,42,2019-01-23,XLC,ridge_linear,0.04118462561,,3,7,0.0109491870108304,0.0158304339817185,-0.004881246970888,"ret_1d,volume_ratio_20d,weekday_cos,month_cos",0.0012295000196900219,8.349999552592635e-05,5.0,False,mktmind-qtm/data/marketmind_qml_dataset.csv,SPY
split_01_2019-01,42,2019-01-23,XLE,ridge_linear,0.094717078246,,1,5,0.0252385959360865,0.0158304339817185,0.009408161954368,"ret_1d,volume_ratio_20d,weekday_cos,month_cos",0.0012295000196900219,8.349999552592635e-05,5.0,False,mktmind-qtm/data/marketmind_qml_dataset.csv,SPY
split_01_2019-01,42,2019-01-23,XLF,ridge_linear,-0.015130593555,,6,8,0.0097161734834008,0.0158304339817185,-0.0061142604983177,"ret_1d,volume_ratio_20d,weekday_cos,month_cos",0.0012295000196900219,8.349999552592635e-05,5.0,False,mktmind-qtm/data/marketmind_qml_dataset.csv,SPY
split_01_2019-01,42,2019-01-23,XLI,ridge_linear,-0.018729086286,1.0,7,2,0.0380596815405349,0.0158304339817185,0.0222292475588163,"ret_1d,volume_ratio_20d,weekday_cos,month_cos",0.0012295000196900219,8.349999552592635e-05,5.0,False,mktmind-qtm/data/marketmind_qml_dataset.csv,SPY
split_01_2019-01,42,2019-01-23,XLK,ridge_linear,-0.037144462725,,9,4,0.0291612822002258,0.0158304339817185,0.0133308482185072,"ret_1d,volume_ratio_20d,weekday_cos,month_cos",0.0012295000196900219,8.349999552592635e-05,5.0,False,mktmind-qtm/data/marketmind_qml_dataset.csv,SPY
split_01_2019-01,42,2019-01-23,XLP,ridge_linear,-0.123306884292,0.0,11,11,-0.0032325010475047,0.0158304339817185,-0.0190629350292232,"ret_1d,volume_ratio_20d,weekday_cos,month_cos",0.0012295000196900219,8.349999552592635e-05,5.0,False,mktmind-qtm/data/marketmind_qml_dataset.csv,SPY
split_01_2019-01,42,2019-01-23,XLRE,ridge_linear,-0.008643801038,1.0,4,1,0.0423053479600801,0.0158304339817185,0.0264749139783615,"ret_1d,volume_ratio_20d,weekday_cos,month_cos",0.0012295000196900219,8.349999552592635e-05,5.0,False,mktmind-qtm/data/marketmind_qml_dataset.csv,SPY
split_01_2019-01,42,2019-01-23,XLU,ridge_linear,-0.103478063703,0.0,10,10,-0.0027891521636767,0.0158304339817185,-0.0186195861453952,"ret_1d,volume_ratio_20d,weekday_cos,month_cos",0.0012295000196900219,8.349999552592635e-05,5.0,False,mktmind-qtm/data/marketmind_qml_dataset.csv,SPY
split_01_2019-01,42,2019-01-23,XLV,ridge_linear,-0.014500127517,0.0,5,9,-0.0001116563114598,0.0158304339817185,-0.0159420902931783,"ret_1d,volume_ratio_20d,weekday_cos,month_cos",0.0012295000196900219,8.349999552592635e-05,5.0,False,mktmind-qtm/data/marketmind_qml_dataset.csv,SPY
split_01_2019-01,42,2019-01-23,XLY,ridge_linear,-0.024343035779,,8,6,0.022576463155663,0.0158304339817185,0.0067460291739445,"ret_1d,volume_ratio_20d,weekday_cos,month_cos",0.0012295000196900219,8.349999552592635e-05,5.0,False,mktmind-qtm/data/marketmind_qml_dataset.csv,SPY
split_01_2019-01,42,2019-01-30,XLB,ridge_linear,-0.10909450042,0.0,5,11,-0.0123705823746254,0.0192843010983494,-0.0316548834729748,"ret_1d,volume_ratio_20d,weekday_cos,month_cos",0.0012295000196900219,8.349999552592635e-05,5.0,False,mktmind-qtm/data/marketmind_qml_dataset.csv,SPY
split_01_2019-01,42,2019-01-30,XLC,ridge_linear,-0.145668342935,1.0,8,1,0.0347471161952233,0.0192843010983494,0.0154628150968738,"ret_1d,volume_ratio_20d,weekday_cos,month_cos",0.0012295000196900219,8.349999552592635e-05,5.0,False,mktmind-qtm/data/marketmind_qml_dataset.csv,SPY
split_01_2019-01,42,2019-01-30,XLE,ridge_linear,-0.142641840312,,7,5,0.0203564770790691,0.0192843010983494,0.0010721759807197,"ret_1d,volume_ratio_20d,weekday_cos,month_cos",0.0012295000196900219,8.349999552592635e-05,5.0,False,mktmind-qtm/data/marketmind_qml_dataset.csv,SPY
split_01_2019-01,42,2019-01-30,XLF,ridge_linear,-0.062451789875,0.0,1,10,0.003079486053692,0.0192843010983494,-0.0162048150446574,"ret_1d,volume_ratio_20d,weekday_cos,month_cos",0.0012295000196900219,8.349999552592635e-05,5.0,False,mktmind-qtm/data/marketmind_qml_dataset.csv,SPY
split_01_2019-01,42,2019-01-30,XLI,ridge_linear,-0.159355372329,1.0,9,3,0.027987557234393,0.0192843010983494,0.0087032561360436,"ret_1d,volume_ratio_20d,weekday_cos,month_cos",0.0012295000196900219,8.349999552592635e-05,5.0,False,mktmind-qtm/data/marketmind_qml_dataset.csv,SPY
split_01_2019-01,42,2019-01-30,XLK,ridge_linear,-0.312183638985,1.0,11,2,0.0330069050915609,0.0192843010983494,0.0137226039932114,"ret_1d,volume_ratio_20d,weekday_cos,month_cos",0.0012295000196900219,8.349999552592635e-05,5.0,False,mktmind-qtm/data/marketmind_qml_dataset.csv,SPY
split_01_2019-01,42,2019-01-30,XLP,ridge_linear,-0.070495667571,,2,4,0.0221290634279145,0.0192843010983494,0.002844762329565,"ret_1d,volume_ratio_20d,weekday_cos,month_cos",0.0012295000196900219,8.349999552592635e-05,5.0,False,mktmind-qtm/data/marketmind_qml_dataset.csv,SPY
split_01_2019-01,42,2019-01-30,XLRE,ridge_linear,-0.086243307762,,4,8,0.0082352780925385,0.0192843010983494,-0.0110490230058108,"ret_1d,volume_ratio_20d,weekday_cos,month_cos",0.0012295000196900219,8.349999552592635e-05,5.0,False,mktmind-qtm/data/marketmind_qml_dataset.csv,SPY
split_01_2019-01,42,2019-01-30,XLU,ridge_linear,-0.080642699583,,3,6,0.0203246935920202,0.0192843010983494,0.0010403924936708,"ret_1d,volume_ratio_20d,weekday_cos,month_cos",0.0012295000196900219,8.349999552592635e-05,5.0,False,mktmind-qtm/data/marketmind_qml_dataset.csv,SPY
split_01_2019-01,42,2019-01-30,XLV,ridge_linear,-0.140108380531,,6,7,0.0136237840229362,0.0192843010983494,-0.0056605170754131,"ret_1d,volume_ratio_20d,weekday_cos,month_cos",0.0012295000196900219,8.349999552592635e-05,5.0,False,mktmind-qtm/data/marketmind_qml_dataset.csv,SPY
split_01_2019-01,42,2019-01-30,XLY,ridge_linear,-0.198965747272,0.0,10,9,0.0060295945448385,0.0192843010983494,-0.0132547065535109,"ret_1d,volume_ratio_20d,weekday_cos,month_cos",0.0012295000196900219,8.349999552592635e-05,5.0,False,mktmind-qtm/data/marketmind_qml_dataset.csv,SPY
split_01_2019-01,42,2019-01-08,XLB,random_forest,0.576235081446,0.0,2,11,-0.009038630373423,0.0139423721028788,-0.0229810024763018,"ret_1d,volume_ratio_20d,weekday_cos,month_cos",0.09821095899678767,0.0029562090057879686,,False,mktmind-qtm/data/marketmind_qml_dataset.csv,SPY
split_01_2019-01,42,2019-01-08,XLC,random_forest,0.34261318723,,11,7,0.011332695473911,0.0139423721028788,-0.0026096766289678,"ret_1d,volume_ratio_20d,weekday_cos,month_cos",0.09821095899678767,0.0029562090057879686,,False,mktmind-qtm/data/marketmind_qml_dataset.csv,SPY
split_01_2019-01,42,2019-01-08,XLE,random_forest,0.50217098739,,8,6,0.0138817538360043,0.0139423721028788,-6.0618266874534754e-05,"ret_1d,volume_ratio_20d,weekday_cos,month_cos",0.09821095899678767,0.0029562090057879686,,False,mktmind-qtm/data/marketmind_qml_dataset.csv,SPY
split_01_2019-01,42,2019-01-08,XLF,random_forest,0.511149855012,1.0,6,1,0.0238583785705013,0.0139423721028788,0.0099160064676224,"ret_1d,volume_ratio_20d,weekday_cos,month_cos",0.09821095899678767,0.0029562090057879686,,False,mktmind-qtm/data/marketmind_qml_dataset.csv,SPY
split_01_2019-01,42,2019-01-08,XLI,random_forest,0.507351087882,,7,5,0.0160707071587802,0.0139423721028788,0.0021283350559013,"ret_1d,volume_ratio_20d,weekday_cos,month_cos",0.09821095899678767,0.0029562090057879686,,False,mktmind-qtm/data/marketmind_qml_dataset.csv,SPY
split_01_2019-01,42,2019-01-08,XLK,random_forest,0.521001746076,1.0,5,3,0.0212564070955756,0.0139423721028788,0.0073140349926967,"ret_1d,volume_ratio_20d,weekday_cos,month_cos",0.09821095899678767,0.0029562090057879686,,False,mktmind-qtm/data/marketmind_qml_dataset.csv,SPY
split_01_2019-01,42,2019-01-08,XLP,random_forest,0.490464400384,0.0,9,9,0.0044520616571981,0.0139423721028788,-0.0094903104456807,"ret_1d,volume_ratio_20d,weekday_cos,month_cos",0.09821095899678767,0.0029562090057879686,,False,mktmind-qtm/data/marketmind_qml_dataset.csv,SPY
split_01_2019-01,42,2019-01-08,XLRE,random_forest,0.382090377792,1.0,10,2,0.0218769464621151,0.0139423721028788,0.0079345743592362,"ret_1d,volume_ratio_20d,weekday_cos,month_cos",0.09821095899678767,0.0029562090057879686,,False,mktmind-qtm/data/marketmind_qml_dataset.csv,SPY
split_01_2019-01,42,2019-01-08,XLU,random_forest,0.632186392829,0.0,1,10,-0.0073500365398779,0.0139423721028788,-0.0212924086427568,"ret_1d,volume_ratio_20d,weekday_cos,month_cos",0.09821095899678767,0.0029562090057879686,,False,mktmind-qtm/data/marketmind_qml_dataset.csv,SPY
split_01_2019-01,42,2019-01-08,XLV,random_forest,0.524671297582,,4,4,0.016559434281725,0.0139423721028788,0.0026170621788461,"ret_1d,volume_ratio_20d,weekday_cos,month_cos",0.09821095899678767,0.0029562090057879686,,False,mktmind-qtm/data/marketmind_qml_dataset.csv,SPY
split_01_2019-01,42,2019-01-08,XLY,random_forest,0.526153009475,,3,8,0.006043143514389,0.0139423721028788,-0.0078992285884897,"ret_1d,volume_ratio_20d,weekday_cos,month_cos",0.09821095899678767,0.0029562090057879686,,False,mktmind-qtm/data/marketmind_qml_dataset.csv,SPY
split_01_2019-01,42,2019-01-15,XLB,random_forest,0.458444329848,,6,4,0.0170774771769637,0.0117536491596008,0.0053238280173628,"ret_1d,volume_ratio_20d,weekday_cos,month_cos",0.09821095899678767,0.0029562090057879686,,False,mktmind-qtm/data/marketmind_qml_dataset.csv,SPY
split_01_2019-01,42,2019-01-15,XLC,random_forest,0.36866345859,0.0,9,11,-0.0174809872209378,0.0117536491596008,-0.0292346363805386,"ret_1d,volume_ratio_20d,weekday_cos,month_cos",0.09821095899678767,0.0029562090057879686,,False,mktmind-qtm/data/marketmind_qml_dataset.csv,SPY
split_01_2019-01,42,2019-01-15,XLE,random_forest,0.467017122818,0.0,5,10,-0.0043490117204717,0.0117536491596008,-0.0161026608800726,"ret_1d,volume_ratio_20d,weekday_cos,month_cos",0.09821095899678767,0.0029562090057879686,,False,mktmind-qtm/data/marketmind_qml_dataset.csv,SPY
split_01_2019-01,42,2019-01-15,XLF,random_forest,0.521872854675,1.0,2,1,0.0337486910617266,0.0117536491596008,0.0219950419021257,"ret_1d,volume_ratio_20d,weekday_cos,month_cos",0.09821095899678767,0.0029562090057879686,,False,mktmind-qtm/data/marketmind_qml_dataset.csv,SPY
split_01_2019-01,42,2019-01-15,XLI,random_forest,0.485753631262,1.0,3,3,0.0175904430238857,0.0117536491596008,0.0058367938642849,"ret_1d,volume_ratio_20d,weekday_cos,month_cos",0.09821095899678767,0.0029562090057879686,,False,mktmind-qtm/data/marketmind_qml_dataset.csv,SPY
split_01_2019-01,42,2019-01-15,XLK,random_forest,0.334419706553,,11,8,0.0089198020613245,0.0117536491596008,-0.0028338470982762,"ret_1d,volume_ratio_20d,weekday_cos,month_cos",0.09821095899678767,0.0029562090057879686,,False,mktmind-qtm/data/marketmind_qml_dataset.csv,SPY
split_01_2019-01,42,2019-01-15,XLP,random_forest,0.421010695071,,8,5,0.0134900753992845,0.0117536491596008,0.0017364262396837,"ret_1d,volume_ratio_20d,weekday_cos,month_cos",0.09821095899678767,0.0029562090057879686,,False,mktmind-qtm/data/marketmind_qml_dataset.csv,SPY
split_01_2019-01,42,2019-01-15,XLRE,random_forest,0.476075369673,,4,7,0.0121003841367905,0.0117536491596008,0.0003467349771897,"ret_1d,volume_ratio_20d,weekday_cos,month_cos",0.09821095899678767,0.0029562090057879686,,False,mktmind-qtm/data/marketmind_qml_dataset.csv,SPY
split_01_2019-01,42,2019-01-15,XLU,random_forest,0.565498403936,1.0,1,2,0.0210744056230594,0.0117536491596008,0.0093207564634585,"ret_1d,volume_ratio_20d,weekday_cos,month_cos",0.09821095899678767,0.0029562090057879686,,False,mktmind-qtm/data/marketmind_qml_dataset.csv,SPY
split_01_2019-01,42,2019-01-15,XLV,random_forest,0.361925647301,,10,6,0.0131219922194314,0.0117536491596008,0.0013683430598305,"ret_1d,volume_ratio_20d,weekday_cos,month_cos",0.09821095899678767,0.0029562090057879686,,False,mktmind-qtm/data/marketmind_qml_dataset.csv,SPY
split_01_2019-01,42,2019-01-15,XLY,random_forest,0.426023466352,0.0,7,9,0.0051486117219579,0.0117536491596008,-0.0066050374376429,"ret_1d,volume_ratio_20d,weekday_cos,month_cos",0.09821095899678767,0.0029562090057879686,,False,mktmind-qtm/data/marketmind_qml_dataset.csv,SPY
split_01_2019-01,42,2019-01-23,XLB,random_forest,0.550443703798,1.0,3,3,0.0333905173034176,0.0158304339817185,0.0175600833216991,"ret_1d,volume_ratio_20d,weekday_cos,month_cos",0.09821095899678767,0.0029562090057879686,,False,mktmind-qtm/data/marketmind_qml_dataset.csv,SPY
split_01_2019-01,42,2019-01-23,XLC,random_forest,0.508116700522,,9,7,0.0109491870108304,0.0158304339817185,-0.004881246970888,"ret_1d,volume_ratio_20d,weekday_cos,month_cos",0.09821095899678767,0.0029562090057879686,,False,mktmind-qtm/data/marketmind_qml_dataset.csv,SPY
split_01_2019-01,42,2019-01-23,XLE,random_forest,0.539896751721,,6,5,0.0252385959360865,0.0158304339817185,0.009408161954368,"ret_1d,volume_ratio_20d,weekday_cos,month_cos",0.09821095899678767,0.0029562090057879686,,False,mktmind-qtm/data/marketmind_qml_dataset.csv,SPY
split_01_2019-01,42,2019-01-23,XLF,random_forest,0.542546236458,,5,8,0.0097161734834008,0.0158304339817185,-0.0061142604983177,"ret_1d,volume_ratio_20d,weekday_cos,month_cos",0.09821095899678767,0.0029562090057879686,,False,mktmind-qtm/data/marketmind_qml_dataset.csv,SPY
split_01_2019-01,42,2019-01-23,XLI,random_forest,0.591507279814,1.0,1,2,0.0380596815405349,0.0158304339817185,0.0222292475588163,"ret_1d,volume_ratio_20d,weekday_cos,month_cos",0.09821095899678767,0.0029562090057879686,,False,mktmind-qtm/data/marketmind_qml_dataset.csv,SPY
split_01_2019-01,42,2019-01-23,XLK,random_forest,0.536359030218,,8,4,0.0291612822002258,0.0158304339817185,0.0133308482185072,"ret_1d,volume_ratio_20d,weekday_cos,month_cos",0.09821095899678767,0.0029562090057879686,,False,mktmind-qtm/data/marketmind_qml_dataset.csv,SPY
split_01_2019-01,42,2019-01-23,XLP,random_forest,0.537365059516,0.0,7,11,-0.0032325010475047,0.0158304339817185,-0.0190629350292232,"ret_1d,volume_ratio_20d,weekday_cos,month_cos",0.09821095899678767,0.0029562090057879686,,False,mktmind-qtm/data/marketmind_qml_dataset.csv,SPY
split_01_2019-01,42,2019-01-23,XLRE,random_forest,0.457009343349,1.0,11,1,0.0423053479600801,0.0158304339817185,0.0264749139783615,"ret_1d,volume_ratio_20d,weekday_cos,month_cos",0.09821095899678767,0.0029562090057879686,,False,mktmind-qtm/data/marketmind_qml_dataset.csv,SPY
split_01_2019-01,42,2019-01-23,XLU,random_forest,0.548875245213,0.0,4,10,-0.0027891521636767,0.0158304339817185,-0.0186195861453952,"ret_1d,volume_ratio_20d,weekday_cos,month_cos",0.09821095899678767,0.0029562090057879686,,False,mktmind-qtm/data/marketmind_qml_dataset.csv,SPY
split_01_2019-01,42,2019-01-23,XLV,random_forest,0.502268482796,0.0,10,9,-0.0001116563114598,0.0158304339817185,-0.0159420902931783,"ret_1d,volume_ratio_20d,weekday_cos,month_cos",0.09821095899678767,0.0029562090057879686,,False,mktmind-qtm/data/marketmind_qml_dataset.csv,SPY
split_01_2019-01,42,2019-01-23,XLY,random_forest,0.558643186219,,2,6,0.022576463155663,0.0158304339817185,0.0067460291739445,"ret_1d,volume_ratio_20d,weekday_cos,month_cos",0.09821095899678767,0.0029562090057879686,,False,mktmind-qtm/data/marketmind_qml_dataset.csv,SPY
split_01_2019-01,42,2019-01-30,XLB,random_forest,0.606807991904,0.0,1,11,-0.0123705823746254,0.0192843010983494,-0.0316548834729748,"ret_1d,volume_ratio_20d,weekday_cos,month_cos",0.09821095899678767,0.0029562090057879686,,False,mktmind-qtm/data/marketmind_qml_dataset.csv,SPY
split_01_2019-01,42,2019-01-30,XLC,random_forest,0.351420360896,1.0,8,1,0.0347471161952233,0.0192843010983494,0.0154628150968738,"ret_1d,volume_ratio_20d,weekday_cos,month_cos",0.09821095899678767,0.0029562090057879686,,False,mktmind-qtm/data/marketmind_qml_dataset.csv,SPY
split_01_2019-01,42,2019-01-30,XLE,random_forest,0.46339455622,,7,5,0.0203564770790691,0.0192843010983494,0.0010721759807197,"ret_1d,volume_ratio_20d,weekday_cos,month_cos",0.09821095899678767,0.0029562090057879686,,False,mktmind-qtm/data/marketmind_qml_dataset.csv,SPY
split_01_2019-01,42,2019-01-30,XLF,random_forest,0.540188113116,0.0,4,10,0.003079486053692,0.0192843010983494,-0.0162048150446574,"ret_1d,volume_ratio_20d,weekday_cos,month_cos",0.09821095899678767,0.0029562090057879686,,False,mktmind-qtm/data/marketmind_qml_dataset.csv,SPY
split_01_2019-01,42,2019-01-30,XLI,random_forest,0.324586481666,1.0,9,3,0.027987557234393,0.0192843010983494,0.0087032561360436,"ret_1d,volume_ratio_20d,weekday_cos,month_cos",0.09821095899678767,0.0029562090057879686,,False,mktmind-qtm/data/marketmind_qml_dataset.csv,SPY
split_01_2019-01,42,2019-01-30,XLK,random_forest,0.232189588137,1.0,11,2,0.0330069050915609,0.0192843010983494,0.0137226039932114,"ret_1d,volume_ratio_20d,weekday_cos,month_cos",0.09821095899678767,0.0029562090057879686,,False,mktmind-qtm/data/marketmind_qml_dataset.csv,SPY
split_01_2019-01,42,2019-01-30,XLP,random_forest,0.570735467604,,3,4,0.0221290634279145,0.0192843010983494,0.002844762329565,"ret_1d,volume_ratio_20d,weekday_cos,month_cos",0.09821095899678767,0.0029562090057879686,,False,mktmind-qtm/data/marketmind_qml_dataset.csv,SPY
split_01_2019-01,42,2019-01-30,XLRE,random_forest,0.601621794862,,2,8,0.0082352780925385,0.0192843010983494,-0.0110490230058108,"ret_1d,volume_ratio_20d,weekday_cos,month_cos",0.09821095899678767,0.0029562090057879686,,False,mktmind-qtm/data/marketmind_qml_dataset.csv,SPY
split_01_2019-01,42,2019-01-30,XLU,random_forest,0.508557573646,,5,6,0.0203246935920202,0.0192843010983494,0.0010403924936708,"ret_1d,volume_ratio_20d,weekday_cos,month_cos",0.09821095899678767,0.0029562090057879686,,False,mktmind-qtm/data/marketmind_qml_dataset.csv,SPY
split_01_2019-01,42,2019-01-30,XLV,random_forest,0.499498771685,,6,7,0.0136237840229362,0.0192843010983494,-0.0056605170754131,"ret_1d,volume_ratio_20d,weekday_cos,month_cos",0.09821095899678767,0.0029562090057879686,,False,mktmind-qtm/data/marketmind_qml_dataset.csv,SPY
split_01_2019-01,42,2019-01-30,XLY,random_forest,0.290602346156,0.0,10,9,0.0060295945448385,0.0192843010983494,-0.0132547065535109,"ret_1d,volume_ratio_20d,weekday_cos,month_cos",0.09821095899678767,0.0029562090057879686,,False,mktmind-qtm/data/marketmind_qml_dataset.csv,SPY
split_01_2019-01,42,2019-01-08,XLB,rbf_svm,-0.203140764074,0.0,7,11,-0.009038630373423,0.0139423721028788,-0.0229810024763018,"ret_1d,volume_ratio_20d,weekday_cos,month_cos",0.0017241250025108457,0.0006735000060871243,,False,mktmind-qtm/data/marketmind_qml_dataset.csv,SPY
split_01_2019-01,42,2019-01-08,XLC,rbf_svm,-0.324249300605,,10,7,0.011332695473911,0.0139423721028788,-0.0026096766289678,"ret_1d,volume_ratio_20d,weekday_cos,month_cos",0.0017241250025108457,0.0006735000060871243,,False,mktmind-qtm/data/marketmind_qml_dataset.csv,SPY
split_01_2019-01,42,2019-01-08,XLE,rbf_svm,-0.171401359661,,4,6,0.0138817538360043,0.0139423721028788,-6.0618266874534754e-05,"ret_1d,volume_ratio_20d,weekday_cos,month_cos",0.0017241250025108457,0.0006735000060871243,,False,mktmind-qtm/data/marketmind_qml_dataset.csv,SPY
split_01_2019-01,42,2019-01-08,XLF,rbf_svm,0.186860612286,1.0,1,1,0.0238583785705013,0.0139423721028788,0.0099160064676224,"ret_1d,volume_ratio_20d,weekday_cos,month_cos",0.0017241250025108457,0.0006735000060871243,,False,mktmind-qtm/data/marketmind_qml_dataset.csv,SPY
split_01_2019-01,42,2019-01-08,XLI,rbf_svm,-0.19590028526,,6,5,0.0160707071587802,0.0139423721028788,0.0021283350559013,"ret_1d,volume_ratio_20d,weekday_cos,month_cos",0.0017241250025108457,0.0006735000060871243,,False,mktmind-qtm/data/marketmind_qml_dataset.csv,SPY
split_01_2019-01,42,2019-01-08,XLK,rbf_svm,-0.255198150876,1.0,8,3,0.0212564070955756,0.0139423721028788,0.0073140349926967,"ret_1d,volume_ratio_20d,weekday_cos,month_cos",0.0017241250025108457,0.0006735000060871243,,False,mktmind-qtm/data/marketmind_qml_dataset.csv,SPY
split_01_2019-01,42,2019-01-08,XLP,rbf_svm,-0.080704265494,0.0,2,9,0.0044520616571981,0.0139423721028788,-0.0094903104456807,"ret_1d,volume_ratio_20d,weekday_cos,month_cos",0.0017241250025108457,0.0006735000060871243,,False,mktmind-qtm/data/marketmind_qml_dataset.csv,SPY
split_01_2019-01,42,2019-01-08,XLRE,rbf_svm,-0.331042523968,1.0,11,2,0.0218769464621151,0.0139423721028788,0.0079345743592362,"ret_1d,volume_ratio_20d,weekday_cos,month_cos",0.0017241250025108457,0.0006735000060871243,,False,mktmind-qtm/data/marketmind_qml_dataset.csv,SPY
split_01_2019-01,42,2019-01-08,XLU,rbf_svm,-0.274045745917,0.0,9,10,-0.0073500365398779,0.0139423721028788,-0.0212924086427568,"ret_1d,volume_ratio_20d,weekday_cos,month_cos",0.0017241250025108457,0.0006735000060871243,,False,mktmind-qtm/data/marketmind_qml_dataset.csv,SPY
split_01_2019-01,42,2019-01-08,XLV,rbf_svm,-0.177908373062,,5,4,0.016559434281725,0.0139423721028788,0.0026170621788461,"ret_1d,volume_ratio_20d,weekday_cos,month_cos",0.0017241250025108457,0.0006735000060871243,,False,mktmind-qtm/data/marketmind_qml_dataset.csv,SPY
split_01_2019-01,42,2019-01-08,XLY,rbf_svm,-0.150641182729,,3,8,0.006043143514389,0.0139423721028788,-0.0078992285884897,"ret_1d,volume_ratio_20d,weekday_cos,month_cos",0.0017241250025108457,0.0006735000060871243,,False,mktmind-qtm/data/marketmind_qml_dataset.csv,SPY
split_01_2019-01,42,2019-01-15,XLB,rbf_svm,0.003850226267,,1,4,0.0170774771769637,0.0117536491596008,0.0053238280173628,"ret_1d,volume_ratio_20d,weekday_cos,month_cos",0.0017241250025108457,0.0006735000060871243,,False,mktmind-qtm/data/marketmind_qml_dataset.csv,SPY
split_01_2019-01,42,2019-01-15,XLC,rbf_svm,-0.32552139439,0.0,10,11,-0.0174809872209378,0.0117536491596008,-0.0292346363805386,"ret_1d,volume_ratio_20d,weekday_cos,month_cos",0.0017241250025108457,0.0006735000060871243,,False,mktmind-qtm/data/marketmind_qml_dataset.csv,SPY
split_01_2019-01,42,2019-01-15,XLE,rbf_svm,-0.262604481044,0.0,5,10,-0.0043490117204717,0.0117536491596008,-0.0161026608800726,"ret_1d,volume_ratio_20d,weekday_cos,month_cos",0.0017241250025108457,0.0006735000060871243,,False,mktmind-qtm/data/marketmind_qml_dataset.csv,SPY
split_01_2019-01,42,2019-01-15,XLF,rbf_svm,-0.202466806209,1.0,4,1,0.0337486910617266,0.0117536491596008,0.0219950419021257,"ret_1d,volume_ratio_20d,weekday_cos,month_cos",0.0017241250025108457,0.0006735000060871243,,False,mktmind-qtm/data/marketmind_qml_dataset.csv,SPY
split_01_2019-01,42,2019-01-15,XLI,rbf_svm,0.003323639253,1.0,2,3,0.0175904430238857,0.0117536491596008,0.0058367938642849,"ret_1d,volume_ratio_20d,weekday_cos,month_cos",0.0017241250025108457,0.0006735000060871243,,False,mktmind-qtm/data/marketmind_qml_dataset.csv,SPY
split_01_2019-01,42,2019-01-15,XLK,rbf_svm,-0.305281814241,,9,8,0.0089198020613245,0.0117536491596008,-0.0028338470982762,"ret_1d,volume_ratio_20d,weekday_cos,month_cos",0.0017241250025108457,0.0006735000060871243,,False,mktmind-qtm/data/marketmind_qml_dataset.csv,SPY
split_01_2019-01,42,2019-01-15,XLP,rbf_svm,-0.290971832143,,7,5,0.0134900753992845,0.0117536491596008,0.0017364262396837,"ret_1d,volume_ratio_20d,weekday_cos,month_cos",0.0017241250025108457,0.0006735000060871243,,False,mktmind-qtm/data/marketmind_qml_dataset.csv,SPY
split_01_2019-01,42,2019-01-15,XLRE,rbf_svm,-0.297179950047,,8,7,0.0121003841367905,0.0117536491596008,0.0003467349771897,"ret_1d,volume_ratio_20d,weekday_cos,month_cos",0.0017241250025108457,0.0006735000060871243,,False,mktmind-qtm/data/marketmind_qml_dataset.csv,SPY
split_01_2019-01,42,2019-01-15,XLU,rbf_svm,-0.167805669312,1.0,3,2,0.0210744056230594,0.0117536491596008,0.0093207564634585,"ret_1d,volume_ratio_20d,weekday_cos,month_cos",0.0017241250025108457,0.0006735000060871243,,False,mktmind-qtm/data/marketmind_qml_dataset.csv,SPY
split_01_2019-01,42,2019-01-15,XLV,rbf_svm,-0.339482998874,,11,6,0.0131219922194314,0.0117536491596008,0.0013683430598305,"ret_1d,volume_ratio_20d,weekday_cos,month_cos",0.0017241250025108457,0.0006735000060871243,,False,mktmind-qtm/data/marketmind_qml_dataset.csv,SPY
split_01_2019-01,42,2019-01-15,XLY,rbf_svm,-0.288945970818,0.0,6,9,0.0051486117219579,0.0117536491596008,-0.0066050374376429,"ret_1d,volume_ratio_20d,weekday_cos,month_cos",0.0017241250025108457,0.0006735000060871243,,False,mktmind-qtm/data/marketmind_qml_dataset.csv,SPY
split_01_2019-01,42,2019-01-23,XLB,rbf_svm,0.870856815807,1.0,5,3,0.0333905173034176,0.0158304339817185,0.0175600833216991,"ret_1d,volume_ratio_20d,weekday_cos,month_cos",0.0017241250025108457,0.0006735000060871243,,False,mktmind-qtm/data/marketmind_qml_dataset.csv,SPY
split_01_2019-01,42,2019-01-23,XLC,rbf_svm,0.909594135372,,4,7,0.0109491870108304,0.0158304339817185,-0.004881246970888,"ret_1d,volume_ratio_20d,weekday_cos,month_cos",0.0017241250025108457,0.0006735000060871243,,False,mktmind-qtm/data/marketmind_qml_dataset.csv,SPY
split_01_2019-01,42,2019-01-23,XLE,rbf_svm,1.116326037548,,1,5,0.0252385959360865,0.0158304339817185,0.009408161954368,"ret_1d,volume_ratio_20d,weekday_cos,month_cos",0.0017241250025108457,0.0006735000060871243,,False,mktmind-qtm/data/marketmind_qml_dataset.csv,SPY
split_01_2019-01,42,2019-01-23,XLF,rbf_svm,0.847025037547,,6,8,0.0097161734834008,0.0158304339817185,-0.0061142604983177,"ret_1d,volume_ratio_20d,weekday_cos,month_cos",0.0017241250025108457,0.0006735000060871243,,False,mktmind-qtm/data/marketmind_qml_dataset.csv,SPY
split_01_2019-01,42,2019-01-23,XLI,rbf_svm,0.91366704157,1.0,2,2,0.0380596815405349,0.0158304339817185,0.0222292475588163,"ret_1d,volume_ratio_20d,weekday_cos,month_cos",0.0017241250025108457,0.0006735000060871243,,False,mktmind-qtm/data/marketmind_qml_dataset.csv,SPY
split_01_2019-01,42,2019-01-23,XLK,rbf_svm,0.751594156941,,8,4,0.0291612822002258,0.0158304339817185,0.0133308482185072,"ret_1d,volume_ratio_20d,weekday_cos,month_cos",0.0017241250025108457,0.0006735000060871243,,False,mktmind-qtm/data/marketmind_qml_dataset.csv,SPY
split_01_2019-01,42,2019-01-23,XLP,rbf_svm,-0.02717723001,0.0,11,11,-0.0032325010475047,0.0158304339817185,-0.0190629350292232,"ret_1d,volume_ratio_20d,weekday_cos,month_cos",0.0017241250025108457,0.0006735000060871243,,False,mktmind-qtm/data/marketmind_qml_dataset.csv,SPY
split_01_2019-01,42,2019-01-23,XLRE,rbf_svm,0.724014788455,1.0,9,1,0.0423053479600801,0.0158304339817185,0.0264749139783615,"ret_1d,volume_ratio_20d,weekday_cos,month_cos",0.0017241250025108457,0.0006735000060871243,,False,mktmind-qtm/data/marketmind_qml_dataset.csv,SPY
split_01_2019-01,42,2019-01-23,XLU,rbf_svm,0.375968747506,0.0,10,10,-0.0027891521636767,0.0158304339817185,-0.0186195861453952,"ret_1d,volume_ratio_20d,weekday_cos,month_cos",0.0017241250025108457,0.0006735000060871243,,False,mktmind-qtm/data/marketmind_qml_dataset.csv,SPY
split_01_2019-01,42,2019-01-23,XLV,rbf_svm,0.831518109059,0.0,7,9,-0.0001116563114598,0.0158304339817185,-0.0159420902931783,"ret_1d,volume_ratio_20d,weekday_cos,month_cos",0.0017241250025108457,0.0006735000060871243,,False,mktmind-qtm/data/marketmind_qml_dataset.csv,SPY
split_01_2019-01,42,2019-01-23,XLY,rbf_svm,0.910258408258,,3,6,0.022576463155663,0.0158304339817185,0.0067460291739445,"ret_1d,volume_ratio_20d,weekday_cos,month_cos",0.0017241250025108457,0.0006735000060871243,,False,mktmind-qtm/data/marketmind_qml_dataset.csv,SPY
split_01_2019-01,42,2019-01-30,XLB,rbf_svm,0.284017155966,0.0,5,11,-0.0123705823746254,0.0192843010983494,-0.0316548834729748,"ret_1d,volume_ratio_20d,weekday_cos,month_cos",0.0017241250025108457,0.0006735000060871243,,False,mktmind-qtm/data/marketmind_qml_dataset.csv,SPY
split_01_2019-01,42,2019-01-30,XLC,rbf_svm,0.026249799915,1.0,6,1,0.0347471161952233,0.0192843010983494,0.0154628150968738,"ret_1d,volume_ratio_20d,weekday_cos,month_cos",0.0017241250025108457,0.0006735000060871243,,False,mktmind-qtm/data/marketmind_qml_dataset.csv,SPY
split_01_2019-01,42,2019-01-30,XLE,rbf_svm,0.016460585304,,7,5,0.0203564770790691,0.0192843010983494,0.0010721759807197,"ret_1d,volume_ratio_20d,weekday_cos,month_cos",0.0017241250025108457,0.0006735000060871243,,False,mktmind-qtm/data/marketmind_qml_dataset.csv,SPY
split_01_2019-01,42,2019-01-30,XLF,rbf_svm,0.660198582152,0.0,1,10,0.003079486053692,0.0192843010983494,-0.0162048150446574,"ret_1d,volume_ratio_20d,weekday_cos,month_cos",0.0017241250025108457,0.0006735000060871243,,False,mktmind-qtm/data/marketmind_qml_dataset.csv,SPY
split_01_2019-01,42,2019-01-30,XLI,rbf_svm,-0.366712620789,1.0,9,3,0.027987557234393,0.0192843010983494,0.0087032561360436,"ret_1d,volume_ratio_20d,weekday_cos,month_cos",0.0017241250025108457,0.0006735000060871243,,False,mktmind-qtm/data/marketmind_qml_dataset.csv,SPY
split_01_2019-01,42,2019-01-30,XLK,rbf_svm,-1.205011871636,1.0,11,2,0.0330069050915609,0.0192843010983494,0.0137226039932114,"ret_1d,volume_ratio_20d,weekday_cos,month_cos",0.0017241250025108457,0.0006735000060871243,,False,mktmind-qtm/data/marketmind_qml_dataset.csv,SPY
split_01_2019-01,42,2019-01-30,XLP,rbf_svm,0.607582587583,,2,4,0.0221290634279145,0.0192843010983494,0.002844762329565,"ret_1d,volume_ratio_20d,weekday_cos,month_cos",0.0017241250025108457,0.0006735000060871243,,False,mktmind-qtm/data/marketmind_qml_dataset.csv,SPY
split_01_2019-01,42,2019-01-30,XLRE,rbf_svm,0.479110712,,4,8,0.0082352780925385,0.0192843010983494,-0.0110490230058108,"ret_1d,volume_ratio_20d,weekday_cos,month_cos",0.0017241250025108457,0.0006735000060871243,,False,mktmind-qtm/data/marketmind_qml_dataset.csv,SPY
split_01_2019-01,42,2019-01-30,XLU,rbf_svm,0.51535677844,,3,6,0.0203246935920202,0.0192843010983494,0.0010403924936708,"ret_1d,volume_ratio_20d,weekday_cos,month_cos",0.0017241250025108457,0.0006735000060871243,,False,mktmind-qtm/data/marketmind_qml_dataset.csv,SPY
split_01_2019-01,42,2019-01-30,XLV,rbf_svm,-0.132977741326,,8,7,0.0136237840229362,0.0192843010983494,-0.0056605170754131,"ret_1d,volume_ratio_20d,weekday_cos,month_cos",0.0017241250025108457,0.0006735000060871243,,False,mktmind-qtm/data/marketmind_qml_dataset.csv,SPY
split_01_2019-01,42,2019-01-30,XLY,rbf_svm,-0.716356572677,0.0,10,9,0.0060295945448385,0.0192843010983494,-0.0132547065535109,"ret_1d,volume_ratio_20d,weekday_cos,month_cos",0.0017241250025108457,0.0006735000060871243,,False,mktmind-qtm/data/marketmind_qml_dataset.csv,SPY
split_01_2019-01,42,2019-01-08,XLB,small_mlp,0.491869205328,0.0,7,11,-0.009038630373423,0.0139423721028788,-0.0229810024763018,"ret_1d,volume_ratio_20d,weekday_cos,month_cos",0.008690166985616088,0.0001066249969881028,25.0,False,mktmind-qtm/data/marketmind_qml_dataset.csv,SPY
split_01_2019-01,42,2019-01-08,XLC,small_mlp,0.477891659978,,11,7,0.011332695473911,0.0139423721028788,-0.0026096766289678,"ret_1d,volume_ratio_20d,weekday_cos,month_cos",0.008690166985616088,0.0001066249969881028,25.0,False,mktmind-qtm/data/marketmind_qml_dataset.csv,SPY
split_01_2019-01,42,2019-01-08,XLE,small_mlp,0.494345225018,,5,6,0.0138817538360043,0.0139423721028788,-6.0618266874534754e-05,"ret_1d,volume_ratio_20d,weekday_cos,month_cos",0.008690166985616088,0.0001066249969881028,25.0,False,mktmind-qtm/data/marketmind_qml_dataset.csv,SPY
split_01_2019-01,42,2019-01-08,XLF,small_mlp,0.507404811218,1.0,1,1,0.0238583785705013,0.0139423721028788,0.0099160064676224,"ret_1d,volume_ratio_20d,weekday_cos,month_cos",0.008690166985616088,0.0001066249969881028,25.0,False,mktmind-qtm/data/marketmind_qml_dataset.csv,SPY
split_01_2019-01,42,2019-01-08,XLI,small_mlp,0.495361433448,,3,5,0.0160707071587802,0.0139423721028788,0.0021283350559013,"ret_1d,volume_ratio_20d,weekday_cos,month_cos",0.008690166985616088,0.0001066249969881028,25.0,False,mktmind-qtm/data/marketmind_qml_dataset.csv,SPY
split_01_2019-01,42,2019-01-08,XLK,small_mlp,0.489640034232,1.0,8,3,0.0212564070955756,0.0139423721028788,0.0073140349926967,"ret_1d,volume_ratio_20d,weekday_cos,month_cos",0.008690166985616088,0.0001066249969881028,25.0,False,mktmind-qtm/data/marketmind_qml_dataset.csv,SPY
split_01_2019-01,42,2019-01-08,XLP,small_mlp,0.49758328265,0.0,2,9,0.0044520616571981,0.0139423721028788,-0.0094903104456807,"ret_1d,volume_ratio_20d,weekday_cos,month_cos",0.008690166985616088,0.0001066249969881028,25.0,False,mktmind-qtm/data/marketmind_qml_dataset.csv,SPY
split_01_2019-01,42,2019-01-08,XLRE,small_mlp,0.483730397063,1.0,10,2,0.0218769464621151,0.0139423721028788,0.0079345743592362,"ret_1d,volume_ratio_20d,weekday_cos,month_cos",0.008690166985616088,0.0001066249969881028,25.0,False,mktmind-qtm/data/marketmind_qml_dataset.csv,SPY
split_01_2019-01,42,2019-01-08,XLU,small_mlp,0.486590374476,0.0,9,10,-0.0073500365398779,0.0139423721028788,-0.0212924086427568,"ret_1d,volume_ratio_20d,weekday_cos,month_cos",0.008690166985616088,0.0001066249969881028,25.0,False,mktmind-qtm/data/marketmind_qml_dataset.csv,SPY
split_01_2019-01,42,2019-01-08,XLV,small_mlp,0.494059452392,,6,4,0.016559434281725,0.0139423721028788,0.0026170621788461,"ret_1d,volume_ratio_20d,weekday_cos,month_cos",0.008690166985616088,0.0001066249969881028,25.0,False,mktmind-qtm/data/marketmind_qml_dataset.csv,SPY
split_01_2019-01,42,2019-01-08,XLY,small_mlp,0.49475634993,,4,8,0.006043143514389,0.0139423721028788,-0.0078992285884897,"ret_1d,volume_ratio_20d,weekday_cos,month_cos",0.008690166985616088,0.0001066249969881028,25.0,False,mktmind-qtm/data/marketmind_qml_dataset.csv,SPY
split_01_2019-01,42,2019-01-15,XLB,small_mlp,0.508159585537,,1,4,0.0170774771769637,0.0117536491596008,0.0053238280173628,"ret_1d,volume_ratio_20d,weekday_cos,month_cos",0.008690166985616088,0.0001066249969881028,25.0,False,mktmind-qtm/data/marketmind_qml_dataset.csv,SPY
split_01_2019-01,42,2019-01-15,XLC,small_mlp,0.480676377234,0.0,10,11,-0.0174809872209378,0.0117536491596008,-0.0292346363805386,"ret_1d,volume_ratio_20d,weekday_cos,month_cos",0.008690166985616088,0.0001066249969881028,25.0,False,mktmind-qtm/data/marketmind_qml_dataset.csv,SPY
split_01_2019-01,42,2019-01-15,XLE,small_mlp,0.491995438846,0.0,5,10,-0.0043490117204717,0.0117536491596008,-0.0161026608800726,"ret_1d,volume_ratio_20d,weekday_cos,month_cos",0.008690166985616088,0.0001066249969881028,25.0,False,mktmind-qtm/data/marketmind_qml_dataset.csv,SPY
split_01_2019-01,42,2019-01-15,XLF,small_mlp,0.49239537449,1.0,4,1,0.0337486910617266,0.0117536491596008,0.0219950419021257,"ret_1d,volume_ratio_20d,weekday_cos,month_cos",0.008690166985616088,0.0001066249969881028,25.0,False,mktmind-qtm/data/marketmind_qml_dataset.csv,SPY
split_01_2019-01,42,2019-01-15,XLI,small_mlp,0.506288726101,1.0,2,3,0.0175904430238857,0.0117536491596008,0.0058367938642849,"ret_1d,volume_ratio_20d,weekday_cos,month_cos",0.008690166985616088,0.0001066249969881028,25.0,False,mktmind-qtm/data/marketmind_qml_dataset.csv,SPY
split_01_2019-01,42,2019-01-15,XLK,small_mlp,0.483588813826,,8,8,0.0089198020613245,0.0117536491596008,-0.0028338470982762,"ret_1d,volume_ratio_20d,weekday_cos,month_cos",0.008690166985616088,0.0001066249969881028,25.0,False,mktmind-qtm/data/marketmind_qml_dataset.csv,SPY
split_01_2019-01,42,2019-01-15,XLP,small_mlp,0.484931434514,,7,5,0.0134900753992845,0.0117536491596008,0.0017364262396837,"ret_1d,volume_ratio_20d,weekday_cos,month_cos",0.008690166985616088,0.0001066249969881028,25.0,False,mktmind-qtm/data/marketmind_qml_dataset.csv,SPY
split_01_2019-01,42,2019-01-15,XLRE,small_mlp,0.482964853335,,9,7,0.0121003841367905,0.0117536491596008,0.0003467349771897,"ret_1d,volume_ratio_20d,weekday_cos,month_cos",0.008690166985616088,0.0001066249969881028,25.0,False,mktmind-qtm/data/marketmind_qml_dataset.csv,SPY
split_01_2019-01,42,2019-01-15,XLU,small_mlp,0.494674627952,1.0,3,2,0.0210744056230594,0.0117536491596008,0.0093207564634585,"ret_1d,volume_ratio_20d,weekday_cos,month_cos",0.008690166985616088,0.0001066249969881028,25.0,False,mktmind-qtm/data/marketmind_qml_dataset.csv,SPY
split_01_2019-01,42,2019-01-15,XLV,small_mlp,0.47928904138,,11,6,0.0131219922194314,0.0117536491596008,0.0013683430598305,"ret_1d,volume_ratio_20d,weekday_cos,month_cos",0.008690166985616088,0.0001066249969881028,25.0,False,mktmind-qtm/data/marketmind_qml_dataset.csv,SPY
split_01_2019-01,42,2019-01-15,XLY,small_mlp,0.485697088734,0.0,6,9,0.0051486117219579,0.0117536491596008,-0.0066050374376429,"ret_1d,volume_ratio_20d,weekday_cos,month_cos",0.008690166985616088,0.0001066249969881028,25.0,False,mktmind-qtm/data/marketmind_qml_dataset.csv,SPY
split_01_2019-01,42,2019-01-23,XLB,small_mlp,0.513864515144,1.0,2,3,0.0333905173034176,0.0158304339817185,0.0175600833216991,"ret_1d,volume_ratio_20d,weekday_cos,month_cos",0.008690166985616088,0.0001066249969881028,25.0,False,mktmind-qtm/data/marketmind_qml_dataset.csv,SPY
split_01_2019-01,42,2019-01-23,XLC,small_mlp,0.512411969839,,3,7,0.0109491870108304,0.0158304339817185,-0.004881246970888,"ret_1d,volume_ratio_20d,weekday_cos,month_cos",0.008690166985616088,0.0001066249969881028,25.0,False,mktmind-qtm/data/marketmind_qml_dataset.csv,SPY
split_01_2019-01,42,2019-01-23,XLE,small_mlp,0.526917416943,,1,5,0.0252385959360865,0.0158304339817185,0.009408161954368,"ret_1d,volume_ratio_20d,weekday_cos,month_cos",0.008690166985616088,0.0001066249969881028,25.0,False,mktmind-qtm/data/marketmind_qml_dataset.csv,SPY
split_01_2019-01,42,2019-01-23,XLF,small_mlp,0.506829365042,,6,8,0.0097161734834008,0.0158304339817185,-0.0061142604983177,"ret_1d,volume_ratio_20d,weekday_cos,month_cos",0.008690166985616088,0.0001066249969881028,25.0,False,mktmind-qtm/data/marketmind_qml_dataset.csv,SPY
split_01_2019-01,42,2019-01-23,XLI,small_mlp,0.510130276622,1.0,5,2,0.0380596815405349,0.0158304339817185,0.0222292475588163,"ret_1d,volume_ratio_20d,weekday_cos,month_cos",0.008690166985616088,0.0001066249969881028,25.0,False,mktmind-qtm/data/marketmind_qml_dataset.csv,SPY
split_01_2019-01,42,2019-01-23,XLK,small_mlp,0.503293073618,,9,4,0.0291612822002258,0.0158304339817185,0.0133308482185072,"ret_1d,volume_ratio_20d,weekday_cos,month_cos",0.008690166985616088,0.0001066249969881028,25.0,False,mktmind-qtm/data/marketmind_qml_dataset.csv,SPY
split_01_2019-01,42,2019-01-23,XLP,small_mlp,0.50496183153,0.0,8,11,-0.0032325010475047,0.0158304339817185,-0.0190629350292232,"ret_1d,volume_ratio_20d,weekday_cos,month_cos",0.008690166985616088,0.0001066249969881028,25.0,False,mktmind-qtm/data/marketmind_qml_dataset.csv,SPY
split_01_2019-01,42,2019-01-23,XLRE,small_mlp,0.502075234468,1.0,10,1,0.0423053479600801,0.0158304339817185,0.0264749139783615,"ret_1d,volume_ratio_20d,weekday_cos,month_cos",0.008690166985616088,0.0001066249969881028,25.0,False,mktmind-qtm/data/marketmind_qml_dataset.csv,SPY
split_01_2019-01,42,2019-01-23,XLU,small_mlp,0.49651033655,0.0,11,10,-0.0027891521636767,0.0158304339817185,-0.0186195861453952,"ret_1d,volume_ratio_20d,weekday_cos,month_cos",0.008690166985616088,0.0001066249969881028,25.0,False,mktmind-qtm/data/marketmind_qml_dataset.csv,SPY
split_01_2019-01,42,2019-01-23,XLV,small_mlp,0.506165437835,0.0,7,9,-0.0001116563114598,0.0158304339817185,-0.0159420902931783,"ret_1d,volume_ratio_20d,weekday_cos,month_cos",0.008690166985616088,0.0001066249969881028,25.0,False,mktmind-qtm/data/marketmind_qml_dataset.csv,SPY
split_01_2019-01,42,2019-01-23,XLY,small_mlp,0.510813782674,,4,6,0.022576463155663,0.0158304339817185,0.0067460291739445,"ret_1d,volume_ratio_20d,weekday_cos,month_cos",0.008690166985616088,0.0001066249969881028,25.0,False,mktmind-qtm/data/marketmind_qml_dataset.csv,SPY
split_01_2019-01,42,2019-01-30,XLB,small_mlp,0.499769847525,0.0,6,11,-0.0123705823746254,0.0192843010983494,-0.0316548834729748,"ret_1d,volume_ratio_20d,weekday_cos,month_cos",0.008690166985616088,0.0001066249969881028,25.0,False,mktmind-qtm/data/marketmind_qml_dataset.csv,SPY
split_01_2019-01,42,2019-01-30,XLC,small_mlp,0.491805358853,1.0,10,1,0.0347471161952233,0.0192843010983494,0.0154628150968738,"ret_1d,volume_ratio_20d,weekday_cos,month_cos",0.008690166985616088,0.0001066249969881028,25.0,False,mktmind-qtm/data/marketmind_qml_dataset.csv,SPY
split_01_2019-01,42,2019-01-30,XLE,small_mlp,0.493772225798,,8,5,0.0203564770790691,0.0192843010983494,0.0010721759807197,"ret_1d,volume_ratio_20d,weekday_cos,month_cos",0.008690166985616088,0.0001066249969881028,25.0,False,mktmind-qtm/data/marketmind_qml_dataset.csv,SPY
split_01_2019-01,42,2019-01-30,XLF,small_mlp,0.50921704927,0.0,1,10,0.003079486053692,0.0192843010983494,-0.0162048150446574,"ret_1d,volume_ratio_20d,weekday_cos,month_cos",0.008690166985616088,0.0001066249969881028,25.0,False,mktmind-qtm/data/marketmind_qml_dataset.csv,SPY
split_01_2019-01,42,2019-01-30,XLI,small_mlp,0.498970102367,1.0,7,3,0.027987557234393,0.0192843010983494,0.0087032561360436,"ret_1d,volume_ratio_20d,weekday_cos,month_cos",0.008690166985616088,0.0001066249969881028,25.0,False,mktmind-qtm/data/marketmind_qml_dataset.csv,SPY
split_01_2019-01,42,2019-01-30,XLK,small_mlp,0.483905156052,1.0,11,2,0.0330069050915609,0.0192843010983494,0.0137226039932114,"ret_1d,volume_ratio_20d,weekday_cos,month_cos",0.008690166985616088,0.0001066249969881028,25.0,False,mktmind-qtm/data/marketmind_qml_dataset.csv,SPY
split_01_2019-01,42,2019-01-30,XLP,small_mlp,0.503953305508,,3,4,0.0221290634279145,0.0192843010983494,0.002844762329565,"ret_1d,volume_ratio_20d,weekday_cos,month_cos",0.008690166985616088,0.0001066249969881028,25.0,False,mktmind-qtm/data/marketmind_qml_dataset.csv,SPY
split_01_2019-01,42,2019-01-30,XLRE,small_mlp,0.502993963676,,4,8,0.0082352780925385,0.0192843010983494,-0.0110490230058108,"ret_1d,volume_ratio_20d,weekday_cos,month_cos",0.008690166985616088,0.0001066249969881028,25.0,False,mktmind-qtm/data/marketmind_qml_dataset.csv,SPY
split_01_2019-01,42,2019-01-30,XLU,small_mlp,0.505076218209,,2,6,0.0203246935920202,0.0192843010983494,0.0010403924936708,"ret_1d,volume_ratio_20d,weekday_cos,month_cos",0.008690166985616088,0.0001066249969881028,25.0,False,mktmind-qtm/data/marketmind_qml_dataset.csv,SPY
split_01_2019-01,42,2019-01-30,XLV,small_mlp,0.500383182157,,5,7,0.0136237840229362,0.0192843010983494,-0.0056605170754131,"ret_1d,volume_ratio_20d,weekday_cos,month_cos",0.008690166985616088,0.0001066249969881028,25.0,False,mktmind-qtm/data/marketmind_qml_dataset.csv,SPY
split_01_2019-01,42,2019-01-30,XLY,small_mlp,0.49341065878,0.0,9,9,0.0060295945448385,0.0192843010983494,-0.0132547065535109,"ret_1d,volume_ratio_20d,weekday_cos,month_cos",0.008690166985616088,0.0001066249969881028,25.0,False,mktmind-qtm/data/marketmind_qml_dataset.csv,SPY
split_01_2019-01,42,2019-01-08,XLB,xgboost,0.517713725567,0.0,5,11,-0.009038630373423,0.0139423721028788,-0.0229810024763018,"ret_1d,volume_ratio_20d,weekday_cos,month_cos",0.007621625001775101,0.00046300000394694507,,False,mktmind-qtm/data/marketmind_qml_dataset.csv,SPY
split_01_2019-01,42,2019-01-08,XLC,xgboost,0.269345462322,,11,7,0.011332695473911,0.0139423721028788,-0.0026096766289678,"ret_1d,volume_ratio_20d,weekday_cos,month_cos",0.007621625001775101,0.00046300000394694507,,False,mktmind-qtm/data/marketmind_qml_dataset.csv,SPY
split_01_2019-01,42,2019-01-08,XLE,xgboost,0.465541034937,,9,6,0.0138817538360043,0.0139423721028788,-6.0618266874534754e-05,"ret_1d,volume_ratio_20d,weekday_cos,month_cos",0.007621625001775101,0.00046300000394694507,,False,mktmind-qtm/data/marketmind_qml_dataset.csv,SPY
split_01_2019-01,42,2019-01-08,XLF,xgboost,0.516307115555,1.0,6,1,0.0238583785705013,0.0139423721028788,0.0099160064676224,"ret_1d,volume_ratio_20d,weekday_cos,month_cos",0.007621625001775101,0.00046300000394694507,,False,mktmind-qtm/data/marketmind_qml_dataset.csv,SPY
split_01_2019-01,42,2019-01-08,XLI,xgboost,0.701284587383,,1,5,0.0160707071587802,0.0139423721028788,0.0021283350559013,"ret_1d,volume_ratio_20d,weekday_cos,month_cos",0.007621625001775101,0.00046300000394694507,,False,mktmind-qtm/data/marketmind_qml_dataset.csv,SPY
split_01_2019-01,42,2019-01-08,XLK,xgboost,0.545553386211,1.0,4,3,0.0212564070955756,0.0139423721028788,0.0073140349926967,"ret_1d,volume_ratio_20d,weekday_cos,month_cos",0.007621625001775101,0.00046300000394694507,,False,mktmind-qtm/data/marketmind_qml_dataset.csv,SPY
split_01_2019-01,42,2019-01-08,XLP,xgboost,0.478421539068,0.0,7,9,0.0044520616571981,0.0139423721028788,-0.0094903104456807,"ret_1d,volume_ratio_20d,weekday_cos,month_cos",0.007621625001775101,0.00046300000394694507,,False,mktmind-qtm/data/marketmind_qml_dataset.csv,SPY
split_01_2019-01,42,2019-01-08,XLRE,xgboost,0.299530565739,1.0,10,2,0.0218769464621151,0.0139423721028788,0.0079345743592362,"ret_1d,volume_ratio_20d,weekday_cos,month_cos",0.007621625001775101,0.00046300000394694507,,False,mktmind-qtm/data/marketmind_qml_dataset.csv,SPY
split_01_2019-01,42,2019-01-08,XLU,xgboost,0.625504016876,0.0,2,10,-0.0073500365398779,0.0139423721028788,-0.0212924086427568,"ret_1d,volume_ratio_20d,weekday_cos,month_cos",0.007621625001775101,0.00046300000394694507,,False,mktmind-qtm/data/marketmind_qml_dataset.csv,SPY
split_01_2019-01,42,2019-01-08,XLV,xgboost,0.472338974476,,8,4,0.016559434281725,0.0139423721028788,0.0026170621788461,"ret_1d,volume_ratio_20d,weekday_cos,month_cos",0.007621625001775101,0.00046300000394694507,,False,mktmind-qtm/data/marketmind_qml_dataset.csv,SPY
split_01_2019-01,42,2019-01-08,XLY,xgboost,0.553248345852,,3,8,0.006043143514389,0.0139423721028788,-0.0078992285884897,"ret_1d,volume_ratio_20d,weekday_cos,month_cos",0.007621625001775101,0.00046300000394694507,,False,mktmind-qtm/data/marketmind_qml_dataset.csv,SPY
split_01_2019-01,42,2019-01-15,XLB,xgboost,0.321148604155,,8,4,0.0170774771769637,0.0117536491596008,0.0053238280173628,"ret_1d,volume_ratio_20d,weekday_cos,month_cos",0.007621625001775101,0.00046300000394694507,,False,mktmind-qtm/data/marketmind_qml_dataset.csv,SPY
split_01_2019-01,42,2019-01-15,XLC,xgboost,0.300610989332,0.0,9,11,-0.0174809872209378,0.0117536491596008,-0.0292346363805386,"ret_1d,volume_ratio_20d,weekday_cos,month_cos",0.007621625001775101,0.00046300000394694507,,False,mktmind-qtm/data/marketmind_qml_dataset.csv,SPY
split_01_2019-01,42,2019-01-15,XLE,xgboost,0.503182649612,0.0,3,10,-0.0043490117204717,0.0117536491596008,-0.0161026608800726,"ret_1d,volume_ratio_20d,weekday_cos,month_cos",0.007621625001775101,0.00046300000394694507,,False,mktmind-qtm/data/marketmind_qml_dataset.csv,SPY
split_01_2019-01,42,2019-01-15,XLF,xgboost,0.472338974476,1.0,5,1,0.0337486910617266,0.0117536491596008,0.0219950419021257,"ret_1d,volume_ratio_20d,weekday_cos,month_cos",0.007621625001775101,0.00046300000394694507,,False,mktmind-qtm/data/marketmind_qml_dataset.csv,SPY
split_01_2019-01,42,2019-01-15,XLI,xgboost,0.475316077471,1.0,4,3,0.0175904430238857,0.0117536491596008,0.0058367938642849,"ret_1d,volume_ratio_20d,weekday_cos,month_cos",0.007621625001775101,0.00046300000394694507,,False,mktmind-qtm/data/marketmind_qml_dataset.csv,SPY
split_01_2019-01,42,2019-01-15,XLK,xgboost,0.256712049246,,11,8,0.0089198020613245,0.0117536491596008,-0.0028338470982762,"ret_1d,volume_ratio_20d,weekday_cos,month_cos",0.007621625001775101,0.00046300000394694507,,False,mktmind-qtm/data/marketmind_qml_dataset.csv,SPY
split_01_2019-01,42,2019-01-15,XLP,xgboost,0.469799488783,,6,5,0.0134900753992845,0.0117536491596008,0.0017364262396837,"ret_1d,volume_ratio_20d,weekday_cos,month_cos",0.007621625001775101,0.00046300000394694507,,False,mktmind-qtm/data/marketmind_qml_dataset.csv,SPY
split_01_2019-01,42,2019-01-15,XLRE,xgboost,0.508228480816,,2,7,0.0121003841367905,0.0117536491596008,0.0003467349771897,"ret_1d,volume_ratio_20d,weekday_cos,month_cos",0.007621625001775101,0.00046300000394694507,,False,mktmind-qtm/data/marketmind_qml_dataset.csv,SPY
split_01_2019-01,42,2019-01-15,XLU,xgboost,0.615370690823,1.0,1,2,0.0210744056230594,0.0117536491596008,0.0093207564634585,"ret_1d,volume_ratio_20d,weekday_cos,month_cos",0.007621625001775101,0.00046300000394694507,,False,mktmind-qtm/data/marketmind_qml_dataset.csv,SPY
split_01_2019-01,42,2019-01-15,XLV,xgboost,0.285136699677,,10,6,0.0131219922194314,0.0117536491596008,0.0013683430598305,"ret_1d,volume_ratio_20d,weekday_cos,month_cos",0.007621625001775101,0.00046300000394694507,,False,mktmind-qtm/data/marketmind_qml_dataset.csv,SPY
split_01_2019-01,42,2019-01-15,XLY,xgboost,0.433400422335,0.0,7,9,0.0051486117219579,0.0117536491596008,-0.0066050374376429,"ret_1d,volume_ratio_20d,weekday_cos,month_cos",0.007621625001775101,0.00046300000394694507,,False,mktmind-qtm/data/marketmind_qml_dataset.csv,SPY
split_01_2019-01,42,2019-01-23,XLB,xgboost,0.368356138468,1.0,11,3,0.0333905173034176,0.0158304339817185,0.0175600833216991,"ret_1d,volume_ratio_20d,weekday_cos,month_cos",0.007621625001775101,0.00046300000394694507,,False,mktmind-qtm/data/marketmind_qml_dataset.csv,SPY
split_01_2019-01,42,2019-01-23,XLC,xgboost,0.452493160963,,10,7,0.0109491870108304,0.0158304339817185,-0.004881246970888,"ret_1d,volume_ratio_20d,weekday_cos,month_cos",0.007621625001775101,0.00046300000394694507,,False,mktmind-qtm/data/marketmind_qml_dataset.csv,SPY
split_01_2019-01,42,2019-01-23,XLE,xgboost,0.516521990299,,6,5,0.0252385959360865,0.0158304339817185,0.009408161954368,"ret_1d,volume_ratio_20d,weekday_cos,month_cos",0.007621625001775101,0.00046300000394694507,,False,mktmind-qtm/data/marketmind_qml_dataset.csv,SPY
split_01_2019-01,42,2019-01-23,XLF,xgboost,0.501197457314,,7,8,0.0097161734834008,0.0158304339817185,-0.0061142604983177,"ret_1d,volume_ratio_20d,weekday_cos,month_cos",0.007621625001775101,0.00046300000394694507,,False,mktmind-qtm/data/marketmind_qml_dataset.csv,SPY
split_01_2019-01,42,2019-01-23,XLI,xgboost,0.524147212505,1.0,4,2,0.0380596815405349,0.0158304339817185,0.0222292475588163,"ret_1d,volume_ratio_20d,weekday_cos,month_cos",0.007621625001775101,0.00046300000394694507,,False,mktmind-qtm/data/marketmind_qml_dataset.csv,SPY
split_01_2019-01,42,2019-01-23,XLK,xgboost,0.568185508251,,2,4,0.0291612822002258,0.0158304339817185,0.0133308482185072,"ret_1d,volume_ratio_20d,weekday_cos,month_cos",0.007621625001775101,0.00046300000394694507,,False,mktmind-qtm/data/marketmind_qml_dataset.csv,SPY
split_01_2019-01,42,2019-01-23,XLP,xgboost,0.6607593894,0.0,1,11,-0.0032325010475047,0.0158304339817185,-0.0190629350292232,"ret_1d,volume_ratio_20d,weekday_cos,month_cos",0.007621625001775101,0.00046300000394694507,,False,mktmind-qtm/data/marketmind_qml_dataset.csv,SPY
split_01_2019-01,42,2019-01-23,XLRE,xgboost,0.453767389059,1.0,9,1,0.0423053479600801,0.0158304339817185,0.0264749139783615,"ret_1d,volume_ratio_20d,weekday_cos,month_cos",0.007621625001775101,0.00046300000394694507,,False,mktmind-qtm/data/marketmind_qml_dataset.csv,SPY
split_01_2019-01,42,2019-01-23,XLU,xgboost,0.524704575539,0.0,3,10,-0.0027891521636767,0.0158304339817185,-0.0186195861453952,"ret_1d,volume_ratio_20d,weekday_cos,month_cos",0.007621625001775101,0.00046300000394694507,,False,mktmind-qtm/data/marketmind_qml_dataset.csv,SPY
split_01_2019-01,42,2019-01-23,XLV,xgboost,0.501197457314,0.0,8,9,-0.0001116563114598,0.0158304339817185,-0.0159420902931783,"ret_1d,volume_ratio_20d,weekday_cos,month_cos",0.007621625001775101,0.00046300000394694507,,False,mktmind-qtm/data/marketmind_qml_dataset.csv,SPY
split_01_2019-01,42,2019-01-23,XLY,xgboost,0.523011624813,,5,6,0.022576463155663,0.0158304339817185,0.0067460291739445,"ret_1d,volume_ratio_20d,weekday_cos,month_cos",0.007621625001775101,0.00046300000394694507,,False,mktmind-qtm/data/marketmind_qml_dataset.csv,SPY
split_01_2019-01,42,2019-01-30,XLB,xgboost,0.54202246666,0.0,3,11,-0.0123705823746254,0.0192843010983494,-0.0316548834729748,"ret_1d,volume_ratio_20d,weekday_cos,month_cos",0.007621625001775101,0.00046300000394694507,,False,mktmind-qtm/data/marketmind_qml_dataset.csv,SPY
split_01_2019-01,42,2019-01-30,XLC,xgboost,0.281815081835,1.0,8,1,0.0347471161952233,0.0192843010983494,0.0154628150968738,"ret_1d,volume_ratio_20d,weekday_cos,month_cos",0.007621625001775101,0.00046300000394694507,,False,mktmind-qtm/data/marketmind_qml_dataset.csv,SPY
split_01_2019-01,42,2019-01-30,XLE,xgboost,0.269317030907,,10,5,0.0203564770790691,0.0192843010983494,0.0010721759807197,"ret_1d,volume_ratio_20d,weekday_cos,month_cos",0.007621625001775101,0.00046300000394694507,,False,mktmind-qtm/data/marketmind_qml_dataset.csv,SPY
split_01_2019-01,42,2019-01-30,XLF,xgboost,0.527132093906,0.0,5,10,0.003079486053692,0.0192843010983494,-0.0162048150446574,"ret_1d,volume_ratio_20d,weekday_cos,month_cos",0.007621625001775101,0.00046300000394694507,,False,mktmind-qtm/data/marketmind_qml_dataset.csv,SPY
split_01_2019-01,42,2019-01-30,XLI,xgboost,0.274988889694,1.0,9,3,0.027987557234393,0.0192843010983494,0.0087032561360436,"ret_1d,volume_ratio_20d,weekday_cos,month_cos",0.007621625001775101,0.00046300000394694507,,False,mktmind-qtm/data/marketmind_qml_dataset.csv,SPY
split_01_2019-01,42,2019-01-30,XLK,xgboost,0.219867765903,1.0,11,2,0.0330069050915609,0.0192843010983494,0.0137226039932114,"ret_1d,volume_ratio_20d,weekday_cos,month_cos",0.007621625001775101,0.00046300000394694507,,False,mktmind-qtm/data/marketmind_qml_dataset.csv,SPY
split_01_2019-01,42,2019-01-30,XLP,xgboost,0.529168605804,,4,4,0.0221290634279145,0.0192843010983494,0.002844762329565,"ret_1d,volume_ratio_20d,weekday_cos,month_cos",0.007621625001775101,0.00046300000394694507,,False,mktmind-qtm/data/marketmind_qml_dataset.csv,SPY
split_01_2019-01,42,2019-01-30,XLRE,xgboost,0.544917821884,,2,8,0.0082352780925385,0.0192843010983494,-0.0110490230058108,"ret_1d,volume_ratio_20d,weekday_cos,month_cos",0.007621625001775101,0.00046300000394694507,,False,mktmind-qtm/data/marketmind_qml_dataset.csv,SPY
split_01_2019-01,42,2019-01-30,XLU,xgboost,0.488962203264,,6,6,0.0203246935920202,0.0192843010983494,0.0010403924936708,"ret_1d,volume_ratio_20d,weekday_cos,month_cos",0.007621625001775101,0.00046300000394694507,,False,mktmind-qtm/data/marketmind_qml_dataset.csv,SPY
split_01_2019-01,42,2019-01-30,XLV,xgboost,0.658515810966,,1,7,0.0136237840229362,0.0192843010983494,-0.0056605170754131,"ret_1d,volume_ratio_20d,weekday_cos,month_cos",0.007621625001775101,0.00046300000394694507,,False,mktmind-qtm/data/marketmind_qml_dataset.csv,SPY
split_01_2019-01,42,2019-01-30,XLY,xgboost,0.316846489906,0.0,7,9,0.0060295945448385,0.0192843010983494,-0.0132547065535109,"ret_1d,volume_ratio_20d,weekday_cos,month_cos",0.007621625001775101,0.00046300000394694507,,False,mktmind-qtm/data/marketmind_qml_dataset.csv,SPY
split_01_2019-01,42,2019-01-08,XLB,pennylane_qnn,-0.356405670474,0.0,6,11,-0.009038630373423,0.0139423721028788,-0.0229810024763018,"ret_1d,volume_ratio_20d,weekday_cos,month_cos",11.353408458002377,0.12643279202166013,13.0,False,mktmind-qtm/data/marketmind_qml_dataset.csv,SPY
split_01_2019-01,42,2019-01-08,XLC,pennylane_qnn,-0.227350332386,,1,7,0.011332695473911,0.0139423721028788,-0.0026096766289678,"ret_1d,volume_ratio_20d,weekday_cos,month_cos",11.353408458002377,0.12643279202166013,13.0,False,mktmind-qtm/data/marketmind_qml_dataset.csv,SPY
split_01_2019-01,42,2019-01-08,XLE,pennylane_qnn,-0.341255018611,,5,6,0.0138817538360043,0.0139423721028788,-6.0618266874534754e-05,"ret_1d,volume_ratio_20d,weekday_cos,month_cos",11.353408458002377,0.12643279202166013,13.0,False,mktmind-qtm/data/marketmind_qml_dataset.csv,SPY
split_01_2019-01,42,2019-01-08,XLF,pennylane_qnn,-0.405416936017,1.0,10,1,0.0238583785705013,0.0139423721028788,0.0099160064676224,"ret_1d,volume_ratio_20d,weekday_cos,month_cos",11.353408458002377,0.12643279202166013,13.0,False,mktmind-qtm/data/marketmind_qml_dataset.csv,SPY
split_01_2019-01,42,2019-01-08,XLI,pennylane_qnn,-0.40736675868,,11,5,0.0160707071587802,0.0139423721028788,0.0021283350559013,"ret_1d,volume_ratio_20d,weekday_cos,month_cos",11.353408458002377,0.12643279202166013,13.0,False,mktmind-qtm/data/marketmind_qml_dataset.csv,SPY
split_01_2019-01,42,2019-01-08,XLK,pennylane_qnn,-0.261255928781,1.0,2,3,0.0212564070955756,0.0139423721028788,0.0073140349926967,"ret_1d,volume_ratio_20d,weekday_cos,month_cos",11.353408458002377,0.12643279202166013,13.0,False,mktmind-qtm/data/marketmind_qml_dataset.csv,SPY
split_01_2019-01,42,2019-01-08,XLP,pennylane_qnn,-0.404445562922,0.0,9,9,0.0044520616571981,0.0139423721028788,-0.0094903104456807,"ret_1d,volume_ratio_20d,weekday_cos,month_cos",11.353408458002377,0.12643279202166013,13.0,False,mktmind-qtm/data/marketmind_qml_dataset.csv,SPY
split_01_2019-01,42,2019-01-08,XLRE,pennylane_qnn,-0.362585508501,1.0,7,2,0.0218769464621151,0.0139423721028788,0.0079345743592362,"ret_1d,volume_ratio_20d,weekday_cos,month_cos",11.353408458002377,0.12643279202166013,13.0,False,mktmind-qtm/data/marketmind_qml_dataset.csv,SPY
split_01_2019-01,42,2019-01-08,XLU,pennylane_qnn,-0.301933472254,0.0,3,10,-0.0073500365398779,0.0139423721028788,-0.0212924086427568,"ret_1d,volume_ratio_20d,weekday_cos,month_cos",11.353408458002377,0.12643279202166013,13.0,False,mktmind-qtm/data/marketmind_qml_dataset.csv,SPY
split_01_2019-01,42,2019-01-08,XLV,pennylane_qnn,-0.336730071784,,4,4,0.016559434281725,0.0139423721028788,0.0026170621788461,"ret_1d,volume_ratio_20d,weekday_cos,month_cos",11.353408458002377,0.12643279202166013,13.0,False,mktmind-qtm/data/marketmind_qml_dataset.csv,SPY
split_01_2019-01,42,2019-01-08,XLY,pennylane_qnn,-0.400368737588,,8,8,0.006043143514389,0.0139423721028788,-0.0078992285884897,"ret_1d,volume_ratio_20d,weekday_cos,month_cos",11.353408458002377,0.12643279202166013,13.0,False,mktmind-qtm/data/marketmind_qml_dataset.csv,SPY
split_01_2019-01,42,2019-01-15,XLB,pennylane_qnn,-0.277954696573,,5,4,0.0170774771769637,0.0117536491596008,0.0053238280173628,"ret_1d,volume_ratio_20d,weekday_cos,month_cos",11.353408458002377,0.12643279202166013,13.0,False,mktmind-qtm/data/marketmind_qml_dataset.csv,SPY
split_01_2019-01,42,2019-01-15,XLC,pennylane_qnn,-0.286600544993,0.0,6,11,-0.0174809872209378,0.0117536491596008,-0.0292346363805386,"ret_1d,volume_ratio_20d,weekday_cos,month_cos",11.353408458002377,0.12643279202166013,13.0,False,mktmind-qtm/data/marketmind_qml_dataset.csv,SPY
split_01_2019-01,42,2019-01-15,XLE,pennylane_qnn,-0.179715540056,0.0,1,10,-0.0043490117204717,0.0117536491596008,-0.0161026608800726,"ret_1d,volume_ratio_20d,weekday_cos,month_cos",11.353408458002377,0.12643279202166013,13.0,False,mktmind-qtm/data/marketmind_qml_dataset.csv,SPY
split_01_2019-01,42,2019-01-15,XLF,pennylane_qnn,-0.331969725029,1.0,10,1,0.0337486910617266,0.0117536491596008,0.0219950419021257,"ret_1d,volume_ratio_20d,weekday_cos,month_cos",11.353408458002377,0.12643279202166013,13.0,False,mktmind-qtm/data/marketmind_qml_dataset.csv,SPY
split_01_2019-01,42,2019-01-15,XLI,pennylane_qnn,-0.324067929576,1.0,9,3,0.0175904430238857,0.0117536491596008,0.0058367938642849,"ret_1d,volume_ratio_20d,weekday_cos,month_cos",11.353408458002377,0.12643279202166013,13.0,False,mktmind-qtm/data/marketmind_qml_dataset.csv,SPY
split_01_2019-01,42,2019-01-15,XLK,pennylane_qnn,-0.30821200116,,8,8,0.0089198020613245,0.0117536491596008,-0.0028338470982762,"ret_1d,volume_ratio_20d,weekday_cos,month_cos",11.353408458002377,0.12643279202166013,13.0,False,mktmind-qtm/data/marketmind_qml_dataset.csv,SPY
split_01_2019-01,42,2019-01-15,XLP,pennylane_qnn,-0.195666514025,,4,5,0.0134900753992845,0.0117536491596008,0.0017364262396837,"ret_1d,volume_ratio_20d,weekday_cos,month_cos",11.353408458002377,0.12643279202166013,13.0,False,mktmind-qtm/data/marketmind_qml_dataset.csv,SPY
split_01_2019-01,42,2019-01-15,XLRE,pennylane_qnn,-0.188346544789,,2,7,0.0121003841367905,0.0117536491596008,0.0003467349771897,"ret_1d,volume_ratio_20d,weekday_cos,month_cos",11.353408458002377,0.12643279202166013,13.0,False,mktmind-qtm/data/marketmind_qml_dataset.csv,SPY
split_01_2019-01,42,2019-01-15,XLU,pennylane_qnn,-0.408525167496,1.0,11,2,0.0210744056230594,0.0117536491596008,0.0093207564634585,"ret_1d,volume_ratio_20d,weekday_cos,month_cos",11.353408458002377,0.12643279202166013,13.0,False,mktmind-qtm/data/marketmind_qml_dataset.csv,SPY
split_01_2019-01,42,2019-01-15,XLV,pennylane_qnn,-0.291832100385,,7,6,0.0131219922194314,0.0117536491596008,0.0013683430598305,"ret_1d,volume_ratio_20d,weekday_cos,month_cos",11.353408458002377,0.12643279202166013,13.0,False,mktmind-qtm/data/marketmind_qml_dataset.csv,SPY
split_01_2019-01,42,2019-01-15,XLY,pennylane_qnn,-0.188363486131,0.0,3,9,0.0051486117219579,0.0117536491596008,-0.0066050374376429,"ret_1d,volume_ratio_20d,weekday_cos,month_cos",11.353408458002377,0.12643279202166013,13.0,False,mktmind-qtm/data/marketmind_qml_dataset.csv,SPY
split_01_2019-01,42,2019-01-23,XLB,pennylane_qnn,-0.201070868701,1.0,2,3,0.0333905173034176,0.0158304339817185,0.0175600833216991,"ret_1d,volume_ratio_20d,weekday_cos,month_cos",11.353408458002377,0.12643279202166013,13.0,False,mktmind-qtm/data/marketmind_qml_dataset.csv,SPY
split_01_2019-01,42,2019-01-23,XLC,pennylane_qnn,-0.211130632101,,5,7,0.0109491870108304,0.0158304339817185,-0.004881246970888,"ret_1d,volume_ratio_20d,weekday_cos,month_cos",11.353408458002377,0.12643279202166013,13.0,False,mktmind-qtm/data/marketmind_qml_dataset.csv,SPY
split_01_2019-01,42,2019-01-23,XLE,pennylane_qnn,-0.264465672511,,10,5,0.0252385959360865,0.0158304339817185,0.009408161954368,"ret_1d,volume_ratio_20d,weekday_cos,month_cos",11.353408458002377,0.12643279202166013,13.0,False,mktmind-qtm/data/marketmind_qml_dataset.csv,SPY
split_01_2019-01,42,2019-01-23,XLF,pennylane_qnn,-0.217349129452,,6,8,0.0097161734834008,0.0158304339817185,-0.0061142604983177,"ret_1d,volume_ratio_20d,weekday_cos,month_cos",11.353408458002377,0.12643279202166013,13.0,False,mktmind-qtm/data/marketmind_qml_dataset.csv,SPY
split_01_2019-01,42,2019-01-23,XLI,pennylane_qnn,-0.248375331593,1.0,8,2,0.0380596815405349,0.0158304339817185,0.0222292475588163,"ret_1d,volume_ratio_20d,weekday_cos,month_cos",11.353408458002377,0.12643279202166013,13.0,False,mktmind-qtm/data/marketmind_qml_dataset.csv,SPY
split_01_2019-01,42,2019-01-23,XLK,pennylane_qnn,-0.207819355097,,3,4,0.0291612822002258,0.0158304339817185,0.0133308482185072,"ret_1d,volume_ratio_20d,weekday_cos,month_cos",11.353408458002377,0.12643279202166013,13.0,False,mktmind-qtm/data/marketmind_qml_dataset.csv,SPY
split_01_2019-01,42,2019-01-23,XLP,pennylane_qnn,-0.267336900331,0.0,11,11,-0.0032325010475047,0.0158304339817185,-0.0190629350292232,"ret_1d,volume_ratio_20d,weekday_cos,month_cos",11.353408458002377,0.12643279202166013,13.0,False,mktmind-qtm/data/marketmind_qml_dataset.csv,SPY
split_01_2019-01,42,2019-01-23,XLRE,pennylane_qnn,-0.16247116409,1.0,1,1,0.0423053479600801,0.0158304339817185,0.0264749139783615,"ret_1d,volume_ratio_20d,weekday_cos,month_cos",11.353408458002377,0.12643279202166013,13.0,False,mktmind-qtm/data/marketmind_qml_dataset.csv,SPY
split_01_2019-01,42,2019-01-23,XLU,pennylane_qnn,-0.218008578417,0.0,7,10,-0.0027891521636767,0.0158304339817185,-0.0186195861453952,"ret_1d,volume_ratio_20d,weekday_cos,month_cos",11.353408458002377,0.12643279202166013,13.0,False,mktmind-qtm/data/marketmind_qml_dataset.csv,SPY
split_01_2019-01,42,2019-01-23,XLV,pennylane_qnn,-0.210348475837,0.0,4,9,-0.0001116563114598,0.0158304339817185,-0.0159420902931783,"ret_1d,volume_ratio_20d,weekday_cos,month_cos",11.353408458002377,0.12643279202166013,13.0,False,mktmind-qtm/data/marketmind_qml_dataset.csv,SPY
split_01_2019-01,42,2019-01-23,XLY,pennylane_qnn,-0.256697963966,,9,6,0.022576463155663,0.0158304339817185,0.0067460291739445,"ret_1d,volume_ratio_20d,weekday_cos,month_cos",11.353408458002377,0.12643279202166013,13.0,False,mktmind-qtm/data/marketmind_qml_dataset.csv,SPY
split_01_2019-01,42,2019-01-30,XLB,pennylane_qnn,-0.248385261483,0.0,4,11,-0.0123705823746254,0.0192843010983494,-0.0316548834729748,"ret_1d,volume_ratio_20d,weekday_cos,month_cos",11.353408458002377,0.12643279202166013,13.0,False,mktmind-qtm/data/marketmind_qml_dataset.csv,SPY
split_01_2019-01,42,2019-01-30,XLC,pennylane_qnn,-0.222077674695,1.0,1,1,0.0347471161952233,0.0192843010983494,0.0154628150968738,"ret_1d,volume_ratio_20d,weekday_cos,month_cos",11.353408458002377,0.12643279202166013,13.0,False,mktmind-qtm/data/marketmind_qml_dataset.csv,SPY
split_01_2019-01,42,2019-01-30,XLE,pennylane_qnn,-0.234893926247,,2,5,0.0203564770790691,0.0192843010983494,0.0010721759807197,"ret_1d,volume_ratio_20d,weekday_cos,month_cos",11.353408458002377,0.12643279202166013,13.0,False,mktmind-qtm/data/marketmind_qml_dataset.csv,SPY
split_01_2019-01,42,2019-01-30,XLF,pennylane_qnn,-0.266941478242,0.0,8,10,0.003079486053692,0.0192843010983494,-0.0162048150446574,"ret_1d,volume_ratio_20d,weekday_cos,month_cos",11.353408458002377,0.12643279202166013,13.0,False,mktmind-qtm/data/marketmind_qml_dataset.csv,SPY
split_01_2019-01,42,2019-01-30,XLI,pennylane_qnn,-0.268154309483,1.0,11,3,0.027987557234393,0.0192843010983494,0.0087032561360436,"ret_1d,volume_ratio_20d,weekday_cos,month_cos",11.353408458002377,0.12643279202166013,13.0,False,mktmind-qtm/data/marketmind_qml_dataset.csv,SPY
split_01_2019-01,42,2019-01-30,XLK,pennylane_qnn,-0.262086637335,1.0,7,2,0.0330069050915609,0.0192843010983494,0.0137226039932114,"ret_1d,volume_ratio_20d,weekday_cos,month_cos",11.353408458002377,0.12643279202166013,13.0,False,mktmind-qtm/data/marketmind_qml_dataset.csv,SPY
split_01_2019-01,42,2019-01-30,XLP,pennylane_qnn,-0.245995484213,,3,4,0.0221290634279145,0.0192843010983494,0.002844762329565,"ret_1d,volume_ratio_20d,weekday_cos,month_cos",11.353408458002377,0.12643279202166013,13.0,False,mktmind-qtm/data/marketmind_qml_dataset.csv,SPY
split_01_2019-01,42,2019-01-30,XLRE,pennylane_qnn,-0.25167287693,,5,8,0.0082352780925385,0.0192843010983494,-0.0110490230058108,"ret_1d,volume_ratio_20d,weekday_cos,month_cos",11.353408458002377,0.12643279202166013,13.0,False,mktmind-qtm/data/marketmind_qml_dataset.csv,SPY
split_01_2019-01,42,2019-01-30,XLU,pennylane_qnn,-0.259489648545,,6,6,0.0203246935920202,0.0192843010983494,0.0010403924936708,"ret_1d,volume_ratio_20d,weekday_cos,month_cos",11.353408458002377,0.12643279202166013,13.0,False,mktmind-qtm/data/marketmind_qml_dataset.csv,SPY
split_01_2019-01,42,2019-01-30,XLV,pennylane_qnn,-0.266956223944,,9,7,0.0136237840229362,0.0192843010983494,-0.0056605170754131,"ret_1d,volume_ratio_20d,weekday_cos,month_cos",11.353408458002377,0.12643279202166013,13.0,False,mktmind-qtm/data/marketmind_qml_dataset.csv,SPY
split_01_2019-01,42,2019-01-30,XLY,pennylane_qnn,-0.267225658658,0.0,10,9,0.0060295945448385,0.0192843010983494,-0.0132547065535109,"ret_1d,volume_ratio_20d,weekday_cos,month_cos",11.353408458002377,0.12643279202166013,13.0,False,mktmind-qtm/data/marketmind_qml_dataset.csv,SPY
split_02_2019-02,42,2019-02-06,XLB,naive_momentum,-0.033542027512,,11,6,0.0100954439758633,0.0082494280517981,0.0018460159240651,relative_strength_20d,0.0,0.0,0.0,False,mktmind-qtm/data/marketmind_qml_dataset.csv,SPY
split_02_2019-02,42,2019-02-06,XLC,naive_momentum,-0.022757930814,0.0,8,11,-0.0010903695850825,0.0082494280517981,-0.0093397976368807,relative_strength_20d,0.0,0.0,0.0,False,mktmind-qtm/data/marketmind_qml_dataset.csv,SPY
split_02_2019-02,42,2019-02-06,XLE,naive_momentum,-0.006177894649,0.0,5,10,0.0027838449611745,0.0082494280517981,-0.0054655830906236,relative_strength_20d,0.0,0.0,0.0,False,mktmind-qtm/data/marketmind_qml_dataset.csv,SPY
split_02_2019-02,42,2019-02-06,XLF,naive_momentum,0.009791143365,0.0,4,9,0.0053721359749694,0.0082494280517981,-0.0028772920768287,relative_strength_20d,0.0,0.0,0.0,False,mktmind-qtm/data/marketmind_qml_dataset.csv,SPY
split_02_2019-02,42,2019-02-06,XLI,naive_momentum,0.041138464411,1.0,1,1,0.0215084731892198,0.0082494280517981,0.0132590451374217,relative_strength_20d,0.0,0.0,0.0,False,mktmind-qtm/data/marketmind_qml_dataset.csv,SPY
split_02_2019-02,42,2019-02-06,XLK,naive_momentum,0.033217671584,,2,7,0.0059815444699991,0.0082494280517981,-0.002267883581799,relative_strength_20d,0.0,0.0,0.0,False,mktmind-qtm/data/marketmind_qml_dataset.csv,SPY
split_02_2019-02,42,2019-02-06,XLP,naive_momentum,-0.025029749049,1.0,9,3,0.0162373480223039,0.0082494280517981,0.0079879199705057,relative_strength_20d,0.0,0.0,0.0,False,mktmind-qtm/data/marketmind_qml_dataset.csv,SPY
split_02_2019-02,42,2019-02-06,XLRE,naive_momentum,0.024677750074,,3,5,0.0110852706214616,0.0082494280517981,0.0028358425696635,relative_strength_20d,0.0,0.0,0.0,False,mktmind-qtm/data/marketmind_qml_dataset.csv,SPY
split_02_2019-02,42,2019-02-06,XLU,naive_momentum,-0.0309103638,1.0,10,2,0.0166299587460554,0.0082494280517981,0.0083805306942572,relative_strength_20d,0.0,0.0,0.0,False,mktmind-qtm/data/marketmind_qml_dataset.csv,SPY
split_02_2019-02,42,2019-02-06,XLV,naive_momentum,-0.018382591159,,6,8,0.0053982259546954,0.0082494280517981,-0.0028512020971027,relative_strength_20d,0.0,0.0,0.0,False,mktmind-qtm/data/marketmind_qml_dataset.csv,SPY
split_02_2019-02,42,2019-02-06,XLY,naive_momentum,-0.021908243361,,7,4,0.0116184423301117,0.0082494280517981,0.0033690142783135,relative_strength_20d,0.0,0.0,0.0,False,mktmind-qtm/data/marketmind_qml_dataset.csv,SPY
split_02_2019-02,42,2019-02-13,XLB,naive_momentum,-0.007716293302,1.0,7,1,0.0279473856554812,0.008836681840848,0.0191107038146332,relative_strength_20d,0.0,0.0,0.0,False,mktmind-qtm/data/marketmind_qml_dataset.csv,SPY
split_02_2019-02,42,2019-02-13,XLC,naive_momentum,-0.029562365466,0.0,11,11,-0.0037109640382516,0.008836681840848,-0.0125476458790997,relative_strength_20d,0.0,0.0,0.0,False,mktmind-qtm/data/marketmind_qml_dataset.csv,SPY
split_02_2019-02,42,2019-02-13,XLE,naive_momentum,-0.011773153743,,9,5,0.0112585461337919,0.008836681840848,0.0024218642929438,relative_strength_20d,0.0,0.0,0.0,False,mktmind-qtm/data/marketmind_qml_dataset.csv,SPY
split_02_2019-02,42,2019-02-13,XLF,naive_momentum,-0.003600213086,,5,4,0.0114502675390615,0.008836681840848,0.0026135856982134,relative_strength_20d,0.0,0.0,0.0,False,mktmind-qtm/data/marketmind_qml_dataset.csv,SPY
split_02_2019-02,42,2019-02-13,XLI,naive_momentum,0.053007115499,,1,6,0.008928177454117,0.008836681840848,9.149561326893264e-05,relative_strength_20d,0.0,0.0,0.0,False,mktmind-qtm/data/marketmind_qml_dataset.csv,SPY
split_02_2019-02,42,2019-02-13,XLK,naive_momentum,0.022797516919,1.0,2,3,0.0116026296142082,0.008836681840848,0.0027659477733601,relative_strength_20d,0.0,0.0,0.0,False,mktmind-qtm/data/marketmind_qml_dataset.csv,SPY
split_02_2019-02,42,2019-02-13,XLP,naive_momentum,-0.006896755895,0.0,6,10,0.0044076112732998,0.008836681840848,-0.0044290705675482,relative_strength_20d,0.0,0.0,0.0,False,mktmind-qtm/data/marketmind_qml_dataset.csv,SPY
split_02_2019-02,42,2019-02-13,XLRE,naive_momentum,0.019163538844,,3,8,0.006347351687119,0.008836681840848,-0.0024893301537289,relative_strength_20d,0.0,0.0,0.0,False,mktmind-qtm/data/marketmind_qml_dataset.csv,SPY
split_02_2019-02,42,2019-02-13,XLU,naive_momentum,-3.3157243e-05,1.0,4,2,0.0192341244959395,0.008836681840848,0.0103974426550914,relative_strength_20d,0.0,0.0,0.0,False,mktmind-qtm/data/marketmind_qml_dataset.csv,SPY
split_02_2019-02,42,2019-02-13,XLV,naive_momentum,-0.023879159065,0.0,10,9,0.0049309361407339,0.008836681840848,-0.0039057457001141,relative_strength_20d,0.0,0.0,0.0,False,mktmind-qtm/data/marketmind_qml_dataset.csv,SPY
split_02_2019-02,42,2019-02-13,XLY,naive_momentum,-0.010179297052,,8,7,0.0072916875000417,0.008836681840848,-0.0015449943408063,relative_strength_20d,0.0,0.0,0.0,False,mktmind-qtm/data/marketmind_qml_dataset.csv,SPY
split_02_2019-02,42,2019-02-21,XLB,naive_momentum,0.006534809875,0.0,5,11,-0.0088225873503738,0.004541877835684,-0.0133644651860579,relative_strength_20d,0.0,0.0,0.0,False,mktmind-qtm/data/marketmind_qml_dataset.csv,SPY
split_02_2019-02,42,2019-02-21,XLC,naive_momentum,-0.01212836854,1.0,8,3,0.0061346790642227,0.004541877835684,0.0015928012285386,relative_strength_20d,0.0,0.0,0.0,False,mktmind-qtm/data/marketmind_qml_dataset.csv,SPY
split_02_2019-02,42,2019-02-21,XLE,naive_momentum,0.007644704911,0.0,4,9,-0.0048803189593892,0.004541877835684,-0.0094221967950732,relative_strength_20d,0.0,0.0,0.0,False,mktmind-qtm/data/marketmind_qml_dataset.csv,SPY
split_02_2019-02,42,2019-02-21,XLF,naive_momentum,-0.023260751396,,10,5,0.0007549297756741,0.004541877835684,-0.0037869480600098,relative_strength_20d,0.0,0.0,0.0,False,mktmind-qtm/data/marketmind_qml_dataset.csv,SPY
split_02_2019-02,42,2019-02-21,XLI,naive_momentum,0.046609890193,1.0,1,2,0.0083216281564928,0.004541877835684,0.0037797503208087,relative_strength_20d,0.0,0.0,0.0,False,mktmind-qtm/data/marketmind_qml_dataset.csv,SPY
split_02_2019-02,42,2019-02-21,XLK,naive_momentum,0.028711975799,1.0,2,1,0.0159142525635915,0.004541877835684,0.0113723747279075,relative_strength_20d,0.0,0.0,0.0,False,mktmind-qtm/data/marketmind_qml_dataset.csv,SPY
split_02_2019-02,42,2019-02-21,XLP,naive_momentum,-0.01325524706,0.0,9,10,-0.0063997920536577,0.004541877835684,-0.0109416698893417,relative_strength_20d,0.0,0.0,0.0,False,mktmind-qtm/data/marketmind_qml_dataset.csv,SPY
split_02_2019-02,42,2019-02-21,XLRE,naive_momentum,0.01609592286,,3,8,-0.0048737441726782,0.004541877835684,-0.0094156220083623,relative_strength_20d,0.0,0.0,0.0,False,mktmind-qtm/data/marketmind_qml_dataset.csv,SPY
split_02_2019-02,42,2019-02-21,XLU,naive_momentum,0.001108458885,,6,4,0.005467349301486,0.004541877835684,0.000925471465802,relative_strength_20d,0.0,0.0,0.0,False,mktmind-qtm/data/marketmind_qml_dataset.csv,SPY
split_02_2019-02,42,2019-02-21,XLV,naive_momentum,-0.029180493875,,11,6,-0.0006543263362442,0.004541877835684,-0.0051962041719283,relative_strength_20d,0.0,0.0,0.0,False,mktmind-qtm/data/marketmind_qml_dataset.csv,SPY
split_02_2019-02,42,2019-02-21,XLY,naive_momentum,-0.004903807758,,7,7,-0.0027144873880705,0.004541877835684,-0.0072563652237546,relative_strength_20d,0.0,0.0,0.0,False,mktmind-qtm/data/marketmind_qml_dataset.csv,SPY
split_02_2019-02,42,2019-02-28,XLB,naive_momentum,-0.025050212913,,11,5,-0.0074478171441554,-0.0131694072738053,0.0057215901296499,relative_strength_20d,0.0,0.0,0.0,False,mktmind-qtm/data/marketmind_qml_dataset.csv,SPY
split_02_2019-02,42,2019-02-28,XLC,naive_momentum,-0.005382583778,1.0,5,1,0.0060978086078242,-0.0131694072738053,0.0192672158816296,relative_strength_20d,0.0,0.0,0.0,False,mktmind-qtm/data/marketmind_qml_dataset.csv,SPY
split_02_2019-02,42,2019-02-28,XLE,naive_momentum,-0.011816155515,,6,4,-0.0019922264486067,-0.0131694072738053,0.0111771808251985,relative_strength_20d,0.0,0.0,0.0,False,mktmind-qtm/data/marketmind_qml_dataset.csv,SPY
split_02_2019-02,42,2019-02-28,XLF,naive_momentum,-0.020697674085,0.0,10,9,-0.02036219856948,-0.0131694072738053,-0.0071927912956747,relative_strength_20d,0.0,0.0,0.0,False,mktmind-qtm/data/marketmind_qml_dataset.csv,SPY
split_02_2019-02,42,2019-02-28,XLI,naive_momentum,0.026806895699,0.0,1,11,-0.0251509039591877,-0.0131694072738053,-0.0119814966853823,relative_strength_20d,0.0,0.0,0.0,False,mktmind-qtm/data/marketmind_qml_dataset.csv,SPY
split_02_2019-02,42,2019-02-28,XLK,naive_momentum,0.026489810219,,2,8,-0.0146769623833118,-0.0131694072738053,-0.0015075551095065,relative_strength_20d,0.0,0.0,0.0,False,mktmind-qtm/data/marketmind_qml_dataset.csv,SPY
split_02_2019-02,42,2019-02-28,XLP,naive_momentum,-0.004856010666,,4,7,-0.0121455120934628,-0.0131694072738053,0.0010238951803425,relative_strength_20d,0.0,0.0,0.0,False,mktmind-qtm/data/marketmind_qml_dataset.csv,SPY
split_02_2019-02,42,2019-02-28,XLRE,naive_momentum,-0.020600593759,1.0,9,3,0.002304796460758,-0.0131694072738053,0.0154742037345634,relative_strength_20d,0.0,0.0,0.0,False,mktmind-qtm/data/marketmind_qml_dataset.csv,SPY
split_02_2019-02,42,2019-02-28,XLU,naive_momentum,0.021541279932,1.0,3,2,0.0059639629006584,-0.0131694072738053,0.0191333701744638,relative_strength_20d,0.0,0.0,0.0,False,mktmind-qtm/data/marketmind_qml_dataset.csv,SPY
split_02_2019-02,42,2019-02-28,XLV,naive_momentum,-0.018032569596,0.0,7,10,-0.0224767726479284,-0.0131694072738053,-0.0093073653741231,relative_strength_20d,0.0,0.0,0.0,False,mktmind-qtm/data/marketmind_qml_dataset.csv,SPY
split_02_2019-02,42,2019-02-28,XLY,naive_momentum,-0.019126862983,,8,6,-0.0094367146833717,-0.0131694072738053,0.0037326925904336,relative_strength_20d,0.0,0.0,0.0,False,mktmind-qtm/data/marketmind_qml_dataset.csv,SPY
split_02_2019-02,42,2019-02-06,XLB,logistic_regression,0.067425287083,,4,6,0.0100954439758633,0.0082494280517981,0.0018460159240651,"ret_1d,volume_ratio_20d,weekday_cos,month_cos",0.0015645830135326833,9.029201464727521e-05,5.0,False,mktmind-qtm/data/marketmind_qml_dataset.csv,SPY
split_02_2019-02,42,2019-02-06,XLC,logistic_regression,0.341317195692,0.0,1,11,-0.0010903695850825,0.0082494280517981,-0.0093397976368807,"ret_1d,volume_ratio_20d,weekday_cos,month_cos",0.0015645830135326833,9.029201464727521e-05,5.0,False,mktmind-qtm/data/marketmind_qml_dataset.csv,SPY
split_02_2019-02,42,2019-02-06,XLE,logistic_regression,0.092049743354,0.0,3,10,0.0027838449611745,0.0082494280517981,-0.0054655830906236,"ret_1d,volume_ratio_20d,weekday_cos,month_cos",0.0015645830135326833,9.029201464727521e-05,5.0,False,mktmind-qtm/data/marketmind_qml_dataset.csv,SPY
split_02_2019-02,42,2019-02-06,XLF,logistic_regression,-0.014572021036,0.0,6,9,0.0053721359749694,0.0082494280517981,-0.0028772920768287,"ret_1d,volume_ratio_20d,weekday_cos,month_cos",0.0015645830135326833,9.029201464727521e-05,5.0,False,mktmind-qtm/data/marketmind_qml_dataset.csv,SPY
split_02_2019-02,42,2019-02-06,XLI,logistic_regression,-0.039465431576,1.0,9,1,0.0215084731892198,0.0082494280517981,0.0132590451374217,"ret_1d,volume_ratio_20d,weekday_cos,month_cos",0.0015645830135326833,9.029201464727521e-05,5.0,False,mktmind-qtm/data/marketmind_qml_dataset.csv,SPY
split_02_2019-02,42,2019-02-06,XLK,logistic_regression,-0.089824210596,,10,7,0.0059815444699991,0.0082494280517981,-0.002267883581799,"ret_1d,volume_ratio_20d,weekday_cos,month_cos",0.0015645830135326833,9.029201464727521e-05,5.0,False,mktmind-qtm/data/marketmind_qml_dataset.csv,SPY
split_02_2019-02,42,2019-02-06,XLP,logistic_regression,-0.038335800841,1.0,8,3,0.0162373480223039,0.0082494280517981,0.0079879199705057,"ret_1d,volume_ratio_20d,weekday_cos,month_cos",0.0015645830135326833,9.029201464727521e-05,5.0,False,mktmind-qtm/data/marketmind_qml_dataset.csv,SPY
split_02_2019-02,42,2019-02-06,XLRE,logistic_regression,0.098643416984,,2,5,0.0110852706214616,0.0082494280517981,0.0028358425696635,"ret_1d,volume_ratio_20d,weekday_cos,month_cos",0.0015645830135326833,9.029201464727521e-05,5.0,False,mktmind-qtm/data/marketmind_qml_dataset.csv,SPY
split_02_2019-02,42,2019-02-06,XLU,logistic_regression,-0.022282546518,1.0,7,2,0.0166299587460554,0.0082494280517981,0.0083805306942572,"ret_1d,volume_ratio_20d,weekday_cos,month_cos",0.0015645830135326833,9.029201464727521e-05,5.0,False,mktmind-qtm/data/marketmind_qml_dataset.csv,SPY
split_02_2019-02,42,2019-02-06,XLV,logistic_regression,-0.108218100688,,11,8,0.0053982259546954,0.0082494280517981,-0.0028512020971027,"ret_1d,volume_ratio_20d,weekday_cos,month_cos",0.0015645830135326833,9.029201464727521e-05,5.0,False,mktmind-qtm/data/marketmind_qml_dataset.csv,SPY
split_02_2019-02,42,2019-02-06,XLY,logistic_regression,0.037229783486,,5,4,0.0116184423301117,0.0082494280517981,0.0033690142783135,"ret_1d,volume_ratio_20d,weekday_cos,month_cos",0.0015645830135326833,9.029201464727521e-05,5.0,False,mktmind-qtm/data/marketmind_qml_dataset.csv,SPY
split_02_2019-02,42,2019-02-13,XLB,logistic_regression,-0.05589896178,1.0,4,1,0.0279473856554812,0.008836681840848,0.0191107038146332,"ret_1d,volume_ratio_20d,weekday_cos,month_cos",0.0015645830135326833,9.029201464727521e-05,5.0,False,mktmind-qtm/data/marketmind_qml_dataset.csv,SPY
split_02_2019-02,42,2019-02-13,XLC,logistic_regression,-0.044435380721,0.0,2,11,-0.0037109640382516,0.008836681840848,-0.0125476458790997,"ret_1d,volume_ratio_20d,weekday_cos,month_cos",0.0015645830135326833,9.029201464727521e-05,5.0,False,mktmind-qtm/data/marketmind_qml_dataset.csv,SPY
split_02_2019-02,42,2019-02-13,XLE,logistic_regression,-0.243359426202,,11,5,0.0112585461337919,0.008836681840848,0.0024218642929438,"ret_1d,volume_ratio_20d,weekday_cos,month_cos",0.0015645830135326833,9.029201464727521e-05,5.0,False,mktmind-qtm/data/marketmind_qml_dataset.csv,SPY
split_02_2019-02,42,2019-02-13,XLF,logistic_regression,-0.077915003968,,7,4,0.0114502675390615,0.008836681840848,0.0026135856982134,"ret_1d,volume_ratio_20d,weekday_cos,month_cos",0.0015645830135326833,9.029201464727521e-05,5.0,False,mktmind-qtm/data/marketmind_qml_dataset.csv,SPY
split_02_2019-02,42,2019-02-13,XLI,logistic_regression,-0.1308868953,,8,6,0.008928177454117,0.008836681840848,9.149561326893264e-05,"ret_1d,volume_ratio_20d,weekday_cos,month_cos",0.0015645830135326833,9.029201464727521e-05,5.0,False,mktmind-qtm/data/marketmind_qml_dataset.csv,SPY
split_02_2019-02,42,2019-02-13,XLK,logistic_regression,-0.054907394986,1.0,3,3,0.0116026296142082,0.008836681840848,0.0027659477733601,"ret_1d,volume_ratio_20d,weekday_cos,month_cos",0.0015645830135326833,9.029201464727521e-05,5.0,False,mktmind-qtm/data/marketmind_qml_dataset.csv,SPY
split_02_2019-02,42,2019-02-13,XLP,logistic_regression,-0.063666748182,0.0,5,10,0.0044076112732998,0.008836681840848,-0.0044290705675482,"ret_1d,volume_ratio_20d,weekday_cos,month_cos",0.0015645830135326833,9.029201464727521e-05,5.0,False,mktmind-qtm/data/marketmind_qml_dataset.csv,SPY
split_02_2019-02,42,2019-02-13,XLRE,logistic_regression,-0.144440977044,,9,8,0.006347351687119,0.008836681840848,-0.0024893301537289,"ret_1d,volume_ratio_20d,weekday_cos,month_cos",0.0015645830135326833,9.029201464727521e-05,5.0,False,mktmind-qtm/data/marketmind_qml_dataset.csv,SPY
split_02_2019-02,42,2019-02-13,XLU,logistic_regression,0.014965508577,1.0,1,2,0.0192341244959395,0.008836681840848,0.0103974426550914,"ret_1d,volume_ratio_20d,weekday_cos,month_cos",0.0015645830135326833,9.029201464727521e-05,5.0,False,mktmind-qtm/data/marketmind_qml_dataset.csv,SPY
split_02_2019-02,42,2019-02-13,XLV,logistic_regression,-0.069268225971,0.0,6,9,0.0049309361407339,0.008836681840848,-0.0039057457001141,"ret_1d,volume_ratio_20d,weekday_cos,month_cos",0.0015645830135326833,9.029201464727521e-05,5.0,False,mktmind-qtm/data/marketmind_qml_dataset.csv,SPY
split_02_2019-02,42,2019-02-13,XLY,logistic_regression,-0.146496973707,,10,7,0.0072916875000417,0.008836681840848,-0.0015449943408063,"ret_1d,volume_ratio_20d,weekday_cos,month_cos",0.0015645830135326833,9.029201464727521e-05,5.0,False,mktmind-qtm/data/marketmind_qml_dataset.csv,SPY
split_02_2019-02,42,2019-02-21,XLB,logistic_regression,0.031073322977,0.0,6,11,-0.0088225873503738,0.004541877835684,-0.0133644651860579,"ret_1d,volume_ratio_20d,weekday_cos,month_cos",0.0015645830135326833,9.029201464727521e-05,5.0,False,mktmind-qtm/data/marketmind_qml_dataset.csv,SPY
split_02_2019-02,42,2019-02-21,XLC,logistic_regression,0.123197097987,1.0,2,3,0.0061346790642227,0.004541877835684,0.0015928012285386,"ret_1d,volume_ratio_20d,weekday_cos,month_cos",0.0015645830135326833,9.029201464727521e-05,5.0,False,mktmind-qtm/data/marketmind_qml_dataset.csv,SPY
split_02_2019-02,42,2019-02-21,XLE,logistic_regression,0.225098689855,0.0,1,9,-0.0048803189593892,0.004541877835684,-0.0094221967950732,"ret_1d,volume_ratio_20d,weekday_cos,month_cos",0.0015645830135326833,9.029201464727521e-05,5.0,False,mktmind-qtm/data/marketmind_qml_dataset.csv,SPY
split_02_2019-02,42,2019-02-21,XLF,logistic_regression,0.054172456958,,4,5,0.0007549297756741,0.004541877835684,-0.0037869480600098,"ret_1d,volume_ratio_20d,weekday_cos,month_cos",0.0015645830135326833,9.029201464727521e-05,5.0,False,mktmind-qtm/data/marketmind_qml_dataset.csv,SPY
split_02_2019-02,42,2019-02-21,XLI,logistic_regression,0.03638897929,1.0,5,2,0.0083216281564928,0.004541877835684,0.0037797503208087,"ret_1d,volume_ratio_20d,weekday_cos,month_cos",0.0015645830135326833,9.029201464727521e-05,5.0,False,mktmind-qtm/data/marketmind_qml_dataset.csv,SPY
split_02_2019-02,42,2019-02-21,XLK,logistic_regression,-0.04075249838,1.0,8,1,0.0159142525635915,0.004541877835684,0.0113723747279075,"ret_1d,volume_ratio_20d,weekday_cos,month_cos",0.0015645830135326833,9.029201464727521e-05,5.0,False,mktmind-qtm/data/marketmind_qml_dataset.csv,SPY
split_02_2019-02,42,2019-02-21,XLP,logistic_regression,-0.082489487946,0.0,10,10,-0.0063997920536577,0.004541877835684,-0.0109416698893417,"ret_1d,volume_ratio_20d,weekday_cos,month_cos",0.0015645830135326833,9.029201464727521e-05,5.0,False,mktmind-qtm/data/marketmind_qml_dataset.csv,SPY
split_02_2019-02,42,2019-02-21,XLRE,logistic_regression,-0.062544843344,,9,8,-0.0048737441726782,0.004541877835684,-0.0094156220083623,"ret_1d,volume_ratio_20d,weekday_cos,month_cos",0.0015645830135326833,9.029201464727521e-05,5.0,False,mktmind-qtm/data/marketmind_qml_dataset.csv,SPY
split_02_2019-02,42,2019-02-21,XLU,logistic_regression,-0.157091212449,,11,4,0.005467349301486,0.004541877835684,0.000925471465802,"ret_1d,volume_ratio_20d,weekday_cos,month_cos",0.0015645830135326833,9.029201464727521e-05,5.0,False,mktmind-qtm/data/marketmind_qml_dataset.csv,SPY
split_02_2019-02,42,2019-02-21,XLV,logistic_regression,0.112875182584,,3,6,-0.0006543263362442,0.004541877835684,-0.0051962041719283,"ret_1d,volume_ratio_20d,weekday_cos,month_cos",0.0015645830135326833,9.029201464727521e-05,5.0,False,mktmind-qtm/data/marketmind_qml_dataset.csv,SPY
split_02_2019-02,42,2019-02-21,XLY,logistic_regression,0.000855915341,,7,7,-0.0027144873880705,0.004541877835684,-0.0072563652237546,"ret_1d,volume_ratio_20d,weekday_cos,month_cos",0.0015645830135326833,9.029201464727521e-05,5.0,False,mktmind-qtm/data/marketmind_qml_dataset.csv,SPY
split_02_2019-02,42,2019-02-28,XLB,logistic_regression,0.169270821777,,1,5,-0.0074478171441554,-0.0131694072738053,0.0057215901296499,"ret_1d,volume_ratio_20d,weekday_cos,month_cos",0.0015645830135326833,9.029201464727521e-05,5.0,False,mktmind-qtm/data/marketmind_qml_dataset.csv,SPY
split_02_2019-02,42,2019-02-28,XLC,logistic_regression,-0.043586591805,1.0,8,1,0.0060978086078242,-0.0131694072738053,0.0192672158816296,"ret_1d,volume_ratio_20d,weekday_cos,month_cos",0.0015645830135326833,9.029201464727521e-05,5.0,False,mktmind-qtm/data/marketmind_qml_dataset.csv,SPY
split_02_2019-02,42,2019-02-28,XLE,logistic_regression,0.1339613088,,2,4,-0.0019922264486067,-0.0131694072738053,0.0111771808251985,"ret_1d,volume_ratio_20d,weekday_cos,month_cos",0.0015645830135326833,9.029201464727521e-05,5.0,False,mktmind-qtm/data/marketmind_qml_dataset.csv,SPY
split_02_2019-02,42,2019-02-28,XLF,logistic_regression,0.010593158015,0.0,7,9,-0.02036219856948,-0.0131694072738053,-0.0071927912956747,"ret_1d,volume_ratio_20d,weekday_cos,month_cos",0.0015645830135326833,9.029201464727521e-05,5.0,False,mktmind-qtm/data/marketmind_qml_dataset.csv,SPY
split_02_2019-02,42,2019-02-28,XLI,logistic_regression,0.023841793822,0.0,4,11,-0.0251509039591877,-0.0131694072738053,-0.0119814966853823,"ret_1d,volume_ratio_20d,weekday_cos,month_cos",0.0015645830135326833,9.029201464727521e-05,5.0,False,mktmind-qtm/data/marketmind_qml_dataset.csv,SPY
split_02_2019-02,42,2019-02-28,XLK,logistic_regression,0.013901371534,,6,8,-0.0146769623833118,-0.0131694072738053,-0.0015075551095065,"ret_1d,volume_ratio_20d,weekday_cos,month_cos",0.0015645830135326833,9.029201464727521e-05,5.0,False,mktmind-qtm/data/marketmind_qml_dataset.csv,SPY
split_02_2019-02,42,2019-02-28,XLP,logistic_regression,-0.112603196573,,10,7,-0.0121455120934628,-0.0131694072738053,0.0010238951803425,"ret_1d,volume_ratio_20d,weekday_cos,month_cos",0.0015645830135326833,9.029201464727521e-05,5.0,False,mktmind-qtm/data/marketmind_qml_dataset.csv,SPY
split_02_2019-02,42,2019-02-28,XLRE,logistic_regression,-0.082745530231,1.0,9,3,0.002304796460758,-0.0131694072738053,0.0154742037345634,"ret_1d,volume_ratio_20d,weekday_cos,month_cos",0.0015645830135326833,9.029201464727521e-05,5.0,False,mktmind-qtm/data/marketmind_qml_dataset.csv,SPY
split_02_2019-02,42,2019-02-28,XLU,logistic_regression,-0.130861781778,1.0,11,2,0.0059639629006584,-0.0131694072738053,0.0191333701744638,"ret_1d,volume_ratio_20d,weekday_cos,month_cos",0.0015645830135326833,9.029201464727521e-05,5.0,False,mktmind-qtm/data/marketmind_qml_dataset.csv,SPY
split_02_2019-02,42,2019-02-28,XLV,logistic_regression,0.014466695844,0.0,5,10,-0.0224767726479284,-0.0131694072738053,-0.0093073653741231,"ret_1d,volume_ratio_20d,weekday_cos,month_cos",0.0015645830135326833,9.029201464727521e-05,5.0,False,mktmind-qtm/data/marketmind_qml_dataset.csv,SPY
split_02_2019-02,42,2019-02-28,XLY,logistic_regression,0.057205436921,,3,6,-0.0094367146833717,-0.0131694072738053,0.0037326925904336,"ret_1d,volume_ratio_20d,weekday_cos,month_cos",0.0015645830135326833,9.029201464727521e-05,5.0,False,mktmind-qtm/data/marketmind_qml_dataset.csv,SPY
split_02_2019-02,42,2019-02-06,XLB,ridge_linear,0.033660116139,,4,6,0.0100954439758633,0.0082494280517981,0.0018460159240651,"ret_1d,volume_ratio_20d,weekday_cos,month_cos",0.0013205000141169876,7.912502042017877e-05,5.0,False,mktmind-qtm/data/marketmind_qml_dataset.csv,SPY
split_02_2019-02,42,2019-02-06,XLC,ridge_linear,0.169914682421,0.0,1,11,-0.0010903695850825,0.0082494280517981,-0.0093397976368807,"ret_1d,volume_ratio_20d,weekday_cos,month_cos",0.0013205000141169876,7.912502042017877e-05,5.0,False,mktmind-qtm/data/marketmind_qml_dataset.csv,SPY
split_02_2019-02,42,2019-02-06,XLE,ridge_linear,0.046144841654,0.0,3,10,0.0027838449611745,0.0082494280517981,-0.0054655830906236,"ret_1d,volume_ratio_20d,weekday_cos,month_cos",0.0013205000141169876,7.912502042017877e-05,5.0,False,mktmind-qtm/data/marketmind_qml_dataset.csv,SPY
split_02_2019-02,42,2019-02-06,XLF,ridge_linear,-0.007648280628,0.0,6,9,0.0053721359749694,0.0082494280517981,-0.0028772920768287,"ret_1d,volume_ratio_20d,weekday_cos,month_cos",0.0013205000141169876,7.912502042017877e-05,5.0,False,mktmind-qtm/data/marketmind_qml_dataset.csv,SPY
split_02_2019-02,42,2019-02-06,XLI,ridge_linear,-0.020333275716,1.0,9,1,0.0215084731892198,0.0082494280517981,0.0132590451374217,"ret_1d,volume_ratio_20d,weekday_cos,month_cos",0.0013205000141169876,7.912502042017877e-05,5.0,False,mktmind-qtm/data/marketmind_qml_dataset.csv,SPY
split_02_2019-02,42,2019-02-06,XLK,ridge_linear,-0.045078402903,,10,7,0.0059815444699991,0.0082494280517981,-0.002267883581799,"ret_1d,volume_ratio_20d,weekday_cos,month_cos",0.0013205000141169876,7.912502042017877e-05,5.0,False,mktmind-qtm/data/marketmind_qml_dataset.csv,SPY
split_02_2019-02,42,2019-02-06,XLP,ridge_linear,-0.019845552709,1.0,8,3,0.0162373480223039,0.0082494280517981,0.0079879199705057,"ret_1d,volume_ratio_20d,weekday_cos,month_cos",0.0013205000141169876,7.912502042017877e-05,5.0,False,mktmind-qtm/data/marketmind_qml_dataset.csv,SPY
split_02_2019-02,42,2019-02-06,XLRE,ridge_linear,0.049213736888,,2,5,0.0110852706214616,0.0082494280517981,0.0028358425696635,"ret_1d,volume_ratio_20d,weekday_cos,month_cos",0.0013205000141169876,7.912502042017877e-05,5.0,False,mktmind-qtm/data/marketmind_qml_dataset.csv,SPY
split_02_2019-02,42,2019-02-06,XLU,ridge_linear,-0.010900538084,1.0,7,2,0.0166299587460554,0.0082494280517981,0.0083805306942572,"ret_1d,volume_ratio_20d,weekday_cos,month_cos",0.0013205000141169876,7.912502042017877e-05,5.0,False,mktmind-qtm/data/marketmind_qml_dataset.csv,SPY
split_02_2019-02,42,2019-02-06,XLV,ridge_linear,-0.0539514369,,11,8,0.0053982259546954,0.0082494280517981,-0.0028512020971027,"ret_1d,volume_ratio_20d,weekday_cos,month_cos",0.0013205000141169876,7.912502042017877e-05,5.0,False,mktmind-qtm/data/marketmind_qml_dataset.csv,SPY
split_02_2019-02,42,2019-02-06,XLY,ridge_linear,0.018649831774,,5,4,0.0116184423301117,0.0082494280517981,0.0033690142783135,"ret_1d,volume_ratio_20d,weekday_cos,month_cos",0.0013205000141169876,7.912502042017877e-05,5.0,False,mktmind-qtm/data/marketmind_qml_dataset.csv,SPY
split_02_2019-02,42,2019-02-13,XLB,ridge_linear,-0.028345456422,1.0,4,1,0.0279473856554812,0.008836681840848,0.0191107038146332,"ret_1d,volume_ratio_20d,weekday_cos,month_cos",0.0013205000141169876,7.912502042017877e-05,5.0,False,mktmind-qtm/data/marketmind_qml_dataset.csv,SPY
split_02_2019-02,42,2019-02-13,XLC,ridge_linear,-0.022449390132,0.0,2,11,-0.0037109640382516,0.008836681840848,-0.0125476458790997,"ret_1d,volume_ratio_20d,weekday_cos,month_cos",0.0013205000141169876,7.912502042017877e-05,5.0,False,mktmind-qtm/data/marketmind_qml_dataset.csv,SPY
split_02_2019-02,42,2019-02-13,XLE,ridge_linear,-0.121831606206,,11,5,0.0112585461337919,0.008836681840848,0.0024218642929438,"ret_1d,volume_ratio_20d,weekday_cos,month_cos",0.0013205000141169876,7.912502042017877e-05,5.0,False,mktmind-qtm/data/marketmind_qml_dataset.csv,SPY
split_02_2019-02,42,2019-02-13,XLF,ridge_linear,-0.039044971169,,7,4,0.0114502675390615,0.008836681840848,0.0026135856982134,"ret_1d,volume_ratio_20d,weekday_cos,month_cos",0.0013205000141169876,7.912502042017877e-05,5.0,False,mktmind-qtm/data/marketmind_qml_dataset.csv,SPY
split_02_2019-02,42,2019-02-13,XLI,ridge_linear,-0.065226508682,,8,6,0.008928177454117,0.008836681840848,9.149561326893264e-05,"ret_1d,volume_ratio_20d,weekday_cos,month_cos",0.0013205000141169876,7.912502042017877e-05,5.0,False,mktmind-qtm/data/marketmind_qml_dataset.csv,SPY
split_02_2019-02,42,2019-02-13,XLK,ridge_linear,-0.027563382847,1.0,3,3,0.0116026296142082,0.008836681840848,0.0027659477733601,"ret_1d,volume_ratio_20d,weekday_cos,month_cos",0.0013205000141169876,7.912502042017877e-05,5.0,False,mktmind-qtm/data/marketmind_qml_dataset.csv,SPY
split_02_2019-02,42,2019-02-13,XLP,ridge_linear,-0.031889024881,0.0,5,10,0.0044076112732998,0.008836681840848,-0.0044290705675482,"ret_1d,volume_ratio_20d,weekday_cos,month_cos",0.0013205000141169876,7.912502042017877e-05,5.0,False,mktmind-qtm/data/marketmind_qml_dataset.csv,SPY
split_02_2019-02,42,2019-02-13,XLRE,ridge_linear,-0.072101517142,,9,8,0.006347351687119,0.008836681840848,-0.0024893301537289,"ret_1d,volume_ratio_20d,weekday_cos,month_cos",0.0013205000141169876,7.912502042017877e-05,5.0,False,mktmind-qtm/data/marketmind_qml_dataset.csv,SPY
split_02_2019-02,42,2019-02-13,XLU,ridge_linear,0.007273954052,1.0,1,2,0.0192341244959395,0.008836681840848,0.0103974426550914,"ret_1d,volume_ratio_20d,weekday_cos,month_cos",0.0013205000141169876,7.912502042017877e-05,5.0,False,mktmind-qtm/data/marketmind_qml_dataset.csv,SPY
split_02_2019-02,42,2019-02-13,XLV,ridge_linear,-0.034591407481,0.0,6,9,0.0049309361407339,0.008836681840848,-0.0039057457001141,"ret_1d,volume_ratio_20d,weekday_cos,month_cos",0.0013205000141169876,7.912502042017877e-05,5.0,False,mktmind-qtm/data/marketmind_qml_dataset.csv,SPY
split_02_2019-02,42,2019-02-13,XLY,ridge_linear,-0.073177824234,,10,7,0.0072916875000417,0.008836681840848,-0.0015449943408063,"ret_1d,volume_ratio_20d,weekday_cos,month_cos",0.0013205000141169876,7.912502042017877e-05,5.0,False,mktmind-qtm/data/marketmind_qml_dataset.csv,SPY
split_02_2019-02,42,2019-02-21,XLB,ridge_linear,0.014822491132,0.0,6,11,-0.0088225873503738,0.004541877835684,-0.0133644651860579,"ret_1d,volume_ratio_20d,weekday_cos,month_cos",0.0013205000141169876,7.912502042017877e-05,5.0,False,mktmind-qtm/data/marketmind_qml_dataset.csv,SPY
split_02_2019-02,42,2019-02-21,XLC,ridge_linear,0.061238487915,1.0,2,3,0.0061346790642227,0.004541877835684,0.0015928012285386,"ret_1d,volume_ratio_20d,weekday_cos,month_cos",0.0013205000141169876,7.912502042017877e-05,5.0,False,mktmind-qtm/data/marketmind_qml_dataset.csv,SPY
split_02_2019-02,42,2019-02-21,XLE,ridge_linear,0.111862174968,0.0,1,9,-0.0048803189593892,0.004541877835684,-0.0094221967950732,"ret_1d,volume_ratio_20d,weekday_cos,month_cos",0.0013205000141169876,7.912502042017877e-05,5.0,False,mktmind-qtm/data/marketmind_qml_dataset.csv,SPY
split_02_2019-02,42,2019-02-21,XLF,ridge_linear,0.026632737985,,4,5,0.0007549297756741,0.004541877835684,-0.0037869480600098,"ret_1d,volume_ratio_20d,weekday_cos,month_cos",0.0013205000141169876,7.912502042017877e-05,5.0,False,mktmind-qtm/data/marketmind_qml_dataset.csv,SPY
split_02_2019-02,42,2019-02-21,XLI,ridge_linear,0.018247974361,1.0,5,2,0.0083216281564928,0.004541877835684,0.0037797503208087,"ret_1d,volume_ratio_20d,weekday_cos,month_cos",0.0013205000141169876,7.912502042017877e-05,5.0,False,mktmind-qtm/data/marketmind_qml_dataset.csv,SPY
split_02_2019-02,42,2019-02-21,XLK,ridge_linear,-0.020636116692,1.0,8,1,0.0159142525635915,0.004541877835684,0.0113723747279075,"ret_1d,volume_ratio_20d,weekday_cos,month_cos",0.0013205000141169876,7.912502042017877e-05,5.0,False,mktmind-qtm/data/marketmind_qml_dataset.csv,SPY
split_02_2019-02,42,2019-02-21,XLP,ridge_linear,-0.041400448285,0.0,10,10,-0.0063997920536577,0.004541877835684,-0.0109416698893417,"ret_1d,volume_ratio_20d,weekday_cos,month_cos",0.0013205000141169876,7.912502042017877e-05,5.0,False,mktmind-qtm/data/marketmind_qml_dataset.csv,SPY
split_02_2019-02,42,2019-02-21,XLRE,ridge_linear,-0.031538526248,,9,8,-0.0048737441726782,0.004541877835684,-0.0094156220083623,"ret_1d,volume_ratio_20d,weekday_cos,month_cos",0.0013205000141169876,7.912502042017877e-05,5.0,False,mktmind-qtm/data/marketmind_qml_dataset.csv,SPY
split_02_2019-02,42,2019-02-21,XLU,ridge_linear,-0.079047820625,,11,4,0.005467349301486,0.004541877835684,0.000925471465802,"ret_1d,volume_ratio_20d,weekday_cos,month_cos",0.0013205000141169876,7.912502042017877e-05,5.0,False,mktmind-qtm/data/marketmind_qml_dataset.csv,SPY
split_02_2019-02,42,2019-02-21,XLV,ridge_linear,0.055932971736,,3,6,-0.0006543263362442,0.004541877835684,-0.0051962041719283,"ret_1d,volume_ratio_20d,weekday_cos,month_cos",0.0013205000141169876,7.912502042017877e-05,5.0,False,mktmind-qtm/data/marketmind_qml_dataset.csv,SPY
split_02_2019-02,42,2019-02-21,XLY,ridge_linear,0.00039779262,,7,7,-0.0027144873880705,0.004541877835684,-0.0072563652237546,"ret_1d,volume_ratio_20d,weekday_cos,month_cos",0.0013205000141169876,7.912502042017877e-05,5.0,False,mktmind-qtm/data/marketmind_qml_dataset.csv,SPY
split_02_2019-02,42,2019-02-28,XLB,ridge_linear,0.083725638592,,1,5,-0.0074478171441554,-0.0131694072738053,0.0057215901296499,"ret_1d,volume_ratio_20d,weekday_cos,month_cos",0.0013205000141169876,7.912502042017877e-05,5.0,False,mktmind-qtm/data/marketmind_qml_dataset.csv,SPY
split_02_2019-02,42,2019-02-28,XLC,ridge_linear,-0.02182171531,1.0,8,1,0.0060978086078242,-0.0131694072738053,0.0192672158816296,"ret_1d,volume_ratio_20d,weekday_cos,month_cos",0.0013205000141169876,7.912502042017877e-05,5.0,False,mktmind-qtm/data/marketmind_qml_dataset.csv,SPY
split_02_2019-02,42,2019-02-28,XLE,ridge_linear,0.066450817743,,2,4,-0.0019922264486067,-0.0131694072738053,0.0111771808251985,"ret_1d,volume_ratio_20d,weekday_cos,month_cos",0.0013205000141169876,7.912502042017877e-05,5.0,False,mktmind-qtm/data/marketmind_qml_dataset.csv,SPY
split_02_2019-02,42,2019-02-28,XLF,ridge_linear,0.004985782496,0.0,7,9,-0.02036219856948,-0.0131694072738053,-0.0071927912956747,"ret_1d,volume_ratio_20d,weekday_cos,month_cos",0.0013205000141169876,7.912502042017877e-05,5.0,False,mktmind-qtm/data/marketmind_qml_dataset.csv,SPY
split_02_2019-02,42,2019-02-28,XLI,ridge_linear,0.01171605797,0.0,4,11,-0.0251509039591877,-0.0131694072738053,-0.0119814966853823,"ret_1d,volume_ratio_20d,weekday_cos,month_cos",0.0013205000141169876,7.912502042017877e-05,5.0,False,mktmind-qtm/data/marketmind_qml_dataset.csv,SPY
split_02_2019-02,42,2019-02-28,XLK,ridge_linear,0.00670118625,,5,8,-0.0146769623833118,-0.0131694072738053,-0.0015075551095065,"ret_1d,volume_ratio_20d,weekday_cos,month_cos",0.0013205000141169876,7.912502042017877e-05,5.0,False,mktmind-qtm/data/marketmind_qml_dataset.csv,SPY
split_02_2019-02,42,2019-02-28,XLP,ridge_linear,-0.056104686097,,10,7,-0.0121455120934628,-0.0131694072738053,0.0010238951803425,"ret_1d,volume_ratio_20d,weekday_cos,month_cos",0.0013205000141169876,7.912502042017877e-05,5.0,False,mktmind-qtm/data/marketmind_qml_dataset.csv,SPY
split_02_2019-02,42,2019-02-28,XLRE,ridge_linear,-0.041781354537,1.0,9,3,0.002304796460758,-0.0131694072738053,0.0154742037345634,"ret_1d,volume_ratio_20d,weekday_cos,month_cos",0.0013205000141169876,7.912502042017877e-05,5.0,False,mktmind-qtm/data/marketmind_qml_dataset.csv,SPY
split_02_2019-02,42,2019-02-28,XLU,ridge_linear,-0.065528168064,1.0,11,2,0.0059639629006584,-0.0131694072738053,0.0191333701744638,"ret_1d,volume_ratio_20d,weekday_cos,month_cos",0.0013205000141169876,7.912502042017877e-05,5.0,False,mktmind-qtm/data/marketmind_qml_dataset.csv,SPY
split_02_2019-02,42,2019-02-28,XLV,ridge_linear,0.006608415426,0.0,6,10,-0.0224767726479284,-0.0131694072738053,-0.0093073653741231,"ret_1d,volume_ratio_20d,weekday_cos,month_cos",0.0013205000141169876,7.912502042017877e-05,5.0,False,mktmind-qtm/data/marketmind_qml_dataset.csv,SPY
split_02_2019-02,42,2019-02-28,XLY,ridge_linear,0.028236774973,,3,6,-0.0094367146833717,-0.0131694072738053,0.0037326925904336,"ret_1d,volume_ratio_20d,weekday_cos,month_cos",0.0013205000141169876,7.912502042017877e-05,5.0,False,mktmind-qtm/data/marketmind_qml_dataset.csv,SPY
split_02_2019-02,42,2019-02-06,XLB,random_forest,0.481035123473,,9,6,0.0100954439758633,0.0082494280517981,0.0018460159240651,"ret_1d,volume_ratio_20d,weekday_cos,month_cos",0.09950675000436604,0.0030937910196371377,,False,mktmind-qtm/data/marketmind_qml_dataset.csv,SPY
split_02_2019-02,42,2019-02-06,XLC,random_forest,0.564684154147,0.0,3,11,-0.0010903695850825,0.0082494280517981,-0.0093397976368807,"ret_1d,volume_ratio_20d,weekday_cos,month_cos",0.09950675000436604,0.0030937910196371377,,False,mktmind-qtm/data/marketmind_qml_dataset.csv,SPY
split_02_2019-02,42,2019-02-06,XLE,random_forest,0.419086890642,0.0,11,10,0.0027838449611745,0.0082494280517981,-0.0054655830906236,"ret_1d,volume_ratio_20d,weekday_cos,month_cos",0.09950675000436604,0.0030937910196371377,,False,mktmind-qtm/data/marketmind_qml_dataset.csv,SPY
split_02_2019-02,42,2019-02-06,XLF,random_forest,0.568099135826,0.0,2,9,0.0053721359749694,0.0082494280517981,-0.0028772920768287,"ret_1d,volume_ratio_20d,weekday_cos,month_cos",0.09950675000436604,0.0030937910196371377,,False,mktmind-qtm/data/marketmind_qml_dataset.csv,SPY
split_02_2019-02,42,2019-02-06,XLI,random_forest,0.537720848635,1.0,5,1,0.0215084731892198,0.0082494280517981,0.0132590451374217,"ret_1d,volume_ratio_20d,weekday_cos,month_cos",0.09950675000436604,0.0030937910196371377,,False,mktmind-qtm/data/marketmind_qml_dataset.csv,SPY
split_02_2019-02,42,2019-02-06,XLK,random_forest,0.607473472457,,1,7,0.0059815444699991,0.0082494280517981,-0.002267883581799,"ret_1d,volume_ratio_20d,weekday_cos,month_cos",0.09950675000436604,0.0030937910196371377,,False,mktmind-qtm/data/marketmind_qml_dataset.csv,SPY
split_02_2019-02,42,2019-02-06,XLP,random_forest,0.550747231672,1.0,4,3,0.0162373480223039,0.0082494280517981,0.0079879199705057,"ret_1d,volume_ratio_20d,weekday_cos,month_cos",0.09950675000436604,0.0030937910196371377,,False,mktmind-qtm/data/marketmind_qml_dataset.csv,SPY
split_02_2019-02,42,2019-02-06,XLRE,random_forest,0.455636473009,,10,5,0.0110852706214616,0.0082494280517981,0.0028358425696635,"ret_1d,volume_ratio_20d,weekday_cos,month_cos",0.09950675000436604,0.0030937910196371377,,False,mktmind-qtm/data/marketmind_qml_dataset.csv,SPY
split_02_2019-02,42,2019-02-06,XLU,random_forest,0.494584230073,1.0,8,2,0.0166299587460554,0.0082494280517981,0.0083805306942572,"ret_1d,volume_ratio_20d,weekday_cos,month_cos",0.09950675000436604,0.0030937910196371377,,False,mktmind-qtm/data/marketmind_qml_dataset.csv,SPY
split_02_2019-02,42,2019-02-06,XLV,random_forest,0.514045242011,,7,8,0.0053982259546954,0.0082494280517981,-0.0028512020971027,"ret_1d,volume_ratio_20d,weekday_cos,month_cos",0.09950675000436604,0.0030937910196371377,,False,mktmind-qtm/data/marketmind_qml_dataset.csv,SPY
split_02_2019-02,42,2019-02-06,XLY,random_forest,0.524264102956,,6,4,0.0116184423301117,0.0082494280517981,0.0033690142783135,"ret_1d,volume_ratio_20d,weekday_cos,month_cos",0.09950675000436604,0.0030937910196371377,,False,mktmind-qtm/data/marketmind_qml_dataset.csv,SPY
split_02_2019-02,42,2019-02-13,XLB,random_forest,0.561118098835,1.0,4,1,0.0279473856554812,0.008836681840848,0.0191107038146332,"ret_1d,volume_ratio_20d,weekday_cos,month_cos",0.09950675000436604,0.0030937910196371377,,False,mktmind-qtm/data/marketmind_qml_dataset.csv,SPY
split_02_2019-02,42,2019-02-13,XLC,random_forest,0.586008259303,0.0,2,11,-0.0037109640382516,0.008836681840848,-0.0125476458790997,"ret_1d,volume_ratio_20d,weekday_cos,month_cos",0.09950675000436604,0.0030937910196371377,,False,mktmind-qtm/data/marketmind_qml_dataset.csv,SPY
split_02_2019-02,42,2019-02-13,XLE,random_forest,0.636011300547,,1,5,0.0112585461337919,0.008836681840848,0.0024218642929438,"ret_1d,volume_ratio_20d,weekday_cos,month_cos",0.09950675000436604,0.0030937910196371377,,False,mktmind-qtm/data/marketmind_qml_dataset.csv,SPY
split_02_2019-02,42,2019-02-13,XLF,random_forest,0.544205513954,,6,4,0.0114502675390615,0.008836681840848,0.0026135856982134,"ret_1d,volume_ratio_20d,weekday_cos,month_cos",0.09950675000436604,0.0030937910196371377,,False,mktmind-qtm/data/marketmind_qml_dataset.csv,SPY
split_02_2019-02,42,2019-02-13,XLI,random_forest,0.505053440016,,9,6,0.008928177454117,0.008836681840848,9.149561326893264e-05,"ret_1d,volume_ratio_20d,weekday_cos,month_cos",0.09950675000436604,0.0030937910196371377,,False,mktmind-qtm/data/marketmind_qml_dataset.csv,SPY
split_02_2019-02,42,2019-02-13,XLK,random_forest,0.524331674752,1.0,8,3,0.0116026296142082,0.008836681840848,0.0027659477733601,"ret_1d,volume_ratio_20d,weekday_cos,month_cos",0.09950675000436604,0.0030937910196371377,,False,mktmind-qtm/data/marketmind_qml_dataset.csv,SPY
split_02_2019-02,42,2019-02-13,XLP,random_forest,0.564234241398,0.0,3,10,0.0044076112732998,0.008836681840848,-0.0044290705675482,"ret_1d,volume_ratio_20d,weekday_cos,month_cos",0.09950675000436604,0.0030937910196371377,,False,mktmind-qtm/data/marketmind_qml_dataset.csv,SPY
split_02_2019-02,42,2019-02-13,XLRE,random_forest,0.502208127332,,10,8,0.006347351687119,0.008836681840848,-0.0024893301537289,"ret_1d,volume_ratio_20d,weekday_cos,month_cos",0.09950675000436604,0.0030937910196371377,,False,mktmind-qtm/data/marketmind_qml_dataset.csv,SPY
split_02_2019-02,42,2019-02-13,XLU,random_forest,0.526034697786,1.0,7,2,0.0192341244959395,0.008836681840848,0.0103974426550914,"ret_1d,volume_ratio_20d,weekday_cos,month_cos",0.09950675000436604,0.0030937910196371377,,False,mktmind-qtm/data/marketmind_qml_dataset.csv,SPY
split_02_2019-02,42,2019-02-13,XLV,random_forest,0.552560912259,0.0,5,9,0.0049309361407339,0.008836681840848,-0.0039057457001141,"ret_1d,volume_ratio_20d,weekday_cos,month_cos",0.09950675000436604,0.0030937910196371377,,False,mktmind-qtm/data/marketmind_qml_dataset.csv,SPY
split_02_2019-02,42,2019-02-13,XLY,random_forest,0.500134394613,,11,7,0.0072916875000417,0.008836681840848,-0.0015449943408063,"ret_1d,volume_ratio_20d,weekday_cos,month_cos",0.09950675000436604,0.0030937910196371377,,False,mktmind-qtm/data/marketmind_qml_dataset.csv,SPY
split_02_2019-02,42,2019-02-21,XLB,random_forest,0.552058348469,0.0,5,11,-0.0088225873503738,0.004541877835684,-0.0133644651860579,"ret_1d,volume_ratio_20d,weekday_cos,month_cos",0.09950675000436604,0.0030937910196371377,,False,mktmind-qtm/data/marketmind_qml_dataset.csv,SPY
split_02_2019-02,42,2019-02-21,XLC,random_forest,0.52948566257,1.0,9,3,0.0061346790642227,0.004541877835684,0.0015928012285386,"ret_1d,volume_ratio_20d,weekday_cos,month_cos",0.09950675000436604,0.0030937910196371377,,False,mktmind-qtm/data/marketmind_qml_dataset.csv,SPY
split_02_2019-02,42,2019-02-21,XLE,random_forest,0.550559557438,0.0,6,9,-0.0048803189593892,0.004541877835684,-0.0094221967950732,"ret_1d,volume_ratio_20d,weekday_cos,month_cos",0.09950675000436604,0.0030937910196371377,,False,mktmind-qtm/data/marketmind_qml_dataset.csv,SPY
split_02_2019-02,42,2019-02-21,XLF,random_forest,0.574821388972,,3,5,0.0007549297756741,0.004541877835684,-0.0037869480600098,"ret_1d,volume_ratio_20d,weekday_cos,month_cos",0.09950675000436604,0.0030937910196371377,,False,mktmind-qtm/data/marketmind_qml_dataset.csv,SPY
split_02_2019-02,42,2019-02-21,XLI,random_forest,0.488659880924,1.0,11,2,0.0083216281564928,0.004541877835684,0.0037797503208087,"ret_1d,volume_ratio_20d,weekday_cos,month_cos",0.09950675000436604,0.0030937910196371377,,False,mktmind-qtm/data/marketmind_qml_dataset.csv,SPY
split_02_2019-02,42,2019-02-21,XLK,random_forest,0.563516849197,1.0,4,1,0.0159142525635915,0.004541877835684,0.0113723747279075,"ret_1d,volume_ratio_20d,weekday_cos,month_cos",0.09950675000436604,0.0030937910196371377,,False,mktmind-qtm/data/marketmind_qml_dataset.csv,SPY
split_02_2019-02,42,2019-02-21,XLP,random_forest,0.612573311603,0.0,1,10,-0.0063997920536577,0.004541877835684,-0.0109416698893417,"ret_1d,volume_ratio_20d,weekday_cos,month_cos",0.09950675000436604,0.0030937910196371377,,False,mktmind-qtm/data/marketmind_qml_dataset.csv,SPY
split_02_2019-02,42,2019-02-21,XLRE,random_forest,0.577045368866,,2,8,-0.0048737441726782,0.004541877835684,-0.0094156220083623,"ret_1d,volume_ratio_20d,weekday_cos,month_cos",0.09950675000436604,0.0030937910196371377,,False,mktmind-qtm/data/marketmind_qml_dataset.csv,SPY
split_02_2019-02,42,2019-02-21,XLU,random_forest,0.519225780869,,10,4,0.005467349301486,0.004541877835684,0.000925471465802,"ret_1d,volume_ratio_20d,weekday_cos,month_cos",0.09950675000436604,0.0030937910196371377,,False,mktmind-qtm/data/marketmind_qml_dataset.csv,SPY
split_02_2019-02,42,2019-02-21,XLV,random_forest,0.531046852659,,8,6,-0.0006543263362442,0.004541877835684,-0.0051962041719283,"ret_1d,volume_ratio_20d,weekday_cos,month_cos",0.09950675000436604,0.0030937910196371377,,False,mktmind-qtm/data/marketmind_qml_dataset.csv,SPY
split_02_2019-02,42,2019-02-21,XLY,random_forest,0.534781959435,,7,7,-0.0027144873880705,0.004541877835684,-0.0072563652237546,"ret_1d,volume_ratio_20d,weekday_cos,month_cos",0.09950675000436604,0.0030937910196371377,,False,mktmind-qtm/data/marketmind_qml_dataset.csv,SPY
split_02_2019-02,42,2019-02-28,XLB,random_forest,0.499336455366,,10,5,-0.0074478171441554,-0.0131694072738053,0.0057215901296499,"ret_1d,volume_ratio_20d,weekday_cos,month_cos",0.09950675000436604,0.0030937910196371377,,False,mktmind-qtm/data/marketmind_qml_dataset.csv,SPY
split_02_2019-02,42,2019-02-28,XLC,random_forest,0.508082964365,1.0,9,1,0.0060978086078242,-0.0131694072738053,0.0192672158816296,"ret_1d,volume_ratio_20d,weekday_cos,month_cos",0.09950675000436604,0.0030937910196371377,,False,mktmind-qtm/data/marketmind_qml_dataset.csv,SPY
split_02_2019-02,42,2019-02-28,XLE,random_forest,0.525788667212,,8,4,-0.0019922264486067,-0.0131694072738053,0.0111771808251985,"ret_1d,volume_ratio_20d,weekday_cos,month_cos",0.09950675000436604,0.0030937910196371377,,False,mktmind-qtm/data/marketmind_qml_dataset.csv,SPY
split_02_2019-02,42,2019-02-28,XLF,random_forest,0.588351943422,0.0,3,9,-0.02036219856948,-0.0131694072738053,-0.0071927912956747,"ret_1d,volume_ratio_20d,weekday_cos,month_cos",0.09950675000436604,0.0030937910196371377,,False,mktmind-qtm/data/marketmind_qml_dataset.csv,SPY
split_02_2019-02,42,2019-02-28,XLI,random_forest,0.489602990744,0.0,11,11,-0.0251509039591877,-0.0131694072738053,-0.0119814966853823,"ret_1d,volume_ratio_20d,weekday_cos,month_cos",0.09950675000436604,0.0030937910196371377,,False,mktmind-qtm/data/marketmind_qml_dataset.csv,SPY
split_02_2019-02,42,2019-02-28,XLK,random_forest,0.598854432555,,2,8,-0.0146769623833118,-0.0131694072738053,-0.0015075551095065,"ret_1d,volume_ratio_20d,weekday_cos,month_cos",0.09950675000436604,0.0030937910196371377,,False,mktmind-qtm/data/marketmind_qml_dataset.csv,SPY
split_02_2019-02,42,2019-02-28,XLP,random_forest,0.540770888267,,7,7,-0.0121455120934628,-0.0131694072738053,0.0010238951803425,"ret_1d,volume_ratio_20d,weekday_cos,month_cos",0.09950675000436604,0.0030937910196371377,,False,mktmind-qtm/data/marketmind_qml_dataset.csv,SPY
split_02_2019-02,42,2019-02-28,XLRE,random_forest,0.605012428864,1.0,1,3,0.002304796460758,-0.0131694072738053,0.0154742037345634,"ret_1d,volume_ratio_20d,weekday_cos,month_cos",0.09950675000436604,0.0030937910196371377,,False,mktmind-qtm/data/marketmind_qml_dataset.csv,SPY
split_02_2019-02,42,2019-02-28,XLU,random_forest,0.561243127841,1.0,4,2,0.0059639629006584,-0.0131694072738053,0.0191333701744638,"ret_1d,volume_ratio_20d,weekday_cos,month_cos",0.09950675000436604,0.0030937910196371377,,False,mktmind-qtm/data/marketmind_qml_dataset.csv,SPY
split_02_2019-02,42,2019-02-28,XLV,random_forest,0.546003847397,0.0,6,10,-0.0224767726479284,-0.0131694072738053,-0.0093073653741231,"ret_1d,volume_ratio_20d,weekday_cos,month_cos",0.09950675000436604,0.0030937910196371377,,False,mktmind-qtm/data/marketmind_qml_dataset.csv,SPY
split_02_2019-02,42,2019-02-28,XLY,random_forest,0.550508065647,,5,6,-0.0094367146833717,-0.0131694072738053,0.0037326925904336,"ret_1d,volume_ratio_20d,weekday_cos,month_cos",0.09950675000436604,0.0030937910196371377,,False,mktmind-qtm/data/marketmind_qml_dataset.csv,SPY
split_02_2019-02,42,2019-02-06,XLB,rbf_svm,0.661318555447,,8,6,0.0100954439758633,0.0082494280517981,0.0018460159240651,"ret_1d,volume_ratio_20d,weekday_cos,month_cos",0.001976416999241337,0.0007221669948194176,,False,mktmind-qtm/data/marketmind_qml_dataset.csv,SPY
split_02_2019-02,42,2019-02-06,XLC,rbf_svm,-0.209996821075,0.0,11,11,-0.0010903695850825,0.0082494280517981,-0.0093397976368807,"ret_1d,volume_ratio_20d,weekday_cos,month_cos",0.001976416999241337,0.0007221669948194176,,False,mktmind-qtm/data/marketmind_qml_dataset.csv,SPY
split_02_2019-02,42,2019-02-06,XLE,rbf_svm,0.476701780731,0.0,10,10,0.0027838449611745,0.0082494280517981,-0.0054655830906236,"ret_1d,volume_ratio_20d,weekday_cos,month_cos",0.001976416999241337,0.0007221669948194176,,False,mktmind-qtm/data/marketmind_qml_dataset.csv,SPY
split_02_2019-02,42,2019-02-06,XLF,rbf_svm,1.050975662013,0.0,3,9,0.0053721359749694,0.0082494280517981,-0.0028772920768287,"ret_1d,volume_ratio_20d,weekday_cos,month_cos",0.001976416999241337,0.0007221669948194176,,False,mktmind-qtm/data/marketmind_qml_dataset.csv,SPY
split_02_2019-02,42,2019-02-06,XLI,rbf_svm,1.098222758622,1.0,1,1,0.0215084731892198,0.0082494280517981,0.0132590451374217,"ret_1d,volume_ratio_20d,weekday_cos,month_cos",0.001976416999241337,0.0007221669948194176,,False,mktmind-qtm/data/marketmind_qml_dataset.csv,SPY
split_02_2019-02,42,2019-02-06,XLK,rbf_svm,0.971235154536,,4,7,0.0059815444699991,0.0082494280517981,-0.002267883581799,"ret_1d,volume_ratio_20d,weekday_cos,month_cos",0.001976416999241337,0.0007221669948194176,,False,mktmind-qtm/data/marketmind_qml_dataset.csv,SPY
split_02_2019-02,42,2019-02-06,XLP,rbf_svm,1.097718620458,1.0,2,3,0.0162373480223039,0.0082494280517981,0.0079879199705057,"ret_1d,volume_ratio_20d,weekday_cos,month_cos",0.001976416999241337,0.0007221669948194176,,False,mktmind-qtm/data/marketmind_qml_dataset.csv,SPY
split_02_2019-02,42,2019-02-06,XLRE,rbf_svm,0.567816242284,,9,5,0.0110852706214616,0.0082494280517981,0.0028358425696635,"ret_1d,volume_ratio_20d,weekday_cos,month_cos",0.001976416999241337,0.0007221669948194176,,False,mktmind-qtm/data/marketmind_qml_dataset.csv,SPY
split_02_2019-02,42,2019-02-06,XLU,rbf_svm,0.719362011368,1.0,6,2,0.0166299587460554,0.0082494280517981,0.0083805306942572,"ret_1d,volume_ratio_20d,weekday_cos,month_cos",0.001976416999241337,0.0007221669948194176,,False,mktmind-qtm/data/marketmind_qml_dataset.csv,SPY
split_02_2019-02,42,2019-02-06,XLV,rbf_svm,0.802099872173,,5,8,0.0053982259546954,0.0082494280517981,-0.0028512020971027,"ret_1d,volume_ratio_20d,weekday_cos,month_cos",0.001976416999241337,0.0007221669948194176,,False,mktmind-qtm/data/marketmind_qml_dataset.csv,SPY
split_02_2019-02,42,2019-02-06,XLY,rbf_svm,0.71390636548,,7,4,0.0116184423301117,0.0082494280517981,0.0033690142783135,"ret_1d,volume_ratio_20d,weekday_cos,month_cos",0.001976416999241337,0.0007221669948194176,,False,mktmind-qtm/data/marketmind_qml_dataset.csv,SPY
split_02_2019-02,42,2019-02-13,XLB,rbf_svm,1.06651754795,1.0,1,1,0.0279473856554812,0.008836681840848,0.0191107038146332,"ret_1d,volume_ratio_20d,weekday_cos,month_cos",0.001976416999241337,0.0007221669948194176,,False,mktmind-qtm/data/marketmind_qml_dataset.csv,SPY
split_02_2019-02,42,2019-02-13,XLC,rbf_svm,1.026620159254,0.0,2,11,-0.0037109640382516,0.008836681840848,-0.0125476458790997,"ret_1d,volume_ratio_20d,weekday_cos,month_cos",0.001976416999241337,0.0007221669948194176,,False,mktmind-qtm/data/marketmind_qml_dataset.csv,SPY
split_02_2019-02,42,2019-02-13,XLE,rbf_svm,0.196342413711,,11,5,0.0112585461337919,0.008836681840848,0.0024218642929438,"ret_1d,volume_ratio_20d,weekday_cos,month_cos",0.001976416999241337,0.0007221669948194176,,False,mktmind-qtm/data/marketmind_qml_dataset.csv,SPY
split_02_2019-02,42,2019-02-13,XLF,rbf_svm,0.958654528936,,4,4,0.0114502675390615,0.008836681840848,0.0026135856982134,"ret_1d,volume_ratio_20d,weekday_cos,month_cos",0.001976416999241337,0.0007221669948194176,,False,mktmind-qtm/data/marketmind_qml_dataset.csv,SPY
split_02_2019-02,42,2019-02-13,XLI,rbf_svm,0.729086103456,,10,6,0.008928177454117,0.008836681840848,9.149561326893264e-05,"ret_1d,volume_ratio_20d,weekday_cos,month_cos",0.001976416999241337,0.0007221669948194176,,False,mktmind-qtm/data/marketmind_qml_dataset.csv,SPY
split_02_2019-02,42,2019-02-13,XLK,rbf_svm,0.977011310301,1.0,3,3,0.0116026296142082,0.008836681840848,0.0027659477733601,"ret_1d,volume_ratio_20d,weekday_cos,month_cos",0.001976416999241337,0.0007221669948194176,,False,mktmind-qtm/data/marketmind_qml_dataset.csv,SPY
split_02_2019-02,42,2019-02-13,XLP,rbf_svm,0.950885577728,0.0,5,10,0.0044076112732998,0.008836681840848,-0.0044290705675482,"ret_1d,volume_ratio_20d,weekday_cos,month_cos",0.001976416999241337,0.0007221669948194176,,False,mktmind-qtm/data/marketmind_qml_dataset.csv,SPY
split_02_2019-02,42,2019-02-13,XLRE,rbf_svm,0.740029729572,,9,8,0.006347351687119,0.008836681840848,-0.0024893301537289,"ret_1d,volume_ratio_20d,weekday_cos,month_cos",0.001976416999241337,0.0007221669948194176,,False,mktmind-qtm/data/marketmind_qml_dataset.csv,SPY
split_02_2019-02,42,2019-02-13,XLU,rbf_svm,0.924612447028,1.0,6,2,0.0192341244959395,0.008836681840848,0.0103974426550914,"ret_1d,volume_ratio_20d,weekday_cos,month_cos",0.001976416999241337,0.0007221669948194176,,False,mktmind-qtm/data/marketmind_qml_dataset.csv,SPY
split_02_2019-02,42,2019-02-13,XLV,rbf_svm,0.897375599707,0.0,7,9,0.0049309361407339,0.008836681840848,-0.0039057457001141,"ret_1d,volume_ratio_20d,weekday_cos,month_cos",0.001976416999241337,0.0007221669948194176,,False,mktmind-qtm/data/marketmind_qml_dataset.csv,SPY
split_02_2019-02,42,2019-02-13,XLY,rbf_svm,0.751041283084,,8,7,0.0072916875000417,0.008836681840848,-0.0015449943408063,"ret_1d,volume_ratio_20d,weekday_cos,month_cos",0.001976416999241337,0.0007221669948194176,,False,mktmind-qtm/data/marketmind_qml_dataset.csv,SPY
split_02_2019-02,42,2019-02-21,XLB,rbf_svm,1.060282021789,0.0,1,11,-0.0088225873503738,0.004541877835684,-0.0133644651860579,"ret_1d,volume_ratio_20d,weekday_cos,month_cos",0.001976416999241337,0.0007221669948194176,,False,mktmind-qtm/data/marketmind_qml_dataset.csv,SPY
split_02_2019-02,42,2019-02-21,XLC,rbf_svm,0.568600621176,1.0,10,3,0.0061346790642227,0.004541877835684,0.0015928012285386,"ret_1d,volume_ratio_20d,weekday_cos,month_cos",0.001976416999241337,0.0007221669948194176,,False,mktmind-qtm/data/marketmind_qml_dataset.csv,SPY
split_02_2019-02,42,2019-02-21,XLE,rbf_svm,0.151677503311,0.0,11,9,-0.0048803189593892,0.004541877835684,-0.0094221967950732,"ret_1d,volume_ratio_20d,weekday_cos,month_cos",0.001976416999241337,0.0007221669948194176,,False,mktmind-qtm/data/marketmind_qml_dataset.csv,SPY
split_02_2019-02,42,2019-02-21,XLF,rbf_svm,0.910410776029,,5,5,0.0007549297756741,0.004541877835684,-0.0037869480600098,"ret_1d,volume_ratio_20d,weekday_cos,month_cos",0.001976416999241337,0.0007221669948194176,,False,mktmind-qtm/data/marketmind_qml_dataset.csv,SPY
split_02_2019-02,42,2019-02-21,XLI,rbf_svm,0.704727858617,1.0,7,2,0.0083216281564928,0.004541877835684,0.0037797503208087,"ret_1d,volume_ratio_20d,weekday_cos,month_cos",0.001976416999241337,0.0007221669948194176,,False,mktmind-qtm/data/marketmind_qml_dataset.csv,SPY
split_02_2019-02,42,2019-02-21,XLK,rbf_svm,1.035894995773,1.0,2,1,0.0159142525635915,0.004541877835684,0.0113723747279075,"ret_1d,volume_ratio_20d,weekday_cos,month_cos",0.001976416999241337,0.0007221669948194176,,False,mktmind-qtm/data/marketmind_qml_dataset.csv,SPY
split_02_2019-02,42,2019-02-21,XLP,rbf_svm,0.979192412503,0.0,4,10,-0.0063997920536577,0.004541877835684,-0.0109416698893417,"ret_1d,volume_ratio_20d,weekday_cos,month_cos",0.001976416999241337,0.0007221669948194176,,False,mktmind-qtm/data/marketmind_qml_dataset.csv,SPY
split_02_2019-02,42,2019-02-21,XLRE,rbf_svm,1.033177668996,,3,8,-0.0048737441726782,0.004541877835684,-0.0094156220083623,"ret_1d,volume_ratio_20d,weekday_cos,month_cos",0.001976416999241337,0.0007221669948194176,,False,mktmind-qtm/data/marketmind_qml_dataset.csv,SPY
split_02_2019-02,42,2019-02-21,XLU,rbf_svm,0.670561973803,,9,4,0.005467349301486,0.004541877835684,0.000925471465802,"ret_1d,volume_ratio_20d,weekday_cos,month_cos",0.001976416999241337,0.0007221669948194176,,False,mktmind-qtm/data/marketmind_qml_dataset.csv,SPY
split_02_2019-02,42,2019-02-21,XLV,rbf_svm,0.672748613179,,8,6,-0.0006543263362442,0.004541877835684,-0.0051962041719283,"ret_1d,volume_ratio_20d,weekday_cos,month_cos",0.001976416999241337,0.0007221669948194176,,False,mktmind-qtm/data/marketmind_qml_dataset.csv,SPY
split_02_2019-02,42,2019-02-21,XLY,rbf_svm,0.858194179699,,6,7,-0.0027144873880705,0.004541877835684,-0.0072563652237546,"ret_1d,volume_ratio_20d,weekday_cos,month_cos",0.001976416999241337,0.0007221669948194176,,False,mktmind-qtm/data/marketmind_qml_dataset.csv,SPY
split_02_2019-02,42,2019-02-28,XLB,rbf_svm,0.497157261642,,11,5,-0.0074478171441554,-0.0131694072738053,0.0057215901296499,"ret_1d,volume_ratio_20d,weekday_cos,month_cos",0.001976416999241337,0.0007221669948194176,,False,mktmind-qtm/data/marketmind_qml_dataset.csv,SPY
split_02_2019-02,42,2019-02-28,XLC,rbf_svm,0.929194126404,1.0,5,1,0.0060978086078242,-0.0131694072738053,0.0192672158816296,"ret_1d,volume_ratio_20d,weekday_cos,month_cos",0.001976416999241337,0.0007221669948194176,,False,mktmind-qtm/data/marketmind_qml_dataset.csv,SPY
split_02_2019-02,42,2019-02-28,XLE,rbf_svm,0.576091592727,,10,4,-0.0019922264486067,-0.0131694072738053,0.0111771808251985,"ret_1d,volume_ratio_20d,weekday_cos,month_cos",0.001976416999241337,0.0007221669948194176,,False,mktmind-qtm/data/marketmind_qml_dataset.csv,SPY
split_02_2019-02,42,2019-02-28,XLF,rbf_svm,0.984620003201,0.0,3,9,-0.02036219856948,-0.0131694072738053,-0.0071927912956747,"ret_1d,volume_ratio_20d,weekday_cos,month_cos",0.001976416999241337,0.0007221669948194176,,False,mktmind-qtm/data/marketmind_qml_dataset.csv,SPY
split_02_2019-02,42,2019-02-28,XLI,rbf_svm,0.897370694871,0.0,6,11,-0.0251509039591877,-0.0131694072738053,-0.0119814966853823,"ret_1d,volume_ratio_20d,weekday_cos,month_cos",0.001976416999241337,0.0007221669948194176,,False,mktmind-qtm/data/marketmind_qml_dataset.csv,SPY
split_02_2019-02,42,2019-02-28,XLK,rbf_svm,0.947915265548,,4,8,-0.0146769623833118,-0.0131694072738053,-0.0015075551095065,"ret_1d,volume_ratio_20d,weekday_cos,month_cos",0.001976416999241337,0.0007221669948194176,,False,mktmind-qtm/data/marketmind_qml_dataset.csv,SPY
split_02_2019-02,42,2019-02-28,XLP,rbf_svm,0.773208711923,,9,7,-0.0121455120934628,-0.0131694072738053,0.0010238951803425,"ret_1d,volume_ratio_20d,weekday_cos,month_cos",0.001976416999241337,0.0007221669948194176,,False,mktmind-qtm/data/marketmind_qml_dataset.csv,SPY
split_02_2019-02,42,2019-02-28,XLRE,rbf_svm,1.022738748796,1.0,2,3,0.002304796460758,-0.0131694072738053,0.0154742037345634,"ret_1d,volume_ratio_20d,weekday_cos,month_cos",0.001976416999241337,0.0007221669948194176,,False,mktmind-qtm/data/marketmind_qml_dataset.csv,SPY
split_02_2019-02,42,2019-02-28,XLU,rbf_svm,0.848739378263,1.0,8,2,0.0059639629006584,-0.0131694072738053,0.0191333701744638,"ret_1d,volume_ratio_20d,weekday_cos,month_cos",0.001976416999241337,0.0007221669948194176,,False,mktmind-qtm/data/marketmind_qml_dataset.csv,SPY
split_02_2019-02,42,2019-02-28,XLV,rbf_svm,1.076497903858,0.0,1,10,-0.0224767726479284,-0.0131694072738053,-0.0093073653741231,"ret_1d,volume_ratio_20d,weekday_cos,month_cos",0.001976416999241337,0.0007221669948194176,,False,mktmind-qtm/data/marketmind_qml_dataset.csv,SPY
split_02_2019-02,42,2019-02-28,XLY,rbf_svm,0.861871208331,,7,6,-0.0094367146833717,-0.0131694072738053,0.0037326925904336,"ret_1d,volume_ratio_20d,weekday_cos,month_cos",0.001976416999241337,0.0007221669948194176,,False,mktmind-qtm/data/marketmind_qml_dataset.csv,SPY
split_02_2019-02,42,2019-02-06,XLB,small_mlp,0.512595556472,,4,6,0.0100954439758633,0.0082494280517981,0.0018460159240651,"ret_1d,volume_ratio_20d,weekday_cos,month_cos",0.010776459006592631,0.00010662502609193325,25.0,False,mktmind-qtm/data/marketmind_qml_dataset.csv,SPY
split_02_2019-02,42,2019-02-06,XLC,small_mlp,0.53193039602,0.0,1,11,-0.0010903695850825,0.0082494280517981,-0.0093397976368807,"ret_1d,volume_ratio_20d,weekday_cos,month_cos",0.010776459006592631,0.00010662502609193325,25.0,False,mktmind-qtm/data/marketmind_qml_dataset.csv,SPY
split_02_2019-02,42,2019-02-06,XLE,small_mlp,0.514453098265,0.0,3,10,0.0027838449611745,0.0082494280517981,-0.0054655830906236,"ret_1d,volume_ratio_20d,weekday_cos,month_cos",0.010776459006592631,0.00010662502609193325,25.0,False,mktmind-qtm/data/marketmind_qml_dataset.csv,SPY
split_02_2019-02,42,2019-02-06,XLF,small_mlp,0.505648751686,0.0,6,9,0.0053721359749694,0.0082494280517981,-0.0028772920768287,"ret_1d,volume_ratio_20d,weekday_cos,month_cos",0.010776459006592631,0.00010662502609193325,25.0,False,mktmind-qtm/data/marketmind_qml_dataset.csv,SPY
split_02_2019-02,42,2019-02-06,XLI,small_mlp,0.50324140859,1.0,8,1,0.0215084731892198,0.0082494280517981,0.0132590451374217,"ret_1d,volume_ratio_20d,weekday_cos,month_cos",0.010776459006592631,0.00010662502609193325,25.0,False,mktmind-qtm/data/marketmind_qml_dataset.csv,SPY
split_02_2019-02,42,2019-02-06,XLK,small_mlp,0.499274719634,,10,7,0.0059815444699991,0.0082494280517981,-0.002267883581799,"ret_1d,volume_ratio_20d,weekday_cos,month_cos",0.010776459006592631,0.00010662502609193325,25.0,False,mktmind-qtm/data/marketmind_qml_dataset.csv,SPY
split_02_2019-02,42,2019-02-06,XLP,small_mlp,0.503219322137,1.0,9,3,0.0162373480223039,0.0082494280517981,0.0079879199705057,"ret_1d,volume_ratio_20d,weekday_cos,month_cos",0.010776459006592631,0.00010662502609193325,25.0,False,mktmind-qtm/data/marketmind_qml_dataset.csv,SPY
split_02_2019-02,42,2019-02-06,XLRE,small_mlp,0.515123391513,,2,5,0.0110852706214616,0.0082494280517981,0.0028358425696635,"ret_1d,volume_ratio_20d,weekday_cos,month_cos",0.010776459006592631,0.00010662502609193325,25.0,False,mktmind-qtm/data/marketmind_qml_dataset.csv,SPY
split_02_2019-02,42,2019-02-06,XLU,small_mlp,0.504949683208,1.0,7,2,0.0166299587460554,0.0082494280517981,0.0083805306942572,"ret_1d,volume_ratio_20d,weekday_cos,month_cos",0.010776459006592631,0.00010662502609193325,25.0,False,mktmind-qtm/data/marketmind_qml_dataset.csv,SPY
split_02_2019-02,42,2019-02-06,XLV,small_mlp,0.497673180107,,11,8,0.0053982259546954,0.0082494280517981,-0.0028512020971027,"ret_1d,volume_ratio_20d,weekday_cos,month_cos",0.010776459006592631,0.00010662502609193325,25.0,False,mktmind-qtm/data/marketmind_qml_dataset.csv,SPY
split_02_2019-02,42,2019-02-06,XLY,small_mlp,0.510083640238,,5,4,0.0116184423301117,0.0082494280517981,0.0033690142783135,"ret_1d,volume_ratio_20d,weekday_cos,month_cos",0.010776459006592631,0.00010662502609193325,25.0,False,mktmind-qtm/data/marketmind_qml_dataset.csv,SPY
split_02_2019-02,42,2019-02-13,XLB,small_mlp,0.502075467232,1.0,4,1,0.0279473856554812,0.008836681840848,0.0191107038146332,"ret_1d,volume_ratio_20d,weekday_cos,month_cos",0.010776459006592631,0.00010662502609193325,25.0,False,mktmind-qtm/data/marketmind_qml_dataset.csv,SPY
split_02_2019-02,42,2019-02-13,XLC,small_mlp,0.503185390048,0.0,2,11,-0.0037109640382516,0.008836681840848,-0.0125476458790997,"ret_1d,volume_ratio_20d,weekday_cos,month_cos",0.010776459006592631,0.00010662502609193325,25.0,False,mktmind-qtm/data/marketmind_qml_dataset.csv,SPY
split_02_2019-02,42,2019-02-13,XLE,small_mlp,0.485654120813,,11,5,0.0112585461337919,0.008836681840848,0.0024218642929438,"ret_1d,volume_ratio_20d,weekday_cos,month_cos",0.010776459006592631,0.00010662502609193325,25.0,False,mktmind-qtm/data/marketmind_qml_dataset.csv,SPY
split_02_2019-02,42,2019-02-13,XLF,small_mlp,0.500334813599,,7,4,0.0114502675390615,0.008836681840848,0.0026135856982134,"ret_1d,volume_ratio_20d,weekday_cos,month_cos",0.010776459006592631,0.00010662502609193325,25.0,False,mktmind-qtm/data/marketmind_qml_dataset.csv,SPY
split_02_2019-02,42,2019-02-13,XLI,small_mlp,0.495683048416,,8,6,0.008928177454117,0.008836681840848,9.149561326893264e-05,"ret_1d,volume_ratio_20d,weekday_cos,month_cos",0.010776459006592631,0.00010662502609193325,25.0,False,mktmind-qtm/data/marketmind_qml_dataset.csv,SPY
split_02_2019-02,42,2019-02-13,XLK,small_mlp,0.502324548971,1.0,3,3,0.0116026296142082,0.008836681840848,0.0027659477733601,"ret_1d,volume_ratio_20d,weekday_cos,month_cos",0.010776459006592631,0.00010662502609193325,25.0,False,mktmind-qtm/data/marketmind_qml_dataset.csv,SPY
split_02_2019-02,42,2019-02-13,XLP,small_mlp,0.501573568161,0.0,5,10,0.0044076112732998,0.008836681840848,-0.0044290705675482,"ret_1d,volume_ratio_20d,weekday_cos,month_cos",0.010776459006592631,0.00010662502609193325,25.0,False,mktmind-qtm/data/marketmind_qml_dataset.csv,SPY
split_02_2019-02,42,2019-02-13,XLRE,small_mlp,0.494522354355,,9,8,0.006347351687119,0.008836681840848,-0.0024893301537289,"ret_1d,volume_ratio_20d,weekday_cos,month_cos",0.010776459006592631,0.00010662502609193325,25.0,False,mktmind-qtm/data/marketmind_qml_dataset.csv,SPY
split_02_2019-02,42,2019-02-13,XLU,small_mlp,0.50824794717,1.0,1,2,0.0192341244959395,0.008836681840848,0.0103974426550914,"ret_1d,volume_ratio_20d,weekday_cos,month_cos",0.010776459006592631,0.00010662502609193325,25.0,False,mktmind-qtm/data/marketmind_qml_dataset.csv,SPY
split_02_2019-02,42,2019-02-13,XLV,small_mlp,0.50108020743,0.0,6,9,0.0049309361407339,0.008836681840848,-0.0039057457001141,"ret_1d,volume_ratio_20d,weekday_cos,month_cos",0.010776459006592631,0.00010662502609193325,25.0,False,mktmind-qtm/data/marketmind_qml_dataset.csv,SPY
split_02_2019-02,42,2019-02-13,XLY,small_mlp,0.494342991993,,10,7,0.0072916875000417,0.008836681840848,-0.0015449943408063,"ret_1d,volume_ratio_20d,weekday_cos,month_cos",0.010776459006592631,0.00010662502609193325,25.0,False,mktmind-qtm/data/marketmind_qml_dataset.csv,SPY
split_02_2019-02,42,2019-02-21,XLB,small_mlp,0.50894320879,0.0,6,11,-0.0088225873503738,0.004541877835684,-0.0133644651860579,"ret_1d,volume_ratio_20d,weekday_cos,month_cos",0.010776459006592631,0.00010662502609193325,25.0,False,mktmind-qtm/data/marketmind_qml_dataset.csv,SPY
split_02_2019-02,42,2019-02-21,XLC,small_mlp,0.516955555523,1.0,2,3,0.0061346790642227,0.004541877835684,0.0015928012285386,"ret_1d,volume_ratio_20d,weekday_cos,month_cos",0.010776459006592631,0.00010662502609193325,25.0,False,mktmind-qtm/data/marketmind_qml_dataset.csv,SPY
split_02_2019-02,42,2019-02-21,XLE,small_mlp,0.52406243361,0.0,1,9,-0.0048803189593892,0.004541877835684,-0.0094221967950732,"ret_1d,volume_ratio_20d,weekday_cos,month_cos",0.010776459006592631,0.00010662502609193325,25.0,False,mktmind-qtm/data/marketmind_qml_dataset.csv,SPY
split_02_2019-02,42,2019-02-21,XLF,small_mlp,0.511291504729,,4,5,0.0007549297756741,0.004541877835684,-0.0037869480600098,"ret_1d,volume_ratio_20d,weekday_cos,month_cos",0.010776459006592631,0.00010662502609193325,25.0,False,mktmind-qtm/data/marketmind_qml_dataset.csv,SPY
split_02_2019-02,42,2019-02-21,XLI,small_mlp,0.510002764038,1.0,5,2,0.0083216281564928,0.004541877835684,0.0037797503208087,"ret_1d,volume_ratio_20d,weekday_cos,month_cos",0.010776459006592631,0.00010662502609193325,25.0,False,mktmind-qtm/data/marketmind_qml_dataset.csv,SPY
split_02_2019-02,42,2019-02-21,XLK,small_mlp,0.503486657813,1.0,8,1,0.0159142525635915,0.004541877835684,0.0113723747279075,"ret_1d,volume_ratio_20d,weekday_cos,month_cos",0.010776459006592631,0.00010662502609193325,25.0,False,mktmind-qtm/data/marketmind_qml_dataset.csv,SPY
split_02_2019-02,42,2019-02-21,XLP,small_mlp,0.499918978219,0.0,10,10,-0.0063997920536577,0.004541877835684,-0.0109416698893417,"ret_1d,volume_ratio_20d,weekday_cos,month_cos",0.010776459006592631,0.00010662502609193325,25.0,False,mktmind-qtm/data/marketmind_qml_dataset.csv,SPY
split_02_2019-02,42,2019-02-21,XLRE,small_mlp,0.501601008952,,9,8,-0.0048737441726782,0.004541877835684,-0.0094156220083623,"ret_1d,volume_ratio_20d,weekday_cos,month_cos",0.010776459006592631,0.00010662502609193325,25.0,False,mktmind-qtm/data/marketmind_qml_dataset.csv,SPY
split_02_2019-02,42,2019-02-21,XLU,small_mlp,0.493120622659,,11,4,0.005467349301486,0.004541877835684,0.000925471465802,"ret_1d,volume_ratio_20d,weekday_cos,month_cos",0.010776459006592631,0.00010662502609193325,25.0,False,mktmind-qtm/data/marketmind_qml_dataset.csv,SPY
split_02_2019-02,42,2019-02-21,XLV,small_mlp,0.515945180579,,3,6,-0.0006543263362442,0.004541877835684,-0.0051962041719283,"ret_1d,volume_ratio_20d,weekday_cos,month_cos",0.010776459006592631,0.00010662502609193325,25.0,False,mktmind-qtm/data/marketmind_qml_dataset.csv,SPY
split_02_2019-02,42,2019-02-21,XLY,small_mlp,0.507078981286,,7,7,-0.0027144873880705,0.004541877835684,-0.0072563652237546,"ret_1d,volume_ratio_20d,weekday_cos,month_cos",0.010776459006592631,0.00010662502609193325,25.0,False,mktmind-qtm/data/marketmind_qml_dataset.csv,SPY
split_02_2019-02,42,2019-02-28,XLB,small_mlp,0.519245204292,,1,5,-0.0074478171441554,-0.0131694072738053,0.0057215901296499,"ret_1d,volume_ratio_20d,weekday_cos,month_cos",0.010776459006592631,0.00010662502609193325,25.0,False,mktmind-qtm/data/marketmind_qml_dataset.csv,SPY
split_02_2019-02,42,2019-02-28,XLC,small_mlp,0.503301996147,1.0,8,1,0.0060978086078242,-0.0131694072738053,0.0192672158816296,"ret_1d,volume_ratio_20d,weekday_cos,month_cos",0.010776459006592631,0.00010662502609193325,25.0,False,mktmind-qtm/data/marketmind_qml_dataset.csv,SPY
split_02_2019-02,42,2019-02-28,XLE,small_mlp,0.517557069657,,2,4,-0.0019922264486067,-0.0131694072738053,0.0111771808251985,"ret_1d,volume_ratio_20d,weekday_cos,month_cos",0.010776459006592631,0.00010662502609193325,25.0,False,mktmind-qtm/data/marketmind_qml_dataset.csv,SPY
split_02_2019-02,42,2019-02-28,XLF,small_mlp,0.507820027669,0.0,6,9,-0.02036219856948,-0.0131694072738053,-0.0071927912956747,"ret_1d,volume_ratio_20d,weekday_cos,month_cos",0.010776459006592631,0.00010662502609193325,25.0,False,mktmind-qtm/data/marketmind_qml_dataset.csv,SPY
split_02_2019-02,42,2019-02-28,XLI,small_mlp,0.508992525127,0.0,4,11,-0.0251509039591877,-0.0131694072738053,-0.0119814966853823,"ret_1d,volume_ratio_20d,weekday_cos,month_cos",0.010776459006592631,0.00010662502609193325,25.0,False,mktmind-qtm/data/marketmind_qml_dataset.csv,SPY
split_02_2019-02,42,2019-02-28,XLK,small_mlp,0.508138841017,,5,8,-0.0146769623833118,-0.0131694072738053,-0.0015075551095065,"ret_1d,volume_ratio_20d,weekday_cos,month_cos",0.010776459006592631,0.00010662502609193325,25.0,False,mktmind-qtm/data/marketmind_qml_dataset.csv,SPY
split_02_2019-02,42,2019-02-28,XLP,small_mlp,0.497277131487,,10,7,-0.0121455120934628,-0.0131694072738053,0.0010238951803425,"ret_1d,volume_ratio_20d,weekday_cos,month_cos",0.010776459006592631,0.00010662502609193325,25.0,False,mktmind-qtm/data/marketmind_qml_dataset.csv,SPY
split_02_2019-02,42,2019-02-28,XLRE,small_mlp,0.499734877525,1.0,9,3,0.002304796460758,-0.0131694072738053,0.0154742037345634,"ret_1d,volume_ratio_20d,weekday_cos,month_cos",0.010776459006592631,0.00010662502609193325,25.0,False,mktmind-qtm/data/marketmind_qml_dataset.csv,SPY
split_02_2019-02,42,2019-02-28,XLU,small_mlp,0.495692835548,1.0,11,2,0.0059639629006584,-0.0131694072738053,0.0191333701744638,"ret_1d,volume_ratio_20d,weekday_cos,month_cos",0.010776459006592631,0.00010662502609193325,25.0,False,mktmind-qtm/data/marketmind_qml_dataset.csv,SPY
split_02_2019-02,42,2019-02-28,XLV,small_mlp,0.507742627558,0.0,7,10,-0.0224767726479284,-0.0131694072738053,-0.0093073653741231,"ret_1d,volume_ratio_20d,weekday_cos,month_cos",0.010776459006592631,0.00010662502609193325,25.0,False,mktmind-qtm/data/marketmind_qml_dataset.csv,SPY
split_02_2019-02,42,2019-02-28,XLY,small_mlp,0.511642958521,,3,6,-0.0094367146833717,-0.0131694072738053,0.0037326925904336,"ret_1d,volume_ratio_20d,weekday_cos,month_cos",0.010776459006592631,0.00010662502609193325,25.0,False,mktmind-qtm/data/marketmind_qml_dataset.csv,SPY
split_02_2019-02,42,2019-02-06,XLB,xgboost,0.35905328393,,9,6,0.0100954439758633,0.0082494280517981,0.0018460159240651,"ret_1d,volume_ratio_20d,weekday_cos,month_cos",0.00733695799135603,0.00040962500497698784,,False,mktmind-qtm/data/marketmind_qml_dataset.csv,SPY
split_02_2019-02,42,2019-02-06,XLC,xgboost,0.581989645958,0.0,2,11,-0.0010903695850825,0.0082494280517981,-0.0093397976368807,"ret_1d,volume_ratio_20d,weekday_cos,month_cos",0.00733695799135603,0.00040962500497698784,,False,mktmind-qtm/data/marketmind_qml_dataset.csv,SPY
split_02_2019-02,42,2019-02-06,XLE,xgboost,0.321498721838,0.0,11,10,0.0027838449611745,0.0082494280517981,-0.0054655830906236,"ret_1d,volume_ratio_20d,weekday_cos,month_cos",0.00733695799135603,0.00040962500497698784,,False,mktmind-qtm/data/marketmind_qml_dataset.csv,SPY
split_02_2019-02,42,2019-02-06,XLF,xgboost,0.546752512455,0.0,5,9,0.0053721359749694,0.0082494280517981,-0.0028772920768287,"ret_1d,volume_ratio_20d,weekday_cos,month_cos",0.00733695799135603,0.00040962500497698784,,False,mktmind-qtm/data/marketmind_qml_dataset.csv,SPY
split_02_2019-02,42,2019-02-06,XLI,xgboost,0.5596113801,1.0,4,1,0.0215084731892198,0.0082494280517981,0.0132590451374217,"ret_1d,volume_ratio_20d,weekday_cos,month_cos",0.00733695799135603,0.00040962500497698784,,False,mktmind-qtm/data/marketmind_qml_dataset.csv,SPY
split_02_2019-02,42,2019-02-06,XLK,xgboost,0.682316303253,,1,7,0.0059815444699991,0.0082494280517981,-0.002267883581799,"ret_1d,volume_ratio_20d,weekday_cos,month_cos",0.00733695799135603,0.00040962500497698784,,False,mktmind-qtm/data/marketmind_qml_dataset.csv,SPY
split_02_2019-02,42,2019-02-06,XLP,xgboost,0.579493522644,1.0,3,3,0.0162373480223039,0.0082494280517981,0.0079879199705057,"ret_1d,volume_ratio_20d,weekday_cos,month_cos",0.00733695799135603,0.00040962500497698784,,False,mktmind-qtm/data/marketmind_qml_dataset.csv,SPY
split_02_2019-02,42,2019-02-06,XLRE,xgboost,0.35905328393,,10,5,0.0110852706214616,0.0082494280517981,0.0028358425696635,"ret_1d,volume_ratio_20d,weekday_cos,month_cos",0.00733695799135603,0.00040962500497698784,,False,mktmind-qtm/data/marketmind_qml_dataset.csv,SPY
split_02_2019-02,42,2019-02-06,XLU,xgboost,0.473230570555,1.0,8,2,0.0166299587460554,0.0082494280517981,0.0083805306942572,"ret_1d,volume_ratio_20d,weekday_cos,month_cos",0.00733695799135603,0.00040962500497698784,,False,mktmind-qtm/data/marketmind_qml_dataset.csv,SPY
split_02_2019-02,42,2019-02-06,XLV,xgboost,0.481439530849,,7,8,0.0053982259546954,0.0082494280517981,-0.0028512020971027,"ret_1d,volume_ratio_20d,weekday_cos,month_cos",0.00733695799135603,0.00040962500497698784,,False,mktmind-qtm/data/marketmind_qml_dataset.csv,SPY
split_02_2019-02,42,2019-02-06,XLY,xgboost,0.4980019629,,6,4,0.0116184423301117,0.0082494280517981,0.0033690142783135,"ret_1d,volume_ratio_20d,weekday_cos,month_cos",0.00733695799135603,0.00040962500497698784,,False,mktmind-qtm/data/marketmind_qml_dataset.csv,SPY
split_02_2019-02,42,2019-02-13,XLB,xgboost,0.556363880634,1.0,3,1,0.0279473856554812,0.008836681840848,0.0191107038146332,"ret_1d,volume_ratio_20d,weekday_cos,month_cos",0.00733695799135603,0.00040962500497698784,,False,mktmind-qtm/data/marketmind_qml_dataset.csv,SPY
split_02_2019-02,42,2019-02-13,XLC,xgboost,0.610294640064,0.0,2,11,-0.0037109640382516,0.008836681840848,-0.0125476458790997,"ret_1d,volume_ratio_20d,weekday_cos,month_cos",0.00733695799135603,0.00040962500497698784,,False,mktmind-qtm/data/marketmind_qml_dataset.csv,SPY
split_02_2019-02,42,2019-02-13,XLE,xgboost,0.641354501247,,1,5,0.0112585461337919,0.008836681840848,0.0024218642929438,"ret_1d,volume_ratio_20d,weekday_cos,month_cos",0.00733695799135603,0.00040962500497698784,,False,mktmind-qtm/data/marketmind_qml_dataset.csv,SPY
split_02_2019-02,42,2019-02-13,XLF,xgboost,0.516267359257,,6,4,0.0114502675390615,0.008836681840848,0.0026135856982134,"ret_1d,volume_ratio_20d,weekday_cos,month_cos",0.00733695799135603,0.00040962500497698784,,False,mktmind-qtm/data/marketmind_qml_dataset.csv,SPY
split_02_2019-02,42,2019-02-13,XLI,xgboost,0.504775583744,,7,6,0.008928177454117,0.008836681840848,9.149561326893264e-05,"ret_1d,volume_ratio_20d,weekday_cos,month_cos",0.00733695799135603,0.00040962500497698784,,False,mktmind-qtm/data/marketmind_qml_dataset.csv,SPY
split_02_2019-02,42,2019-02-13,XLK,xgboost,0.504047691822,1.0,8,3,0.0116026296142082,0.008836681840848,0.0027659477733601,"ret_1d,volume_ratio_20d,weekday_cos,month_cos",0.00733695799135603,0.00040962500497698784,,False,mktmind-qtm/data/marketmind_qml_dataset.csv,SPY
split_02_2019-02,42,2019-02-13,XLP,xgboost,0.545279502869,0.0,4,10,0.0044076112732998,0.008836681840848,-0.0044290705675482,"ret_1d,volume_ratio_20d,weekday_cos,month_cos",0.00733695799135603,0.00040962500497698784,,False,mktmind-qtm/data/marketmind_qml_dataset.csv,SPY
split_02_2019-02,42,2019-02-13,XLRE,xgboost,0.469280987978,,10,8,0.006347351687119,0.008836681840848,-0.0024893301537289,"ret_1d,volume_ratio_20d,weekday_cos,month_cos",0.00733695799135603,0.00040962500497698784,,False,mktmind-qtm/data/marketmind_qml_dataset.csv,SPY
split_02_2019-02,42,2019-02-13,XLU,xgboost,0.493289262056,1.0,9,2,0.0192341244959395,0.008836681840848,0.0103974426550914,"ret_1d,volume_ratio_20d,weekday_cos,month_cos",0.00733695799135603,0.00040962500497698784,,False,mktmind-qtm/data/marketmind_qml_dataset.csv,SPY
split_02_2019-02,42,2019-02-13,XLV,xgboost,0.525994598866,0.0,5,9,0.0049309361407339,0.008836681840848,-0.0039057457001141,"ret_1d,volume_ratio_20d,weekday_cos,month_cos",0.00733695799135603,0.00040962500497698784,,False,mktmind-qtm/data/marketmind_qml_dataset.csv,SPY
split_02_2019-02,42,2019-02-13,XLY,xgboost,0.469280987978,,11,7,0.0072916875000417,0.008836681840848,-0.0015449943408063,"ret_1d,volume_ratio_20d,weekday_cos,month_cos",0.00733695799135603,0.00040962500497698784,,False,mktmind-qtm/data/marketmind_qml_dataset.csv,SPY
split_02_2019-02,42,2019-02-21,XLB,xgboost,0.545319914818,0.0,5,11,-0.0088225873503738,0.004541877835684,-0.0133644651860579,"ret_1d,volume_ratio_20d,weekday_cos,month_cos",0.00733695799135603,0.00040962500497698784,,False,mktmind-qtm/data/marketmind_qml_dataset.csv,SPY
split_02_2019-02,42,2019-02-21,XLC,xgboost,0.503911852837,1.0,7,3,0.0061346790642227,0.004541877835684,0.0015928012285386,"ret_1d,volume_ratio_20d,weekday_cos,month_cos",0.00733695799135603,0.00040962500497698784,,False,mktmind-qtm/data/marketmind_qml_dataset.csv,SPY
split_02_2019-02,42,2019-02-21,XLE,xgboost,0.55646109581,0.0,3,9,-0.0048803189593892,0.004541877835684,-0.0094221967950732,"ret_1d,volume_ratio_20d,weekday_cos,month_cos",0.00733695799135603,0.00040962500497698784,,False,mktmind-qtm/data/marketmind_qml_dataset.csv,SPY
split_02_2019-02,42,2019-02-21,XLF,xgboost,0.483520001173,,11,5,0.0007549297756741,0.004541877835684,-0.0037869480600098,"ret_1d,volume_ratio_20d,weekday_cos,month_cos",0.00733695799135603,0.00040962500497698784,,False,mktmind-qtm/data/marketmind_qml_dataset.csv,SPY
split_02_2019-02,42,2019-02-21,XLI,xgboost,0.4980019629,1.0,8,2,0.0083216281564928,0.004541877835684,0.0037797503208087,"ret_1d,volume_ratio_20d,weekday_cos,month_cos",0.00733695799135603,0.00040962500497698784,,False,mktmind-qtm/data/marketmind_qml_dataset.csv,SPY
split_02_2019-02,42,2019-02-21,XLK,xgboost,0.546752512455,1.0,4,1,0.0159142525635915,0.004541877835684,0.0113723747279075,"ret_1d,volume_ratio_20d,weekday_cos,month_cos",0.00733695799135603,0.00040962500497698784,,False,mktmind-qtm/data/marketmind_qml_dataset.csv,SPY
split_02_2019-02,42,2019-02-21,XLP,xgboost,0.682316303253,0.0,1,10,-0.0063997920536577,0.004541877835684,-0.0109416698893417,"ret_1d,volume_ratio_20d,weekday_cos,month_cos",0.00733695799135603,0.00040962500497698784,,False,mktmind-qtm/data/marketmind_qml_dataset.csv,SPY
split_02_2019-02,42,2019-02-21,XLRE,xgboost,0.568398237228,,2,8,-0.0048737441726782,0.004541877835684,-0.0094156220083623,"ret_1d,volume_ratio_20d,weekday_cos,month_cos",0.00733695799135603,0.00040962500497698784,,False,mktmind-qtm/data/marketmind_qml_dataset.csv,SPY
split_02_2019-02,42,2019-02-21,XLU,xgboost,0.516741871834,,6,4,0.005467349301486,0.004541877835684,0.000925471465802,"ret_1d,volume_ratio_20d,weekday_cos,month_cos",0.00733695799135603,0.00040962500497698784,,False,mktmind-qtm/data/marketmind_qml_dataset.csv,SPY
split_02_2019-02,42,2019-02-21,XLV,xgboost,0.483668208122,,10,6,-0.0006543263362442,0.004541877835684,-0.0051962041719283,"ret_1d,volume_ratio_20d,weekday_cos,month_cos",0.00733695799135603,0.00040962500497698784,,False,mktmind-qtm/data/marketmind_qml_dataset.csv,SPY
split_02_2019-02,42,2019-02-21,XLY,xgboost,0.497197568417,,9,7,-0.0027144873880705,0.004541877835684,-0.0072563652237546,"ret_1d,volume_ratio_20d,weekday_cos,month_cos",0.00733695799135603,0.00040962500497698784,,False,mktmind-qtm/data/marketmind_qml_dataset.csv,SPY
split_02_2019-02,42,2019-02-28,XLB,xgboost,0.51594376564,,7,5,-0.0074478171441554,-0.0131694072738053,0.0057215901296499,"ret_1d,volume_ratio_20d,weekday_cos,month_cos",0.00733695799135603,0.00040962500497698784,,False,mktmind-qtm/data/marketmind_qml_dataset.csv,SPY
split_02_2019-02,42,2019-02-28,XLC,xgboost,0.497197568417,1.0,8,1,0.0060978086078242,-0.0131694072738053,0.0192672158816296,"ret_1d,volume_ratio_20d,weekday_cos,month_cos",0.00733695799135603,0.00040962500497698784,,False,mktmind-qtm/data/marketmind_qml_dataset.csv,SPY
split_02_2019-02,42,2019-02-28,XLE,xgboost,0.459622740746,,11,4,-0.0019922264486067,-0.0131694072738053,0.0111771808251985,"ret_1d,volume_ratio_20d,weekday_cos,month_cos",0.00733695799135603,0.00040962500497698784,,False,mktmind-qtm/data/marketmind_qml_dataset.csv,SPY
split_02_2019-02,42,2019-02-28,XLF,xgboost,0.546752512455,0.0,5,9,-0.02036219856948,-0.0131694072738053,-0.0071927912956747,"ret_1d,volume_ratio_20d,weekday_cos,month_cos",0.00733695799135603,0.00040962500497698784,,False,mktmind-qtm/data/marketmind_qml_dataset.csv,SPY
split_02_2019-02,42,2019-02-28,XLI,xgboost,0.487455159426,0.0,9,11,-0.0251509039591877,-0.0131694072738053,-0.0119814966853823,"ret_1d,volume_ratio_20d,weekday_cos,month_cos",0.00733695799135603,0.00040962500497698784,,False,mktmind-qtm/data/marketmind_qml_dataset.csv,SPY
split_02_2019-02,42,2019-02-28,XLK,xgboost,0.590266525745,,2,8,-0.0146769623833118,-0.0131694072738053,-0.0015075551095065,"ret_1d,volume_ratio_20d,weekday_cos,month_cos",0.00733695799135603,0.00040962500497698784,,False,mktmind-qtm/data/marketmind_qml_dataset.csv,SPY
split_02_2019-02,42,2019-02-28,XLP,xgboost,0.517988264561,,6,7,-0.0121455120934628,-0.0131694072738053,0.0010238951803425,"ret_1d,volume_ratio_20d,weekday_cos,month_cos",0.00733695799135603,0.00040962500497698784,,False,mktmind-qtm/data/marketmind_qml_dataset.csv,SPY
split_02_2019-02,42,2019-02-28,XLRE,xgboost,0.63540405035,1.0,1,3,0.002304796460758,-0.0131694072738053,0.0154742037345634,"ret_1d,volume_ratio_20d,weekday_cos,month_cos",0.00733695799135603,0.00040962500497698784,,False,mktmind-qtm/data/marketmind_qml_dataset.csv,SPY
split_02_2019-02,42,2019-02-28,XLU,xgboost,0.556192874908,1.0,4,2,0.0059639629006584,-0.0131694072738053,0.0191333701744638,"ret_1d,volume_ratio_20d,weekday_cos,month_cos",0.00733695799135603,0.00040962500497698784,,False,mktmind-qtm/data/marketmind_qml_dataset.csv,SPY
split_02_2019-02,42,2019-02-28,XLV,xgboost,0.5596113801,0.0,3,10,-0.0224767726479284,-0.0131694072738053,-0.0093073653741231,"ret_1d,volume_ratio_20d,weekday_cos,month_cos",0.00733695799135603,0.00040962500497698784,,False,mktmind-qtm/data/marketmind_qml_dataset.csv,SPY
split_02_2019-02,42,2019-02-28,XLY,xgboost,0.465909749269,,10,6,-0.0094367146833717,-0.0131694072738053,0.0037326925904336,"ret_1d,volume_ratio_20d,weekday_cos,month_cos",0.00733695799135603,0.00040962500497698784,,False,mktmind-qtm/data/marketmind_qml_dataset.csv,SPY
split_02_2019-02,42,2019-02-06,XLB,pennylane_qnn,-0.07656684652,,7,6,0.0100954439758633,0.0082494280517981,0.0018460159240651,"ret_1d,volume_ratio_20d,weekday_cos,month_cos",10.118199499993352,0.13041283399797976,13.0,False,mktmind-qtm/data/marketmind_qml_dataset.csv,SPY
split_02_2019-02,42,2019-02-06,XLC,pennylane_qnn,-0.074381514406,0.0,3,11,-0.0010903695850825,0.0082494280517981,-0.0093397976368807,"ret_1d,volume_ratio_20d,weekday_cos,month_cos",10.118199499993352,0.13041283399797976,13.0,False,mktmind-qtm/data/marketmind_qml_dataset.csv,SPY
split_02_2019-02,42,2019-02-06,XLE,pennylane_qnn,-0.078336495642,0.0,11,10,0.0027838449611745,0.0082494280517981,-0.0054655830906236,"ret_1d,volume_ratio_20d,weekday_cos,month_cos",10.118199499993352,0.13041283399797976,13.0,False,mktmind-qtm/data/marketmind_qml_dataset.csv,SPY
split_02_2019-02,42,2019-02-06,XLF,pennylane_qnn,-0.074380041556,0.0,2,9,0.0053721359749694,0.0082494280517981,-0.0028772920768287,"ret_1d,volume_ratio_20d,weekday_cos,month_cos",10.118199499993352,0.13041283399797976,13.0,False,mktmind-qtm/data/marketmind_qml_dataset.csv,SPY
split_02_2019-02,42,2019-02-06,XLI,pennylane_qnn,-0.074310869122,1.0,1,1,0.0215084731892198,0.0082494280517981,0.0132590451374217,"ret_1d,volume_ratio_20d,weekday_cos,month_cos",10.118199499993352,0.13041283399797976,13.0,False,mktmind-qtm/data/marketmind_qml_dataset.csv,SPY
split_02_2019-02,42,2019-02-06,XLK,pennylane_qnn,-0.074777047346,,5,7,0.0059815444699991,0.0082494280517981,-0.002267883581799,"ret_1d,volume_ratio_20d,weekday_cos,month_cos",10.118199499993352,0.13041283399797976,13.0,False,mktmind-qtm/data/marketmind_qml_dataset.csv,SPY
split_02_2019-02,42,2019-02-06,XLP,pennylane_qnn,-0.074510373284,1.0,4,3,0.0162373480223039,0.0082494280517981,0.0079879199705057,"ret_1d,volume_ratio_20d,weekday_cos,month_cos",10.118199499993352,0.13041283399797976,13.0,False,mktmind-qtm/data/marketmind_qml_dataset.csv,SPY
split_02_2019-02,42,2019-02-06,XLRE,pennylane_qnn,-0.076392871713,,6,5,0.0110852706214616,0.0082494280517981,0.0028358425696635,"ret_1d,volume_ratio_20d,weekday_cos,month_cos",10.118199499993352,0.13041283399797976,13.0,False,mktmind-qtm/data/marketmind_qml_dataset.csv,SPY
split_02_2019-02,42,2019-02-06,XLU,pennylane_qnn,-0.078317093189,1.0,10,2,0.0166299587460554,0.0082494280517981,0.0083805306942572,"ret_1d,volume_ratio_20d,weekday_cos,month_cos",10.118199499993352,0.13041283399797976,13.0,False,mktmind-qtm/data/marketmind_qml_dataset.csv,SPY
split_02_2019-02,42,2019-02-06,XLV,pennylane_qnn,-0.076742236234,,8,8,0.0053982259546954,0.0082494280517981,-0.0028512020971027,"ret_1d,volume_ratio_20d,weekday_cos,month_cos",10.118199499993352,0.13041283399797976,13.0,False,mktmind-qtm/data/marketmind_qml_dataset.csv,SPY
split_02_2019-02,42,2019-02-06,XLY,pennylane_qnn,-0.077024678527,,9,4,0.0116184423301117,0.0082494280517981,0.0033690142783135,"ret_1d,volume_ratio_20d,weekday_cos,month_cos",10.118199499993352,0.13041283399797976,13.0,False,mktmind-qtm/data/marketmind_qml_dataset.csv,SPY
split_02_2019-02,42,2019-02-13,XLB,pennylane_qnn,-0.074235149204,1.0,1,1,0.0279473856554812,0.008836681840848,0.0191107038146332,"ret_1d,volume_ratio_20d,weekday_cos,month_cos",10.118199499993352,0.13041283399797976,13.0,False,mktmind-qtm/data/marketmind_qml_dataset.csv,SPY
split_02_2019-02,42,2019-02-13,XLC,pennylane_qnn,-0.0747065507,0.0,3,11,-0.0037109640382516,0.008836681840848,-0.0125476458790997,"ret_1d,volume_ratio_20d,weekday_cos,month_cos",10.118199499993352,0.13041283399797976,13.0,False,mktmind-qtm/data/marketmind_qml_dataset.csv,SPY
split_02_2019-02,42,2019-02-13,XLE,pennylane_qnn,-0.074301731757,,2,5,0.0112585461337919,0.008836681840848,0.0024218642929438,"ret_1d,volume_ratio_20d,weekday_cos,month_cos",10.118199499993352,0.13041283399797976,13.0,False,mktmind-qtm/data/marketmind_qml_dataset.csv,SPY
split_02_2019-02,42,2019-02-13,XLF,pennylane_qnn,-0.075239726673,,5,4,0.0114502675390615,0.008836681840848,0.0026135856982134,"ret_1d,volume_ratio_20d,weekday_cos,month_cos",10.118199499993352,0.13041283399797976,13.0,False,mktmind-qtm/data/marketmind_qml_dataset.csv,SPY
split_02_2019-02,42,2019-02-13,XLI,pennylane_qnn,-0.077037023576,,11,6,0.008928177454117,0.008836681840848,9.149561326893264e-05,"ret_1d,volume_ratio_20d,weekday_cos,month_cos",10.118199499993352,0.13041283399797976,13.0,False,mktmind-qtm/data/marketmind_qml_dataset.csv,SPY
split_02_2019-02,42,2019-02-13,XLK,pennylane_qnn,-0.07525403065,1.0,6,3,0.0116026296142082,0.008836681840848,0.0027659477733601,"ret_1d,volume_ratio_20d,weekday_cos,month_cos",10.118199499993352,0.13041283399797976,13.0,False,mktmind-qtm/data/marketmind_qml_dataset.csv,SPY
split_02_2019-02,42,2019-02-13,XLP,pennylane_qnn,-0.075524436466,0.0,7,10,0.0044076112732998,0.008836681840848,-0.0044290705675482,"ret_1d,volume_ratio_20d,weekday_cos,month_cos",10.118199499993352,0.13041283399797976,13.0,False,mktmind-qtm/data/marketmind_qml_dataset.csv,SPY
split_02_2019-02,42,2019-02-13,XLRE,pennylane_qnn,-0.076132191173,,9,8,0.006347351687119,0.008836681840848,-0.0024893301537289,"ret_1d,volume_ratio_20d,weekday_cos,month_cos",10.118199499993352,0.13041283399797976,13.0,False,mktmind-qtm/data/marketmind_qml_dataset.csv,SPY
split_02_2019-02,42,2019-02-13,XLU,pennylane_qnn,-0.075119681788,1.0,4,2,0.0192341244959395,0.008836681840848,0.0103974426550914,"ret_1d,volume_ratio_20d,weekday_cos,month_cos",10.118199499993352,0.13041283399797976,13.0,False,mktmind-qtm/data/marketmind_qml_dataset.csv,SPY
split_02_2019-02,42,2019-02-13,XLV,pennylane_qnn,-0.076165596455,0.0,10,9,0.0049309361407339,0.008836681840848,-0.0039057457001141,"ret_1d,volume_ratio_20d,weekday_cos,month_cos",10.118199499993352,0.13041283399797976,13.0,False,mktmind-qtm/data/marketmind_qml_dataset.csv,SPY
split_02_2019-02,42,2019-02-13,XLY,pennylane_qnn,-0.075771082195,,8,7,0.0072916875000417,0.008836681840848,-0.0015449943408063,"ret_1d,volume_ratio_20d,weekday_cos,month_cos",10.118199499993352,0.13041283399797976,13.0,False,mktmind-qtm/data/marketmind_qml_dataset.csv,SPY
split_02_2019-02,42,2019-02-21,XLB,pennylane_qnn,-0.074398474417,0.0,5,11,-0.0088225873503738,0.004541877835684,-0.0133644651860579,"ret_1d,volume_ratio_20d,weekday_cos,month_cos",10.118199499993352,0.13041283399797976,13.0,False,mktmind-qtm/data/marketmind_qml_dataset.csv,SPY
split_02_2019-02,42,2019-02-21,XLC,pennylane_qnn,-0.07493920863,1.0,9,3,0.0061346790642227,0.004541877835684,0.0015928012285386,"ret_1d,volume_ratio_20d,weekday_cos,month_cos",10.118199499993352,0.13041283399797976,13.0,False,mktmind-qtm/data/marketmind_qml_dataset.csv,SPY
split_02_2019-02,42,2019-02-21,XLE,pennylane_qnn,-0.074248770858,0.0,1,9,-0.0048803189593892,0.004541877835684,-0.0094221967950732,"ret_1d,volume_ratio_20d,weekday_cos,month_cos",10.118199499993352,0.13041283399797976,13.0,False,mktmind-qtm/data/marketmind_qml_dataset.csv,SPY
split_02_2019-02,42,2019-02-21,XLF,pennylane_qnn,-0.074338904435,,2,5,0.0007549297756741,0.004541877835684,-0.0037869480600098,"ret_1d,volume_ratio_20d,weekday_cos,month_cos",10.118199499993352,0.13041283399797976,13.0,False,mktmind-qtm/data/marketmind_qml_dataset.csv,SPY
split_02_2019-02,42,2019-02-21,XLI,pennylane_qnn,-0.077177270544,1.0,11,2,0.0083216281564928,0.004541877835684,0.0037797503208087,"ret_1d,volume_ratio_20d,weekday_cos,month_cos",10.118199499993352,0.13041283399797976,13.0,False,mktmind-qtm/data/marketmind_qml_dataset.csv,SPY
split_02_2019-02,42,2019-02-21,XLK,pennylane_qnn,-0.074611814694,1.0,7,1,0.0159142525635915,0.004541877835684,0.0113723747279075,"ret_1d,volume_ratio_20d,weekday_cos,month_cos",10.118199499993352,0.13041283399797976,13.0,False,mktmind-qtm/data/marketmind_qml_dataset.csv,SPY
split_02_2019-02,42,2019-02-21,XLP,pennylane_qnn,-0.074860241493,0.0,8,10,-0.0063997920536577,0.004541877835684,-0.0109416698893417,"ret_1d,volume_ratio_20d,weekday_cos,month_cos",10.118199499993352,0.13041283399797976,13.0,False,mktmind-qtm/data/marketmind_qml_dataset.csv,SPY
split_02_2019-02,42,2019-02-21,XLRE,pennylane_qnn,-0.074508559432,,6,8,-0.0048737441726782,0.004541877835684,-0.0094156220083623,"ret_1d,volume_ratio_20d,weekday_cos,month_cos",10.118199499993352,0.13041283399797976,13.0,False,mktmind-qtm/data/marketmind_qml_dataset.csv,SPY
split_02_2019-02,42,2019-02-21,XLU,pennylane_qnn,-0.074373342113,,4,4,0.005467349301486,0.004541877835684,0.000925471465802,"ret_1d,volume_ratio_20d,weekday_cos,month_cos",10.118199499993352,0.13041283399797976,13.0,False,mktmind-qtm/data/marketmind_qml_dataset.csv,SPY
split_02_2019-02,42,2019-02-21,XLV,pennylane_qnn,-0.074366559157,,3,6,-0.0006543263362442,0.004541877835684,-0.0051962041719283,"ret_1d,volume_ratio_20d,weekday_cos,month_cos",10.118199499993352,0.13041283399797976,13.0,False,mktmind-qtm/data/marketmind_qml_dataset.csv,SPY
split_02_2019-02,42,2019-02-21,XLY,pennylane_qnn,-0.076183952653,,10,7,-0.0027144873880705,0.004541877835684,-0.0072563652237546,"ret_1d,volume_ratio_20d,weekday_cos,month_cos",10.118199499993352,0.13041283399797976,13.0,False,mktmind-qtm/data/marketmind_qml_dataset.csv,SPY
split_02_2019-02,42,2019-02-28,XLB,pennylane_qnn,-0.074540809065,,4,5,-0.0074478171441554,-0.0131694072738053,0.0057215901296499,"ret_1d,volume_ratio_20d,weekday_cos,month_cos",10.118199499993352,0.13041283399797976,13.0,False,mktmind-qtm/data/marketmind_qml_dataset.csv,SPY
split_02_2019-02,42,2019-02-28,XLC,pennylane_qnn,-0.075850197443,1.0,10,1,0.0060978086078242,-0.0131694072738053,0.0192672158816296,"ret_1d,volume_ratio_20d,weekday_cos,month_cos",10.118199499993352,0.13041283399797976,13.0,False,mktmind-qtm/data/marketmind_qml_dataset.csv,SPY
split_02_2019-02,42,2019-02-28,XLE,pennylane_qnn,-0.074360394922,,3,4,-0.0019922264486067,-0.0131694072738053,0.0111771808251985,"ret_1d,volume_ratio_20d,weekday_cos,month_cos",10.118199499993352,0.13041283399797976,13.0,False,mktmind-qtm/data/marketmind_qml_dataset.csv,SPY
split_02_2019-02,42,2019-02-28,XLF,pennylane_qnn,-0.07462764788,0.0,6,9,-0.02036219856948,-0.0131694072738053,-0.0071927912956747,"ret_1d,volume_ratio_20d,weekday_cos,month_cos",10.118199499993352,0.13041283399797976,13.0,False,mktmind-qtm/data/marketmind_qml_dataset.csv,SPY
split_02_2019-02,42,2019-02-28,XLI,pennylane_qnn,-0.075193987261,0.0,9,11,-0.0251509039591877,-0.0131694072738053,-0.0119814966853823,"ret_1d,volume_ratio_20d,weekday_cos,month_cos",10.118199499993352,0.13041283399797976,13.0,False,mktmind-qtm/data/marketmind_qml_dataset.csv,SPY
split_02_2019-02,42,2019-02-28,XLK,pennylane_qnn,-0.074906156685,,8,8,-0.0146769623833118,-0.0131694072738053,-0.0015075551095065,"ret_1d,volume_ratio_20d,weekday_cos,month_cos",10.118199499993352,0.13041283399797976,13.0,False,mktmind-qtm/data/marketmind_qml_dataset.csv,SPY
split_02_2019-02,42,2019-02-28,XLP,pennylane_qnn,-0.077033677563,,11,7,-0.0121455120934628,-0.0131694072738053,0.0010238951803425,"ret_1d,volume_ratio_20d,weekday_cos,month_cos",10.118199499993352,0.13041283399797976,13.0,False,mktmind-qtm/data/marketmind_qml_dataset.csv,SPY
split_02_2019-02,42,2019-02-28,XLRE,pennylane_qnn,-0.074200309946,1.0,1,3,0.002304796460758,-0.0131694072738053,0.0154742037345634,"ret_1d,volume_ratio_20d,weekday_cos,month_cos",10.118199499993352,0.13041283399797976,13.0,False,mktmind-qtm/data/marketmind_qml_dataset.csv,SPY
split_02_2019-02,42,2019-02-28,XLU,pennylane_qnn,-0.074890634426,1.0,7,2,0.0059639629006584,-0.0131694072738053,0.0191333701744638,"ret_1d,volume_ratio_20d,weekday_cos,month_cos",10.118199499993352,0.13041283399797976,13.0,False,mktmind-qtm/data/marketmind_qml_dataset.csv,SPY
split_02_2019-02,42,2019-02-28,XLV,pennylane_qnn,-0.074253342921,0.0,2,10,-0.0224767726479284,-0.0131694072738053,-0.0093073653741231,"ret_1d,volume_ratio_20d,weekday_cos,month_cos",10.118199499993352,0.13041283399797976,13.0,False,mktmind-qtm/data/marketmind_qml_dataset.csv,SPY
split_02_2019-02,42,2019-02-28,XLY,pennylane_qnn,-0.074608592472,,5,6,-0.0094367146833717,-0.0131694072738053,0.0037326925904336,"ret_1d,volume_ratio_20d,weekday_cos,month_cos",10.118199499993352,0.13041283399797976,13.0,False,mktmind-qtm/data/marketmind_qml_dataset.csv,SPY
split_03_2019-03,42,2019-03-07,XLB,naive_momentum,0.013176632939,,2,8,0.0170205993570424,0.0223630746533487,-0.0053424752963062,relative_strength_20d,0.0,0.0,0.0,False,mktmind-qtm/data/marketmind_qml_dataset.csv,SPY
split_03_2019-03,42,2019-03-07,XLC,naive_momentum,-0.000908851744,,6,5,0.020346180552236,0.0223630746533487,-0.0020168941011127,relative_strength_20d,0.0,0.0,0.0,False,mktmind-qtm/data/marketmind_qml_dataset.csv,SPY
split_03_2019-03,42,2019-03-07,XLE,naive_momentum,-0.001208273099,0.0,7,9,0.0142811490794461,0.0223630746533487,-0.0080819255739026,relative_strength_20d,0.0,0.0,0.0,False,mktmind-qtm/data/marketmind_qml_dataset.csv,SPY
split_03_2019-03,42,2019-03-07,XLF,naive_momentum,-0.011392629932,,10,4,0.0230949660393913,0.0223630746533487,0.0007318913860425,relative_strength_20d,0.0,0.0,0.0,False,mktmind-qtm/data/marketmind_qml_dataset.csv,SPY
split_03_2019-03,42,2019-03-07,XLI,naive_momentum,0.004745642823,0.0,5,11,0.003493779623078,0.0223630746533487,-0.0188692950302706,relative_strength_20d,0.0,0.0,0.0,False,mktmind-qtm/data/marketmind_qml_dataset.csv,SPY
split_03_2019-03,42,2019-03-07,XLK,naive_momentum,0.010352414224,1.0,3,1,0.0362360164962334,0.0223630746533487,0.0138729418428846,relative_strength_20d,0.0,0.0,0.0,False,mktmind-qtm/data/marketmind_qml_dataset.csv,SPY
split_03_2019-03,42,2019-03-07,XLP,naive_momentum,-0.006456230208,,9,6,0.018815043632181,0.0223630746533487,-0.0035480310211677,relative_strength_20d,0.0,0.0,0.0,False,mktmind-qtm/data/marketmind_qml_dataset.csv,SPY
split_03_2019-03,42,2019-03-07,XLRE,naive_momentum,0.006555044858,1.0,4,2,0.0293187383288855,0.0223630746533487,0.0069556636755367,relative_strength_20d,0.0,0.0,0.0,False,mktmind-qtm/data/marketmind_qml_dataset.csv,SPY
split_03_2019-03,42,2019-03-07,XLU,naive_momentum,0.039740077046,,1,7,0.0184831114297239,0.0223630746533487,-0.0038799632236248,relative_strength_20d,0.0,0.0,0.0,False,mktmind-qtm/data/marketmind_qml_dataset.csv,SPY
split_03_2019-03,42,2019-03-07,XLV,naive_momentum,-0.021322597713,1.0,11,3,0.0258957828192645,0.0223630746533487,0.0035327081659157,relative_strength_20d,0.0,0.0,0.0,False,mktmind-qtm/data/marketmind_qml_dataset.csv,SPY
split_03_2019-03,42,2019-03-07,XLY,naive_momentum,-0.001683660012,0.0,8,10,0.0100761609137276,0.0223630746533487,-0.012286913739621,relative_strength_20d,0.0,0.0,0.0,False,mktmind-qtm/data/marketmind_qml_dataset.csv,SPY
split_03_2019-03,42,2019-03-14,XLB,naive_momentum,0.006065301171,,5,6,0.0120908712026925,0.017158149332785,-0.0050672781300924,relative_strength_20d,0.0,0.0,0.0,False,mktmind-qtm/data/marketmind_qml_dataset.csv,SPY
split_03_2019-03,42,2019-03-14,XLC,naive_momentum,0.006595525442,,4,4,0.0145145884175832,0.017158149332785,-0.0026435609152017,relative_strength_20d,0.0,0.0,0.0,False,mktmind-qtm/data/marketmind_qml_dataset.csv,SPY
split_03_2019-03,42,2019-03-14,XLE,naive_momentum,-0.003775989203,1.0,6,3,0.0267638920378505,0.017158149332785,0.0096057427050655,relative_strength_20d,0.0,0.0,0.0,False,mktmind-qtm/data/marketmind_qml_dataset.csv,SPY
split_03_2019-03,42,2019-03-14,XLF,naive_momentum,-0.007933290342,0.0,7,11,-0.0145586221388149,0.017158149332785,-0.0317167714716,relative_strength_20d,0.0,0.0,0.0,False,mktmind-qtm/data/marketmind_qml_dataset.csv,SPY
split_03_2019-03,42,2019-03-14,XLI,naive_momentum,-0.027234874856,0.0,11,9,0.0052250721929676,0.017158149332785,-0.0119330771398173,relative_strength_20d,0.0,0.0,0.0,False,mktmind-qtm/data/marketmind_qml_dataset.csv,SPY
split_03_2019-03,42,2019-03-14,XLK,naive_momentum,0.02687396611,1.0,2,1,0.0412246306586128,0.017158149332785,0.0240664813258277,relative_strength_20d,0.0,0.0,0.0,False,mktmind-qtm/data/marketmind_qml_dataset.csv,SPY
split_03_2019-03,42,2019-03-14,XLP,naive_momentum,-0.018029657572,,10,5,0.0139359878828666,0.017158149332785,-0.0032221614499183,relative_strength_20d,0.0,0.0,0.0,False,mktmind-qtm/data/marketmind_qml_dataset.csv,SPY
split_03_2019-03,42,2019-03-14,XLRE,naive_momentum,0.010742231694,,3,7,0.0102227119102669,0.017158149332785,-0.0069354374225181,relative_strength_20d,0.0,0.0,0.0,False,mktmind-qtm/data/marketmind_qml_dataset.csv,SPY
split_03_2019-03,42,2019-03-14,XLU,naive_momentum,0.027535855662,0.0,1,10,0.0015520632541456,0.017158149332785,-0.0156060860786393,relative_strength_20d,0.0,0.0,0.0,False,mktmind-qtm/data/marketmind_qml_dataset.csv,SPY
split_03_2019-03,42,2019-03-14,XLV,naive_momentum,-0.015314805531,,8,8,0.0079828112540509,0.017158149332785,-0.009175338078734,relative_strength_20d,0.0,0.0,0.0,False,mktmind-qtm/data/marketmind_qml_dataset.csv,SPY
split_03_2019-03,42,2019-03-14,XLY,naive_momentum,-0.017333020681,1.0,9,2,0.0367170477766785,0.017158149332785,0.0195588984438934,relative_strength_20d,0.0,0.0,0.0,False,mktmind-qtm/data/marketmind_qml_dataset.csv,SPY
split_03_2019-03,42,2019-03-21,XLB,naive_momentum,-0.018233430218,,8,8,-0.0175001164151118,-0.0141185652994353,-0.0033815511156765,relative_strength_20d,0.0,0.0,0.0,False,mktmind-qtm/data/marketmind_qml_dataset.csv,SPY
split_03_2019-03,42,2019-03-21,XLC,naive_momentum,0.016986420849,0.0,2,10,-0.022413197155375,-0.0141185652994353,-0.0082946318559397,relative_strength_20d,0.0,0.0,0.0,False,mktmind-qtm/data/marketmind_qml_dataset.csv,SPY
split_03_2019-03,42,2019-03-21,XLE,naive_momentum,0.003409207767,,5,6,-0.0159011980479485,-0.0141185652994353,-0.0017826327485132,relative_strength_20d,0.0,0.0,0.0,False,mktmind-qtm/data/marketmind_qml_dataset.csv,SPY
split_03_2019-03,42,2019-03-21,XLF,naive_momentum,-0.042454357512,,11,7,-0.0161166876696272,-0.0141185652994353,-0.0019981223701919,relative_strength_20d,0.0,0.0,0.0,False,mktmind-qtm/data/marketmind_qml_dataset.csv,SPY
split_03_2019-03,42,2019-03-21,XLI,naive_momentum,-0.039321254869,,10,4,-0.0054929166968353,-0.0141185652994353,0.0086256486025999,relative_strength_20d,0.0,0.0,0.0,False,mktmind-qtm/data/marketmind_qml_dataset.csv,SPY
split_03_2019-03,42,2019-03-21,XLK,naive_momentum,0.049166506974,0.0,1,11,-0.0241043123294748,-0.0141185652994353,-0.0099857470300395,relative_strength_20d,0.0,0.0,0.0,False,mktmind-qtm/data/marketmind_qml_dataset.csv,SPY
split_03_2019-03,42,2019-03-21,XLP,naive_momentum,-0.01693493395,1.0,7,1,0.0106981250861548,-0.0141185652994353,0.0248166903855902,relative_strength_20d,0.0,0.0,0.0,False,mktmind-qtm/data/marketmind_qml_dataset.csv,SPY
split_03_2019-03,42,2019-03-21,XLRE,naive_momentum,0.006287267311,1.0,3,2,0.0072284968706519,-0.0141185652994353,0.0213470621700873,relative_strength_20d,0.0,0.0,0.0,False,mktmind-qtm/data/marketmind_qml_dataset.csv,SPY
split_03_2019-03,42,2019-03-21,XLU,naive_momentum,0.00088686957,1.0,6,3,-0.0036163317787738,-0.0141185652994353,0.0105022335206614,relative_strength_20d,0.0,0.0,0.0,False,mktmind-qtm/data/marketmind_qml_dataset.csv,SPY
split_03_2019-03,42,2019-03-21,XLV,naive_momentum,-0.020689927955,0.0,9,9,-0.0177683016153865,-0.0141185652994353,-0.0036497363159512,relative_strength_20d,0.0,0.0,0.0,False,mktmind-qtm/data/marketmind_qml_dataset.csv,SPY
split_03_2019-03,42,2019-03-21,XLY,naive_momentum,0.003594786359,,4,5,-0.0058809179229466,-0.0141185652994353,0.0082376473764886,relative_strength_20d,0.0,0.0,0.0,False,mktmind-qtm/data/marketmind_qml_dataset.csv,SPY
split_03_2019-03,42,2019-03-28,XLB,naive_momentum,-0.007949303936,1.0,8,1,0.0512540857613454,0.023048443693312,0.0282056420680334,relative_strength_20d,0.0,0.0,0.0,False,mktmind-qtm/data/marketmind_qml_dataset.csv,SPY
split_03_2019-03,42,2019-03-28,XLC,naive_momentum,0.006404246991,,7,4,0.032354789475268,0.023048443693312,0.0093063457819559,relative_strength_20d,0.0,0.0,0.0,False,mktmind-qtm/data/marketmind_qml_dataset.csv,SPY
split_03_2019-03,42,2019-03-28,XLE,naive_momentum,0.011104162895,,5,8,0.0033222341648939,0.023048443693312,-0.019726209528418,relative_strength_20d,0.0,0.0,0.0,False,mktmind-qtm/data/marketmind_qml_dataset.csv,SPY
split_03_2019-03,42,2019-03-28,XLF,naive_momentum,-0.039968430434,1.0,11,2,0.0358813944516078,0.023048443693312,0.0128329507582958,relative_strength_20d,0.0,0.0,0.0,False,mktmind-qtm/data/marketmind_qml_dataset.csv,SPY
split_03_2019-03,42,2019-03-28,XLI,naive_momentum,-0.033756481521,1.0,10,3,0.0344875730783631,0.023048443693312,0.011439129385051,relative_strength_20d,0.0,0.0,0.0,False,mktmind-qtm/data/marketmind_qml_dataset.csv,SPY
split_03_2019-03,42,2019-03-28,XLK,naive_momentum,0.025771556085,,2,6,0.0311134221560882,0.023048443693312,0.0080649784627762,relative_strength_20d,0.0,0.0,0.0,False,mktmind-qtm/data/marketmind_qml_dataset.csv,SPY
split_03_2019-03,42,2019-03-28,XLP,naive_momentum,0.019662455583,0.0,3,11,-0.0060996435916841,0.023048443693312,-0.0291480872849961,relative_strength_20d,0.0,0.0,0.0,False,mktmind-qtm/data/marketmind_qml_dataset.csv,SPY
split_03_2019-03,42,2019-03-28,XLRE,naive_momentum,0.038050213639,0.0,1,9,0.0011040494211675,0.023048443693312,-0.0219443942721444,relative_strength_20d,0.0,0.0,0.0,False,mktmind-qtm/data/marketmind_qml_dataset.csv,SPY
split_03_2019-03,42,2019-03-28,XLU,naive_momentum,0.010715206453,0.0,6,10,-0.0051846576177154,0.023048443693312,-0.0282331013110275,relative_strength_20d,0.0,0.0,0.0,False,mktmind-qtm/data/marketmind_qml_dataset.csv,SPY
split_03_2019-03,42,2019-03-28,XLV,naive_momentum,-0.018839926676,,9,7,0.0078320609354098,0.023048443693312,-0.0152163827579021,relative_strength_20d,0.0,0.0,0.0,False,mktmind-qtm/data/marketmind_qml_dataset.csv,SPY
split_03_2019-03,42,2019-03-28,XLY,naive_momentum,0.019459840251,,4,5,0.0315205351949474,0.023048443693312,0.0084720915016354,relative_strength_20d,0.0,0.0,0.0,False,mktmind-qtm/data/marketmind_qml_dataset.csv,SPY
split_03_2019-03,42,2019-03-07,XLB,logistic_regression,0.131267697293,,5,8,0.0170205993570424,0.0223630746533487,-0.0053424752963062,"ret_1d,weekday_cos,month_sin,month_cos",0.0015830420015845448,8.712499402463436e-05,5.0,False,mktmind-qtm/data/marketmind_qml_dataset.csv,SPY
split_03_2019-03,42,2019-03-07,XLC,logistic_regression,0.141367865918,,4,5,0.020346180552236,0.0223630746533487,-0.0020168941011127,"ret_1d,weekday_cos,month_sin,month_cos",0.0015830420015845448,8.712499402463436e-05,5.0,False,mktmind-qtm/data/marketmind_qml_dataset.csv,SPY
split_03_2019-03,42,2019-03-07,XLE,logistic_regression,0.095648458475,0.0,9,9,0.0142811490794461,0.0223630746533487,-0.0080819255739026,"ret_1d,weekday_cos,month_sin,month_cos",0.0015830420015845448,8.712499402463436e-05,5.0,False,mktmind-qtm/data/marketmind_qml_dataset.csv,SPY
split_03_2019-03,42,2019-03-07,XLF,logistic_regression,0.165315431241,,2,4,0.0230949660393913,0.0223630746533487,0.0007318913860425,"ret_1d,weekday_cos,month_sin,month_cos",0.0015830420015845448,8.712499402463436e-05,5.0,False,mktmind-qtm/data/marketmind_qml_dataset.csv,SPY
split_03_2019-03,42,2019-03-07,XLI,logistic_regression,0.09656562197,0.0,8,11,0.003493779623078,0.0223630746533487,-0.0188692950302706,"ret_1d,weekday_cos,month_sin,month_cos",0.0015830420015845448,8.712499402463436e-05,5.0,False,mktmind-qtm/data/marketmind_qml_dataset.csv,SPY
split_03_2019-03,42,2019-03-07,XLK,logistic_regression,0.152762263101,1.0,3,1,0.0362360164962334,0.0223630746533487,0.0138729418428846,"ret_1d,weekday_cos,month_sin,month_cos",0.0015830420015845448,8.712499402463436e-05,5.0,False,mktmind-qtm/data/marketmind_qml_dataset.csv,SPY
split_03_2019-03,42,2019-03-07,XLP,logistic_regression,0.104078942469,,7,6,0.018815043632181,0.0223630746533487,-0.0035480310211677,"ret_1d,weekday_cos,month_sin,month_cos",0.0015830420015845448,8.712499402463436e-05,5.0,False,mktmind-qtm/data/marketmind_qml_dataset.csv,SPY
split_03_2019-03,42,2019-03-07,XLRE,logistic_regression,0.013768136543,1.0,10,2,0.0293187383288855,0.0223630746533487,0.0069556636755367,"ret_1d,weekday_cos,month_sin,month_cos",0.0015830420015845448,8.712499402463436e-05,5.0,False,mktmind-qtm/data/marketmind_qml_dataset.csv,SPY
split_03_2019-03,42,2019-03-07,XLU,logistic_regression,-0.053536611442,,11,7,0.0184831114297239,0.0223630746533487,-0.0038799632236248,"ret_1d,weekday_cos,month_sin,month_cos",0.0015830420015845448,8.712499402463436e-05,5.0,False,mktmind-qtm/data/marketmind_qml_dataset.csv,SPY
split_03_2019-03,42,2019-03-07,XLV,logistic_regression,0.12635058629,1.0,6,3,0.0258957828192645,0.0223630746533487,0.0035327081659157,"ret_1d,weekday_cos,month_sin,month_cos",0.0015830420015845448,8.712499402463436e-05,5.0,False,mktmind-qtm/data/marketmind_qml_dataset.csv,SPY
split_03_2019-03,42,2019-03-07,XLY,logistic_regression,0.194901193094,0.0,1,10,0.0100761609137276,0.0223630746533487,-0.012286913739621,"ret_1d,weekday_cos,month_sin,month_cos",0.0015830420015845448,8.712499402463436e-05,5.0,False,mktmind-qtm/data/marketmind_qml_dataset.csv,SPY
split_03_2019-03,42,2019-03-14,XLB,logistic_regression,0.120544911526,,1,6,0.0120908712026925,0.017158149332785,-0.0050672781300924,"ret_1d,weekday_cos,month_sin,month_cos",0.0015830420015845448,8.712499402463436e-05,5.0,False,mktmind-qtm/data/marketmind_qml_dataset.csv,SPY
split_03_2019-03,42,2019-03-14,XLC,logistic_regression,0.071236204874,,2,4,0.0145145884175832,0.017158149332785,-0.0026435609152017,"ret_1d,weekday_cos,month_sin,month_cos",0.0015830420015845448,8.712499402463436e-05,5.0,False,mktmind-qtm/data/marketmind_qml_dataset.csv,SPY
split_03_2019-03,42,2019-03-14,XLE,logistic_regression,-0.017141774492,1.0,8,3,0.0267638920378505,0.017158149332785,0.0096057427050655,"ret_1d,weekday_cos,month_sin,month_cos",0.0015830420015845448,8.712499402463436e-05,5.0,False,mktmind-qtm/data/marketmind_qml_dataset.csv,SPY
split_03_2019-03,42,2019-03-14,XLF,logistic_regression,-0.060814429676,0.0,11,11,-0.0145586221388149,0.017158149332785,-0.0317167714716,"ret_1d,weekday_cos,month_sin,month_cos",0.0015830420015845448,8.712499402463436e-05,5.0,False,mktmind-qtm/data/marketmind_qml_dataset.csv,SPY
split_03_2019-03,42,2019-03-14,XLI,logistic_regression,0.053560740969,0.0,3,9,0.0052250721929676,0.017158149332785,-0.0119330771398173,"ret_1d,weekday_cos,month_sin,month_cos",0.0015830420015845448,8.712499402463436e-05,5.0,False,mktmind-qtm/data/marketmind_qml_dataset.csv,SPY
split_03_2019-03,42,2019-03-14,XLK,logistic_regression,-0.03349705473,1.0,9,1,0.0412246306586128,0.017158149332785,0.0240664813258277,"ret_1d,weekday_cos,month_sin,month_cos",0.0015830420015845448,8.712499402463436e-05,5.0,False,mktmind-qtm/data/marketmind_qml_dataset.csv,SPY
split_03_2019-03,42,2019-03-14,XLP,logistic_regression,0.014606012278,,6,5,0.0139359878828666,0.017158149332785,-0.0032221614499183,"ret_1d,weekday_cos,month_sin,month_cos",0.0015830420015845448,8.712499402463436e-05,5.0,False,mktmind-qtm/data/marketmind_qml_dataset.csv,SPY
split_03_2019-03,42,2019-03-14,XLRE,logistic_regression,-0.040598709532,,10,7,0.0102227119102669,0.017158149332785,-0.0069354374225181,"ret_1d,weekday_cos,month_sin,month_cos",0.0015830420015845448,8.712499402463436e-05,5.0,False,mktmind-qtm/data/marketmind_qml_dataset.csv,SPY
split_03_2019-03,42,2019-03-14,XLU,logistic_regression,0.002668388923,0.0,7,10,0.0015520632541456,0.017158149332785,-0.0156060860786393,"ret_1d,weekday_cos,month_sin,month_cos",0.0015830420015845448,8.712499402463436e-05,5.0,False,mktmind-qtm/data/marketmind_qml_dataset.csv,SPY
split_03_2019-03,42,2019-03-14,XLV,logistic_regression,0.026114711873,,5,8,0.0079828112540509,0.017158149332785,-0.009175338078734,"ret_1d,weekday_cos,month_sin,month_cos",0.0015830420015845448,8.712499402463436e-05,5.0,False,mktmind-qtm/data/marketmind_qml_dataset.csv,SPY
split_03_2019-03,42,2019-03-14,XLY,logistic_regression,0.047894431263,1.0,4,2,0.0367170477766785,0.017158149332785,0.0195588984438934,"ret_1d,weekday_cos,month_sin,month_cos",0.0015830420015845448,8.712499402463436e-05,5.0,False,mktmind-qtm/data/marketmind_qml_dataset.csv,SPY
split_03_2019-03,42,2019-03-21,XLB,logistic_regression,-0.171308625607,,6,8,-0.0175001164151118,-0.0141185652994353,-0.0033815511156765,"ret_1d,weekday_cos,month_sin,month_cos",0.0015830420015845448,8.712499402463436e-05,5.0,False,mktmind-qtm/data/marketmind_qml_dataset.csv,SPY
split_03_2019-03,42,2019-03-21,XLC,logistic_regression,-0.211670876176,0.0,8,10,-0.022413197155375,-0.0141185652994353,-0.0082946318559397,"ret_1d,weekday_cos,month_sin,month_cos",0.0015830420015845448,8.712499402463436e-05,5.0,False,mktmind-qtm/data/marketmind_qml_dataset.csv,SPY
split_03_2019-03,42,2019-03-21,XLE,logistic_regression,-0.11318922083,,3,6,-0.0159011980479485,-0.0141185652994353,-0.0017826327485132,"ret_1d,weekday_cos,month_sin,month_cos",0.0015830420015845448,8.712499402463436e-05,5.0,False,mktmind-qtm/data/marketmind_qml_dataset.csv,SPY
split_03_2019-03,42,2019-03-21,XLF,logistic_regression,0.049129714919,,1,7,-0.0161166876696272,-0.0141185652994353,-0.0019981223701919,"ret_1d,weekday_cos,month_sin,month_cos",0.0015830420015845448,8.712499402463436e-05,5.0,False,mktmind-qtm/data/marketmind_qml_dataset.csv,SPY
split_03_2019-03,42,2019-03-21,XLI,logistic_regression,-0.154513048171,,4,4,-0.0054929166968353,-0.0141185652994353,0.0086256486025999,"ret_1d,weekday_cos,month_sin,month_cos",0.0015830420015845448,8.712499402463436e-05,5.0,False,mktmind-qtm/data/marketmind_qml_dataset.csv,SPY
split_03_2019-03,42,2019-03-21,XLK,logistic_regression,-0.404017155445,0.0,11,11,-0.0241043123294748,-0.0141185652994353,-0.0099857470300395,"ret_1d,weekday_cos,month_sin,month_cos",0.0015830420015845448,8.712499402463436e-05,5.0,False,mktmind-qtm/data/marketmind_qml_dataset.csv,SPY
split_03_2019-03,42,2019-03-21,XLP,logistic_regression,-0.18888873785,1.0,7,1,0.0106981250861548,-0.0141185652994353,0.0248166903855902,"ret_1d,weekday_cos,month_sin,month_cos",0.0015830420015845448,8.712499402463436e-05,5.0,False,mktmind-qtm/data/marketmind_qml_dataset.csv,SPY
split_03_2019-03,42,2019-03-21,XLRE,logistic_regression,-0.286750859441,1.0,10,2,0.0072284968706519,-0.0141185652994353,0.0213470621700873,"ret_1d,weekday_cos,month_sin,month_cos",0.0015830420015845448,8.712499402463436e-05,5.0,False,mktmind-qtm/data/marketmind_qml_dataset.csv,SPY
split_03_2019-03,42,2019-03-21,XLU,logistic_regression,-0.170796250516,1.0,5,3,-0.0036163317787738,-0.0141185652994353,0.0105022335206614,"ret_1d,weekday_cos,month_sin,month_cos",0.0015830420015845448,8.712499402463436e-05,5.0,False,mktmind-qtm/data/marketmind_qml_dataset.csv,SPY
split_03_2019-03,42,2019-03-21,XLV,logistic_regression,-0.063047484544,0.0,2,9,-0.0177683016153865,-0.0141185652994353,-0.0036497363159512,"ret_1d,weekday_cos,month_sin,month_cos",0.0015830420015845448,8.712499402463436e-05,5.0,False,mktmind-qtm/data/marketmind_qml_dataset.csv,SPY
split_03_2019-03,42,2019-03-21,XLY,logistic_regression,-0.220427825664,,9,5,-0.0058809179229466,-0.0141185652994353,0.0082376473764886,"ret_1d,weekday_cos,month_sin,month_cos",0.0015830420015845448,8.712499402463436e-05,5.0,False,mktmind-qtm/data/marketmind_qml_dataset.csv,SPY
split_03_2019-03,42,2019-03-28,XLB,logistic_regression,-0.156493242425,1.0,11,1,0.0512540857613454,0.023048443693312,0.0282056420680334,"ret_1d,weekday_cos,month_sin,month_cos",0.0015830420015845448,8.712499402463436e-05,5.0,False,mktmind-qtm/data/marketmind_qml_dataset.csv,SPY
split_03_2019-03,42,2019-03-28,XLC,logistic_regression,0.037730997176,,2,4,0.032354789475268,0.023048443693312,0.0093063457819559,"ret_1d,weekday_cos,month_sin,month_cos",0.0015830420015845448,8.712499402463436e-05,5.0,False,mktmind-qtm/data/marketmind_qml_dataset.csv,SPY
split_03_2019-03,42,2019-03-28,XLE,logistic_regression,-0.061028439816,,4,8,0.0033222341648939,0.023048443693312,-0.019726209528418,"ret_1d,weekday_cos,month_sin,month_cos",0.0015830420015845448,8.712499402463436e-05,5.0,False,mktmind-qtm/data/marketmind_qml_dataset.csv,SPY
split_03_2019-03,42,2019-03-28,XLF,logistic_regression,-0.139257137948,1.0,10,2,0.0358813944516078,0.023048443693312,0.0128329507582958,"ret_1d,weekday_cos,month_sin,month_cos",0.0015830420015845448,8.712499402463436e-05,5.0,False,mktmind-qtm/data/marketmind_qml_dataset.csv,SPY
split_03_2019-03,42,2019-03-28,XLI,logistic_regression,-0.11791593024,1.0,8,3,0.0344875730783631,0.023048443693312,0.011439129385051,"ret_1d,weekday_cos,month_sin,month_cos",0.0015830420015845448,8.712499402463436e-05,5.0,False,mktmind-qtm/data/marketmind_qml_dataset.csv,SPY
split_03_2019-03,42,2019-03-28,XLK,logistic_regression,-0.066187994769,,5,6,0.0311134221560882,0.023048443693312,0.0080649784627762,"ret_1d,weekday_cos,month_sin,month_cos",0.0015830420015845448,8.712499402463436e-05,5.0,False,mktmind-qtm/data/marketmind_qml_dataset.csv,SPY
split_03_2019-03,42,2019-03-28,XLP,logistic_regression,-0.078359878196,0.0,6,11,-0.0060996435916841,0.023048443693312,-0.0291480872849961,"ret_1d,weekday_cos,month_sin,month_cos",0.0015830420015845448,8.712499402463436e-05,5.0,False,mktmind-qtm/data/marketmind_qml_dataset.csv,SPY
split_03_2019-03,42,2019-03-28,XLRE,logistic_regression,-0.134352142596,0.0,9,9,0.0011040494211675,0.023048443693312,-0.0219443942721444,"ret_1d,weekday_cos,month_sin,month_cos",0.0015830420015845448,8.712499402463436e-05,5.0,False,mktmind-qtm/data/marketmind_qml_dataset.csv,SPY
split_03_2019-03,42,2019-03-28,XLU,logistic_regression,0.189426282664,0.0,1,10,-0.0051846576177154,0.023048443693312,-0.0282331013110275,"ret_1d,weekday_cos,month_sin,month_cos",0.0015830420015845448,8.712499402463436e-05,5.0,False,mktmind-qtm/data/marketmind_qml_dataset.csv,SPY
split_03_2019-03,42,2019-03-28,XLV,logistic_regression,-0.040979003928,,3,7,0.0078320609354098,0.023048443693312,-0.0152163827579021,"ret_1d,weekday_cos,month_sin,month_cos",0.0015830420015845448,8.712499402463436e-05,5.0,False,mktmind-qtm/data/marketmind_qml_dataset.csv,SPY
split_03_2019-03,42,2019-03-28,XLY,logistic_regression,-0.097211893924,,7,5,0.0315205351949474,0.023048443693312,0.0084720915016354,"ret_1d,weekday_cos,month_sin,month_cos",0.0015830420015845448,8.712499402463436e-05,5.0,False,mktmind-qtm/data/marketmind_qml_dataset.csv,SPY
split_03_2019-03,42,2019-03-07,XLB,ridge_linear,0.065680551274,,5,8,0.0170205993570424,0.0223630746533487,-0.0053424752963062,"ret_1d,weekday_cos,month_sin,month_cos",0.001297999988310039,8.100000559352338e-05,5.0,False,mktmind-qtm/data/marketmind_qml_dataset.csv,SPY
split_03_2019-03,42,2019-03-07,XLC,ridge_linear,0.070716682339,,4,5,0.020346180552236,0.0223630746533487,-0.0020168941011127,"ret_1d,weekday_cos,month_sin,month_cos",0.001297999988310039,8.100000559352338e-05,5.0,False,mktmind-qtm/data/marketmind_qml_dataset.csv,SPY
split_03_2019-03,42,2019-03-07,XLE,ridge_linear,0.047920139367,0.0,9,9,0.0142811490794461,0.0223630746533487,-0.0080819255739026,"ret_1d,weekday_cos,month_sin,month_cos",0.001297999988310039,8.100000559352338e-05,5.0,False,mktmind-qtm/data/marketmind_qml_dataset.csv,SPY
split_03_2019-03,42,2019-03-07,XLF,ridge_linear,0.08265738176,,2,4,0.0230949660393913,0.0223630746533487,0.0007318913860425,"ret_1d,weekday_cos,month_sin,month_cos",0.001297999988310039,8.100000559352338e-05,5.0,False,mktmind-qtm/data/marketmind_qml_dataset.csv,SPY
split_03_2019-03,42,2019-03-07,XLI,ridge_linear,0.048377454065,0.0,8,11,0.003493779623078,0.0223630746533487,-0.0188692950302706,"ret_1d,weekday_cos,month_sin,month_cos",0.001297999988310039,8.100000559352338e-05,5.0,False,mktmind-qtm/data/marketmind_qml_dataset.csv,SPY
split_03_2019-03,42,2019-03-07,XLK,ridge_linear,0.076398139723,1.0,3,1,0.0362360164962334,0.0223630746533487,0.0138729418428846,"ret_1d,weekday_cos,month_sin,month_cos",0.001297999988310039,8.100000559352338e-05,5.0,False,mktmind-qtm/data/marketmind_qml_dataset.csv,SPY
split_03_2019-03,42,2019-03-07,XLP,ridge_linear,0.052123734763,,7,6,0.018815043632181,0.0223630746533487,-0.0035480310211677,"ret_1d,weekday_cos,month_sin,month_cos",0.001297999988310039,8.100000559352338e-05,5.0,False,mktmind-qtm/data/marketmind_qml_dataset.csv,SPY
split_03_2019-03,42,2019-03-07,XLRE,ridge_linear,0.007093094969,1.0,10,2,0.0293187383288855,0.0223630746533487,0.0069556636755367,"ret_1d,weekday_cos,month_sin,month_cos",0.001297999988310039,8.100000559352338e-05,5.0,False,mktmind-qtm/data/marketmind_qml_dataset.csv,SPY
split_03_2019-03,42,2019-03-07,XLU,ridge_linear,-0.026466298415,,11,7,0.0184831114297239,0.0223630746533487,-0.0038799632236248,"ret_1d,weekday_cos,month_sin,month_cos",0.001297999988310039,8.100000559352338e-05,5.0,False,mktmind-qtm/data/marketmind_qml_dataset.csv,SPY
split_03_2019-03,42,2019-03-07,XLV,ridge_linear,0.063228788696,1.0,6,3,0.0258957828192645,0.0223630746533487,0.0035327081659157,"ret_1d,weekday_cos,month_sin,month_cos",0.001297999988310039,8.100000559352338e-05,5.0,False,mktmind-qtm/data/marketmind_qml_dataset.csv,SPY
split_03_2019-03,42,2019-03-07,XLY,ridge_linear,0.097409390352,0.0,1,10,0.0100761609137276,0.0223630746533487,-0.012286913739621,"ret_1d,weekday_cos,month_sin,month_cos",0.001297999988310039,8.100000559352338e-05,5.0,False,mktmind-qtm/data/marketmind_qml_dataset.csv,SPY
split_03_2019-03,42,2019-03-14,XLB,ridge_linear,0.060333971776,,1,6,0.0120908712026925,0.017158149332785,-0.0050672781300924,"ret_1d,weekday_cos,month_sin,month_cos",0.001297999988310039,8.100000559352338e-05,5.0,False,mktmind-qtm/data/marketmind_qml_dataset.csv,SPY
split_03_2019-03,42,2019-03-14,XLC,ridge_linear,0.035747737768,,2,4,0.0145145884175832,0.017158149332785,-0.0026435609152017,"ret_1d,weekday_cos,month_sin,month_cos",0.001297999988310039,8.100000559352338e-05,5.0,False,mktmind-qtm/data/marketmind_qml_dataset.csv,SPY
split_03_2019-03,42,2019-03-14,XLE,ridge_linear,-0.00831915892,1.0,8,3,0.0267638920378505,0.017158149332785,0.0096057427050655,"ret_1d,weekday_cos,month_sin,month_cos",0.001297999988310039,8.100000559352338e-05,5.0,False,mktmind-qtm/data/marketmind_qml_dataset.csv,SPY
split_03_2019-03,42,2019-03-14,XLF,ridge_linear,-0.030095153324,0.0,11,11,-0.0145586221388149,0.017158149332785,-0.0317167714716,"ret_1d,weekday_cos,month_sin,month_cos",0.001297999988310039,8.100000559352338e-05,5.0,False,mktmind-qtm/data/marketmind_qml_dataset.csv,SPY
split_03_2019-03,42,2019-03-14,XLI,ridge_linear,0.026934424232,0.0,3,9,0.0052250721929676,0.017158149332785,-0.0119330771398173,"ret_1d,weekday_cos,month_sin,month_cos",0.001297999988310039,8.100000559352338e-05,5.0,False,mktmind-qtm/data/marketmind_qml_dataset.csv,SPY
split_03_2019-03,42,2019-03-14,XLK,ridge_linear,-0.016474204438,1.0,9,1,0.0412246306586128,0.017158149332785,0.0240664813258277,"ret_1d,weekday_cos,month_sin,month_cos",0.001297999988310039,8.100000559352338e-05,5.0,False,mktmind-qtm/data/marketmind_qml_dataset.csv,SPY
split_03_2019-03,42,2019-03-14,XLP,ridge_linear,0.007510875323,,6,5,0.0139359878828666,0.017158149332785,-0.0032221614499183,"ret_1d,weekday_cos,month_sin,month_cos",0.001297999988310039,8.100000559352338e-05,5.0,False,mktmind-qtm/data/marketmind_qml_dataset.csv,SPY
split_03_2019-03,42,2019-03-14,XLRE,ridge_linear,-0.020015220998,,10,7,0.0102227119102669,0.017158149332785,-0.0069354374225181,"ret_1d,weekday_cos,month_sin,month_cos",0.001297999988310039,8.100000559352338e-05,5.0,False,mktmind-qtm/data/marketmind_qml_dataset.csv,SPY
split_03_2019-03,42,2019-03-14,XLU,ridge_linear,0.001558555312,0.0,7,10,0.0015520632541456,0.017158149332785,-0.0156060860786393,"ret_1d,weekday_cos,month_sin,month_cos",0.001297999988310039,8.100000559352338e-05,5.0,False,mktmind-qtm/data/marketmind_qml_dataset.csv,SPY
split_03_2019-03,42,2019-03-14,XLV,ridge_linear,0.013249326006,,5,8,0.0079828112540509,0.017158149332785,-0.009175338078734,"ret_1d,weekday_cos,month_sin,month_cos",0.001297999988310039,8.100000559352338e-05,5.0,False,mktmind-qtm/data/marketmind_qml_dataset.csv,SPY
split_03_2019-03,42,2019-03-14,XLY,ridge_linear,0.02410909731,1.0,4,2,0.0367170477766785,0.017158149332785,0.0195588984438934,"ret_1d,weekday_cos,month_sin,month_cos",0.001297999988310039,8.100000559352338e-05,5.0,False,mktmind-qtm/data/marketmind_qml_dataset.csv,SPY
split_03_2019-03,42,2019-03-21,XLB,ridge_linear,-0.085189605037,,6,8,-0.0175001164151118,-0.0141185652994353,-0.0033815511156765,"ret_1d,weekday_cos,month_sin,month_cos",0.001297999988310039,8.100000559352338e-05,5.0,False,mktmind-qtm/data/marketmind_qml_dataset.csv,SPY
split_03_2019-03,42,2019-03-21,XLC,ridge_linear,-0.105314970412,0.0,8,10,-0.022413197155375,-0.0141185652994353,-0.0082946318559397,"ret_1d,weekday_cos,month_sin,month_cos",0.001297999988310039,8.100000559352338e-05,5.0,False,mktmind-qtm/data/marketmind_qml_dataset.csv,SPY
split_03_2019-03,42,2019-03-21,XLE,ridge_linear,-0.056210193828,,3,6,-0.0159011980479485,-0.0141185652994353,-0.0017826327485132,"ret_1d,weekday_cos,month_sin,month_cos",0.001297999988310039,8.100000559352338e-05,5.0,False,mktmind-qtm/data/marketmind_qml_dataset.csv,SPY
split_03_2019-03,42,2019-03-21,XLF,ridge_linear,0.02472503261,,1,7,-0.0161166876696272,-0.0141185652994353,-0.0019981223701919,"ret_1d,weekday_cos,month_sin,month_cos",0.001297999988310039,8.100000559352338e-05,5.0,False,mktmind-qtm/data/marketmind_qml_dataset.csv,SPY
split_03_2019-03,42,2019-03-21,XLI,ridge_linear,-0.076815019184,,4,4,-0.0054929166968353,-0.0141185652994353,0.0086256486025999,"ret_1d,weekday_cos,month_sin,month_cos",0.001297999988310039,8.100000559352338e-05,5.0,False,mktmind-qtm/data/marketmind_qml_dataset.csv,SPY
split_03_2019-03,42,2019-03-21,XLK,ridge_linear,-0.201222386238,0.0,11,11,-0.0241043123294748,-0.0141185652994353,-0.0099857470300395,"ret_1d,weekday_cos,month_sin,month_cos",0.001297999988310039,8.100000559352338e-05,5.0,False,mktmind-qtm/data/marketmind_qml_dataset.csv,SPY
split_03_2019-03,42,2019-03-21,XLP,ridge_linear,-0.093955374469,1.0,7,1,0.0106981250861548,-0.0141185652994353,0.0248166903855902,"ret_1d,weekday_cos,month_sin,month_cos",0.001297999988310039,8.100000559352338e-05,5.0,False,mktmind-qtm/data/marketmind_qml_dataset.csv,SPY
split_03_2019-03,42,2019-03-21,XLRE,ridge_linear,-0.142751240054,1.0,10,2,0.0072284968706519,-0.0141185652994353,0.0213470621700873,"ret_1d,weekday_cos,month_sin,month_cos",0.001297999988310039,8.100000559352338e-05,5.0,False,mktmind-qtm/data/marketmind_qml_dataset.csv,SPY
split_03_2019-03,42,2019-03-21,XLU,ridge_linear,-0.084934125331,1.0,5,3,-0.0036163317787738,-0.0141185652994353,0.0105022335206614,"ret_1d,weekday_cos,month_sin,month_cos",0.001297999988310039,8.100000559352338e-05,5.0,False,mktmind-qtm/data/marketmind_qml_dataset.csv,SPY
split_03_2019-03,42,2019-03-21,XLV,ridge_linear,-0.031208595822,0.0,2,9,-0.0177683016153865,-0.0141185652994353,-0.0036497363159512,"ret_1d,weekday_cos,month_sin,month_cos",0.001297999988310039,8.100000559352338e-05,5.0,False,mktmind-qtm/data/marketmind_qml_dataset.csv,SPY
split_03_2019-03,42,2019-03-21,XLY,ridge_linear,-0.109681347548,,9,5,-0.0058809179229466,-0.0141185652994353,0.0082376473764886,"ret_1d,weekday_cos,month_sin,month_cos",0.001297999988310039,8.100000559352338e-05,5.0,False,mktmind-qtm/data/marketmind_qml_dataset.csv,SPY
split_03_2019-03,42,2019-03-28,XLB,ridge_linear,-0.077802380699,1.0,11,1,0.0512540857613454,0.023048443693312,0.0282056420680334,"ret_1d,weekday_cos,month_sin,month_cos",0.001297999988310039,8.100000559352338e-05,5.0,False,mktmind-qtm/data/marketmind_qml_dataset.csv,SPY
split_03_2019-03,42,2019-03-28,XLC,ridge_linear,0.019041420915,,2,4,0.032354789475268,0.023048443693312,0.0093063457819559,"ret_1d,weekday_cos,month_sin,month_cos",0.001297999988310039,8.100000559352338e-05,5.0,False,mktmind-qtm/data/marketmind_qml_dataset.csv,SPY
split_03_2019-03,42,2019-03-28,XLE,ridge_linear,-0.030201862742,,4,8,0.0033222341648939,0.023048443693312,-0.019726209528418,"ret_1d,weekday_cos,month_sin,month_cos",0.001297999988310039,8.100000559352338e-05,5.0,False,mktmind-qtm/data/marketmind_qml_dataset.csv,SPY
split_03_2019-03,42,2019-03-28,XLF,ridge_linear,-0.069208139909,1.0,10,2,0.0358813944516078,0.023048443693312,0.0128329507582958,"ret_1d,weekday_cos,month_sin,month_cos",0.001297999988310039,8.100000559352338e-05,5.0,False,mktmind-qtm/data/marketmind_qml_dataset.csv,SPY
split_03_2019-03,42,2019-03-28,XLI,ridge_linear,-0.058567018647,1.0,8,3,0.0344875730783631,0.023048443693312,0.011439129385051,"ret_1d,weekday_cos,month_sin,month_cos",0.001297999988310039,8.100000559352338e-05,5.0,False,mktmind-qtm/data/marketmind_qml_dataset.csv,SPY
split_03_2019-03,42,2019-03-28,XLK,ridge_linear,-0.032774512362,,5,6,0.0311134221560882,0.023048443693312,0.0080649784627762,"ret_1d,weekday_cos,month_sin,month_cos",0.001297999988310039,8.100000559352338e-05,5.0,False,mktmind-qtm/data/marketmind_qml_dataset.csv,SPY
split_03_2019-03,42,2019-03-28,XLP,ridge_linear,-0.038843638782,0.0,6,11,-0.0060996435916841,0.023048443693312,-0.0291480872849961,"ret_1d,weekday_cos,month_sin,month_cos",0.001297999988310039,8.100000559352338e-05,5.0,False,mktmind-qtm/data/marketmind_qml_dataset.csv,SPY
split_03_2019-03,42,2019-03-28,XLRE,ridge_linear,-0.066762418418,0.0,9,9,0.0011040494211675,0.023048443693312,-0.0219443942721444,"ret_1d,weekday_cos,month_sin,month_cos",0.001297999988310039,8.100000559352338e-05,5.0,False,mktmind-qtm/data/marketmind_qml_dataset.csv,SPY
split_03_2019-03,42,2019-03-28,XLU,ridge_linear,0.094679498653,0.0,1,10,-0.0051846576177154,0.023048443693312,-0.0282331013110275,"ret_1d,weekday_cos,month_sin,month_cos",0.001297999988310039,8.100000559352338e-05,5.0,False,mktmind-qtm/data/marketmind_qml_dataset.csv,SPY
split_03_2019-03,42,2019-03-28,XLV,ridge_linear,-0.020204842825,,3,7,0.0078320609354098,0.023048443693312,-0.0152163827579021,"ret_1d,weekday_cos,month_sin,month_cos",0.001297999988310039,8.100000559352338e-05,5.0,False,mktmind-qtm/data/marketmind_qml_dataset.csv,SPY
split_03_2019-03,42,2019-03-28,XLY,ridge_linear,-0.048243602838,,7,5,0.0315205351949474,0.023048443693312,0.0084720915016354,"ret_1d,weekday_cos,month_sin,month_cos",0.001297999988310039,8.100000559352338e-05,5.0,False,mktmind-qtm/data/marketmind_qml_dataset.csv,SPY
split_03_2019-03,42,2019-03-07,XLB,random_forest,0.479226658043,,11,8,0.0170205993570424,0.0223630746533487,-0.0053424752963062,"ret_1d,weekday_cos,month_sin,month_cos",0.09944070799974725,0.002901166008086875,,False,mktmind-qtm/data/marketmind_qml_dataset.csv,SPY
split_03_2019-03,42,2019-03-07,XLC,random_forest,0.503863789357,,4,5,0.020346180552236,0.0223630746533487,-0.0020168941011127,"ret_1d,weekday_cos,month_sin,month_cos",0.09944070799974725,0.002901166008086875,,False,mktmind-qtm/data/marketmind_qml_dataset.csv,SPY
split_03_2019-03,42,2019-03-07,XLE,random_forest,0.500281384639,0.0,5,9,0.0142811490794461,0.0223630746533487,-0.0080819255739026,"ret_1d,weekday_cos,month_sin,month_cos",0.09944070799974725,0.002901166008086875,,False,mktmind-qtm/data/marketmind_qml_dataset.csv,SPY
split_03_2019-03,42,2019-03-07,XLF,random_forest,0.498030906404,,6,4,0.0230949660393913,0.0223630746533487,0.0007318913860425,"ret_1d,weekday_cos,month_sin,month_cos",0.09944070799974725,0.002901166008086875,,False,mktmind-qtm/data/marketmind_qml_dataset.csv,SPY
split_03_2019-03,42,2019-03-07,XLI,random_forest,0.486369290071,0.0,8,11,0.003493779623078,0.0223630746533487,-0.0188692950302706,"ret_1d,weekday_cos,month_sin,month_cos",0.09944070799974725,0.002901166008086875,,False,mktmind-qtm/data/marketmind_qml_dataset.csv,SPY
split_03_2019-03,42,2019-03-07,XLK,random_forest,0.497545499571,1.0,7,1,0.0362360164962334,0.0223630746533487,0.0138729418428846,"ret_1d,weekday_cos,month_sin,month_cos",0.09944070799974725,0.002901166008086875,,False,mktmind-qtm/data/marketmind_qml_dataset.csv,SPY
split_03_2019-03,42,2019-03-07,XLP,random_forest,0.483201423368,,10,6,0.018815043632181,0.0223630746533487,-0.0035480310211677,"ret_1d,weekday_cos,month_sin,month_cos",0.09944070799974725,0.002901166008086875,,False,mktmind-qtm/data/marketmind_qml_dataset.csv,SPY
split_03_2019-03,42,2019-03-07,XLRE,random_forest,0.535431236637,1.0,2,2,0.0293187383288855,0.0223630746533487,0.0069556636755367,"ret_1d,weekday_cos,month_sin,month_cos",0.09944070799974725,0.002901166008086875,,False,mktmind-qtm/data/marketmind_qml_dataset.csv,SPY
split_03_2019-03,42,2019-03-07,XLU,random_forest,0.558773994442,,1,7,0.0184831114297239,0.0223630746533487,-0.0038799632236248,"ret_1d,weekday_cos,month_sin,month_cos",0.09944070799974725,0.002901166008086875,,False,mktmind-qtm/data/marketmind_qml_dataset.csv,SPY
split_03_2019-03,42,2019-03-07,XLV,random_forest,0.48509257983,1.0,9,3,0.0258957828192645,0.0223630746533487,0.0035327081659157,"ret_1d,weekday_cos,month_sin,month_cos",0.09944070799974725,0.002901166008086875,,False,mktmind-qtm/data/marketmind_qml_dataset.csv,SPY
split_03_2019-03,42,2019-03-07,XLY,random_forest,0.522862495538,0.0,3,10,0.0100761609137276,0.0223630746533487,-0.012286913739621,"ret_1d,weekday_cos,month_sin,month_cos",0.09944070799974725,0.002901166008086875,,False,mktmind-qtm/data/marketmind_qml_dataset.csv,SPY
split_03_2019-03,42,2019-03-14,XLB,random_forest,0.483201423368,,11,6,0.0120908712026925,0.017158149332785,-0.0050672781300924,"ret_1d,weekday_cos,month_sin,month_cos",0.09944070799974725,0.002901166008086875,,False,mktmind-qtm/data/marketmind_qml_dataset.csv,SPY
split_03_2019-03,42,2019-03-14,XLC,random_forest,0.506058728144,,10,4,0.0145145884175832,0.017158149332785,-0.0026435609152017,"ret_1d,weekday_cos,month_sin,month_cos",0.09944070799974725,0.002901166008086875,,False,mktmind-qtm/data/marketmind_qml_dataset.csv,SPY
split_03_2019-03,42,2019-03-14,XLE,random_forest,0.536066863694,1.0,4,3,0.0267638920378505,0.017158149332785,0.0096057427050655,"ret_1d,weekday_cos,month_sin,month_cos",0.09944070799974725,0.002901166008086875,,False,mktmind-qtm/data/marketmind_qml_dataset.csv,SPY
split_03_2019-03,42,2019-03-14,XLF,random_forest,0.558773994442,0.0,1,11,-0.0145586221388149,0.017158149332785,-0.0317167714716,"ret_1d,weekday_cos,month_sin,month_cos",0.09944070799974725,0.002901166008086875,,False,mktmind-qtm/data/marketmind_qml_dataset.csv,SPY
split_03_2019-03,42,2019-03-14,XLI,random_forest,0.533803675385,0.0,6,9,0.0052250721929676,0.017158149332785,-0.0119330771398173,"ret_1d,weekday_cos,month_sin,month_cos",0.09944070799974725,0.002901166008086875,,False,mktmind-qtm/data/marketmind_qml_dataset.csv,SPY
split_03_2019-03,42,2019-03-14,XLK,random_forest,0.547743037161,1.0,3,1,0.0412246306586128,0.017158149332785,0.0240664813258277,"ret_1d,weekday_cos,month_sin,month_cos",0.09944070799974725,0.002901166008086875,,False,mktmind-qtm/data/marketmind_qml_dataset.csv,SPY
split_03_2019-03,42,2019-03-14,XLP,random_forest,0.532973161842,,8,5,0.0139359878828666,0.017158149332785,-0.0032221614499183,"ret_1d,weekday_cos,month_sin,month_cos",0.09944070799974725,0.002901166008086875,,False,mktmind-qtm/data/marketmind_qml_dataset.csv,SPY
split_03_2019-03,42,2019-03-14,XLRE,random_forest,0.552162836392,,2,7,0.0102227119102669,0.017158149332785,-0.0069354374225181,"ret_1d,weekday_cos,month_sin,month_cos",0.09944070799974725,0.002901166008086875,,False,mktmind-qtm/data/marketmind_qml_dataset.csv,SPY
split_03_2019-03,42,2019-03-14,XLU,random_forest,0.535431236637,0.0,5,10,0.0015520632541456,0.017158149332785,-0.0156060860786393,"ret_1d,weekday_cos,month_sin,month_cos",0.09944070799974725,0.002901166008086875,,False,mktmind-qtm/data/marketmind_qml_dataset.csv,SPY
split_03_2019-03,42,2019-03-14,XLV,random_forest,0.530223182459,,9,8,0.0079828112540509,0.017158149332785,-0.009175338078734,"ret_1d,weekday_cos,month_sin,month_cos",0.09944070799974725,0.002901166008086875,,False,mktmind-qtm/data/marketmind_qml_dataset.csv,SPY
split_03_2019-03,42,2019-03-14,XLY,random_forest,0.533803675385,1.0,7,2,0.0367170477766785,0.017158149332785,0.0195588984438934,"ret_1d,weekday_cos,month_sin,month_cos",0.09944070799974725,0.002901166008086875,,False,mktmind-qtm/data/marketmind_qml_dataset.csv,SPY
split_03_2019-03,42,2019-03-21,XLB,random_forest,0.559446702533,,3,8,-0.0175001164151118,-0.0141185652994353,-0.0033815511156765,"ret_1d,weekday_cos,month_sin,month_cos",0.09944070799974725,0.002901166008086875,,False,mktmind-qtm/data/marketmind_qml_dataset.csv,SPY
split_03_2019-03,42,2019-03-21,XLC,random_forest,0.594521492804,0.0,1,10,-0.022413197155375,-0.0141185652994353,-0.0082946318559397,"ret_1d,weekday_cos,month_sin,month_cos",0.09944070799974725,0.002901166008086875,,False,mktmind-qtm/data/marketmind_qml_dataset.csv,SPY
split_03_2019-03,42,2019-03-21,XLE,random_forest,0.493729397167,,8,6,-0.0159011980479485,-0.0141185652994353,-0.0017826327485132,"ret_1d,weekday_cos,month_sin,month_cos",0.09944070799974725,0.002901166008086875,,False,mktmind-qtm/data/marketmind_qml_dataset.csv,SPY
split_03_2019-03,42,2019-03-21,XLF,random_forest,0.533803675385,,6,7,-0.0161166876696272,-0.0141185652994353,-0.0019981223701919,"ret_1d,weekday_cos,month_sin,month_cos",0.09944070799974725,0.002901166008086875,,False,mktmind-qtm/data/marketmind_qml_dataset.csv,SPY
split_03_2019-03,42,2019-03-21,XLI,random_forest,0.490393113207,,9,4,-0.0054929166968353,-0.0141185652994353,0.0086256486025999,"ret_1d,weekday_cos,month_sin,month_cos",0.09944070799974725,0.002901166008086875,,False,mktmind-qtm/data/marketmind_qml_dataset.csv,SPY
split_03_2019-03,42,2019-03-21,XLK,random_forest,0.326094338934,0.0,11,11,-0.0241043123294748,-0.0141185652994353,-0.0099857470300395,"ret_1d,weekday_cos,month_sin,month_cos",0.09944070799974725,0.002901166008086875,,False,mktmind-qtm/data/marketmind_qml_dataset.csv,SPY
split_03_2019-03,42,2019-03-21,XLP,random_forest,0.579141673792,1.0,2,1,0.0106981250861548,-0.0141185652994353,0.0248166903855902,"ret_1d,weekday_cos,month_sin,month_cos",0.09944070799974725,0.002901166008086875,,False,mktmind-qtm/data/marketmind_qml_dataset.csv,SPY
split_03_2019-03,42,2019-03-21,XLRE,random_forest,0.360404461535,1.0,10,2,0.0072284968706519,-0.0141185652994353,0.0213470621700873,"ret_1d,weekday_cos,month_sin,month_cos",0.09944070799974725,0.002901166008086875,,False,mktmind-qtm/data/marketmind_qml_dataset.csv,SPY
split_03_2019-03,42,2019-03-21,XLU,random_forest,0.559446702533,1.0,4,3,-0.0036163317787738,-0.0141185652994353,0.0105022335206614,"ret_1d,weekday_cos,month_sin,month_cos",0.09944070799974725,0.002901166008086875,,False,mktmind-qtm/data/marketmind_qml_dataset.csv,SPY
split_03_2019-03,42,2019-03-21,XLV,random_forest,0.556050200981,0.0,5,9,-0.0177683016153865,-0.0141185652994353,-0.0036497363159512,"ret_1d,weekday_cos,month_sin,month_cos",0.09944070799974725,0.002901166008086875,,False,mktmind-qtm/data/marketmind_qml_dataset.csv,SPY
split_03_2019-03,42,2019-03-21,XLY,random_forest,0.51487332253,,7,5,-0.0058809179229466,-0.0141185652994353,0.0082376473764886,"ret_1d,weekday_cos,month_sin,month_cos",0.09944070799974725,0.002901166008086875,,False,mktmind-qtm/data/marketmind_qml_dataset.csv,SPY
split_03_2019-03,42,2019-03-28,XLB,random_forest,0.490393113207,1.0,11,1,0.0512540857613454,0.023048443693312,0.0282056420680334,"ret_1d,weekday_cos,month_sin,month_cos",0.09944070799974725,0.002901166008086875,,False,mktmind-qtm/data/marketmind_qml_dataset.csv,SPY
split_03_2019-03,42,2019-03-28,XLC,random_forest,0.534651487337,,4,4,0.032354789475268,0.023048443693312,0.0093063457819559,"ret_1d,weekday_cos,month_sin,month_cos",0.09944070799974725,0.002901166008086875,,False,mktmind-qtm/data/marketmind_qml_dataset.csv,SPY
split_03_2019-03,42,2019-03-28,XLE,random_forest,0.558773994442,,1,8,0.0033222341648939,0.023048443693312,-0.019726209528418,"ret_1d,weekday_cos,month_sin,month_cos",0.09944070799974725,0.002901166008086875,,False,mktmind-qtm/data/marketmind_qml_dataset.csv,SPY
split_03_2019-03,42,2019-03-28,XLF,random_forest,0.495388167609,1.0,9,2,0.0358813944516078,0.023048443693312,0.0128329507582958,"ret_1d,weekday_cos,month_sin,month_cos",0.09944070799974725,0.002901166008086875,,False,mktmind-qtm/data/marketmind_qml_dataset.csv,SPY
split_03_2019-03,42,2019-03-28,XLI,random_forest,0.500172696136,1.0,8,3,0.0344875730783631,0.023048443693312,0.011439129385051,"ret_1d,weekday_cos,month_sin,month_cos",0.09944070799974725,0.002901166008086875,,False,mktmind-qtm/data/marketmind_qml_dataset.csv,SPY
split_03_2019-03,42,2019-03-28,XLK,random_forest,0.542244728939,,3,6,0.0311134221560882,0.023048443693312,0.0080649784627762,"ret_1d,weekday_cos,month_sin,month_cos",0.09944070799974725,0.002901166008086875,,False,mktmind-qtm/data/marketmind_qml_dataset.csv,SPY
split_03_2019-03,42,2019-03-28,XLP,random_forest,0.51273170717,0.0,7,11,-0.0060996435916841,0.023048443693312,-0.0291480872849961,"ret_1d,weekday_cos,month_sin,month_cos",0.09944070799974725,0.002901166008086875,,False,mktmind-qtm/data/marketmind_qml_dataset.csv,SPY
split_03_2019-03,42,2019-03-28,XLRE,random_forest,0.495388167609,0.0,10,9,0.0011040494211675,0.023048443693312,-0.0219443942721444,"ret_1d,weekday_cos,month_sin,month_cos",0.09944070799974725,0.002901166008086875,,False,mktmind-qtm/data/marketmind_qml_dataset.csv,SPY
split_03_2019-03,42,2019-03-28,XLU,random_forest,0.520226200069,0.0,5,10,-0.0051846576177154,0.023048443693312,-0.0282331013110275,"ret_1d,weekday_cos,month_sin,month_cos",0.09944070799974725,0.002901166008086875,,False,mktmind-qtm/data/marketmind_qml_dataset.csv,SPY
split_03_2019-03,42,2019-03-28,XLV,random_forest,0.552162836392,,2,7,0.0078320609354098,0.023048443693312,-0.0152163827579021,"ret_1d,weekday_cos,month_sin,month_cos",0.09944070799974725,0.002901166008086875,,False,mktmind-qtm/data/marketmind_qml_dataset.csv,SPY
split_03_2019-03,42,2019-03-28,XLY,random_forest,0.51910479089,,6,5,0.0315205351949474,0.023048443693312,0.0084720915016354,"ret_1d,weekday_cos,month_sin,month_cos",0.09944070799974725,0.002901166008086875,,False,mktmind-qtm/data/marketmind_qml_dataset.csv,SPY
split_03_2019-03,42,2019-03-07,XLB,rbf_svm,0.958662114855,,5,8,0.0170205993570424,0.0223630746533487,-0.0053424752963062,"ret_1d,weekday_cos,month_sin,month_cos",0.002259000000776723,0.0007829169917386025,,False,mktmind-qtm/data/marketmind_qml_dataset.csv,SPY
split_03_2019-03,42,2019-03-07,XLC,rbf_svm,0.940919250117,,6,5,0.020346180552236,0.0223630746533487,-0.0020168941011127,"ret_1d,weekday_cos,month_sin,month_cos",0.002259000000776723,0.0007829169917386025,,False,mktmind-qtm/data/marketmind_qml_dataset.csv,SPY
split_03_2019-03,42,2019-03-07,XLE,rbf_svm,0.996363349314,0.0,1,9,0.0142811490794461,0.0223630746533487,-0.0080819255739026,"ret_1d,weekday_cos,month_sin,month_cos",0.002259000000776723,0.0007829169917386025,,False,mktmind-qtm/data/marketmind_qml_dataset.csv,SPY
split_03_2019-03,42,2019-03-07,XLF,rbf_svm,0.887225074634,,9,4,0.0230949660393913,0.0223630746533487,0.0007318913860425,"ret_1d,weekday_cos,month_sin,month_cos",0.002259000000776723,0.0007829169917386025,,False,mktmind-qtm/data/marketmind_qml_dataset.csv,SPY
split_03_2019-03,42,2019-03-07,XLI,rbf_svm,0.99589394702,0.0,2,11,0.003493779623078,0.0223630746533487,-0.0188692950302706,"ret_1d,weekday_cos,month_sin,month_cos",0.002259000000776723,0.0007829169917386025,,False,mktmind-qtm/data/marketmind_qml_dataset.csv,SPY
split_03_2019-03,42,2019-03-07,XLK,rbf_svm,0.917356521321,1.0,8,1,0.0362360164962334,0.0223630746533487,0.0138729418428846,"ret_1d,weekday_cos,month_sin,month_cos",0.002259000000776723,0.0007829169917386025,,False,mktmind-qtm/data/marketmind_qml_dataset.csv,SPY
split_03_2019-03,42,2019-03-07,XLP,rbf_svm,0.991036074884,,3,6,0.018815043632181,0.0223630746533487,-0.0035480310211677,"ret_1d,weekday_cos,month_sin,month_cos",0.002259000000776723,0.0007829169917386025,,False,mktmind-qtm/data/marketmind_qml_dataset.csv,SPY
split_03_2019-03,42,2019-03-07,XLRE,rbf_svm,0.928910062035,1.0,7,2,0.0293187383288855,0.0223630746533487,0.0069556636755367,"ret_1d,weekday_cos,month_sin,month_cos",0.002259000000776723,0.0007829169917386025,,False,mktmind-qtm/data/marketmind_qml_dataset.csv,SPY
split_03_2019-03,42,2019-03-07,XLU,rbf_svm,0.722937576256,,11,7,0.0184831114297239,0.0223630746533487,-0.0038799632236248,"ret_1d,weekday_cos,month_sin,month_cos",0.002259000000776723,0.0007829169917386025,,False,mktmind-qtm/data/marketmind_qml_dataset.csv,SPY
split_03_2019-03,42,2019-03-07,XLV,rbf_svm,0.966200385782,1.0,4,3,0.0258957828192645,0.0223630746533487,0.0035327081659157,"ret_1d,weekday_cos,month_sin,month_cos",0.002259000000776723,0.0007829169917386025,,False,mktmind-qtm/data/marketmind_qml_dataset.csv,SPY
split_03_2019-03,42,2019-03-07,XLY,rbf_svm,0.800291489942,0.0,10,10,0.0100761609137276,0.0223630746533487,-0.012286913739621,"ret_1d,weekday_cos,month_sin,month_cos",0.002259000000776723,0.0007829169917386025,,False,mktmind-qtm/data/marketmind_qml_dataset.csv,SPY
split_03_2019-03,42,2019-03-14,XLB,rbf_svm,0.9741559654,,4,6,0.0120908712026925,0.017158149332785,-0.0050672781300924,"ret_1d,weekday_cos,month_sin,month_cos",0.002259000000776723,0.0007829169917386025,,False,mktmind-qtm/data/marketmind_qml_dataset.csv,SPY
split_03_2019-03,42,2019-03-14,XLC,rbf_svm,0.998870175917,,1,4,0.0145145884175832,0.017158149332785,-0.0026435609152017,"ret_1d,weekday_cos,month_sin,month_cos",0.002259000000776723,0.0007829169917386025,,False,mktmind-qtm/data/marketmind_qml_dataset.csv,SPY
split_03_2019-03,42,2019-03-14,XLE,rbf_svm,0.849411765301,1.0,8,3,0.0267638920378505,0.017158149332785,0.0096057427050655,"ret_1d,weekday_cos,month_sin,month_cos",0.002259000000776723,0.0007829169917386025,,False,mktmind-qtm/data/marketmind_qml_dataset.csv,SPY
split_03_2019-03,42,2019-03-14,XLF,rbf_svm,0.693898838876,0.0,11,11,-0.0145586221388149,0.017158149332785,-0.0317167714716,"ret_1d,weekday_cos,month_sin,month_cos",0.002259000000776723,0.0007829169917386025,,False,mktmind-qtm/data/marketmind_qml_dataset.csv,SPY
split_03_2019-03,42,2019-03-14,XLI,rbf_svm,0.988605157596,0.0,2,9,0.0052250721929676,0.017158149332785,-0.0119330771398173,"ret_1d,weekday_cos,month_sin,month_cos",0.002259000000776723,0.0007829169917386025,,False,mktmind-qtm/data/marketmind_qml_dataset.csv,SPY
split_03_2019-03,42,2019-03-14,XLK,rbf_svm,0.796654950507,1.0,9,1,0.0412246306586128,0.017158149332785,0.0240664813258277,"ret_1d,weekday_cos,month_sin,month_cos",0.002259000000776723,0.0007829169917386025,,False,mktmind-qtm/data/marketmind_qml_dataset.csv,SPY
split_03_2019-03,42,2019-03-14,XLP,rbf_svm,0.930674944814,,6,5,0.0139359878828666,0.017158149332785,-0.0032221614499183,"ret_1d,weekday_cos,month_sin,month_cos",0.002259000000776723,0.0007829169917386025,,False,mktmind-qtm/data/marketmind_qml_dataset.csv,SPY
split_03_2019-03,42,2019-03-14,XLRE,rbf_svm,0.771624545159,,10,7,0.0102227119102669,0.017158149332785,-0.0069354374225181,"ret_1d,weekday_cos,month_sin,month_cos",0.002259000000776723,0.0007829169917386025,,False,mktmind-qtm/data/marketmind_qml_dataset.csv,SPY
split_03_2019-03,42,2019-03-14,XLU,rbf_svm,0.903546106475,0.0,7,10,0.0015520632541456,0.017158149332785,-0.0156060860786393,"ret_1d,weekday_cos,month_sin,month_cos",0.002259000000776723,0.0007829169917386025,,False,mktmind-qtm/data/marketmind_qml_dataset.csv,SPY
split_03_2019-03,42,2019-03-14,XLV,rbf_svm,0.95274553842,,5,8,0.0079828112540509,0.017158149332785,-0.009175338078734,"ret_1d,weekday_cos,month_sin,month_cos",0.002259000000776723,0.0007829169917386025,,False,mktmind-qtm/data/marketmind_qml_dataset.csv,SPY
split_03_2019-03,42,2019-03-14,XLY,rbf_svm,0.983172424522,1.0,3,2,0.0367170477766785,0.017158149332785,0.0195588984438934,"ret_1d,weekday_cos,month_sin,month_cos",0.002259000000776723,0.0007829169917386025,,False,mktmind-qtm/data/marketmind_qml_dataset.csv,SPY
split_03_2019-03,42,2019-03-21,XLB,rbf_svm,0.156367252781,,6,8,-0.0175001164151118,-0.0141185652994353,-0.0033815511156765,"ret_1d,weekday_cos,month_sin,month_cos",0.002259000000776723,0.0007829169917386025,,False,mktmind-qtm/data/marketmind_qml_dataset.csv,SPY
split_03_2019-03,42,2019-03-21,XLC,rbf_svm,-0.054513240683,0.0,8,10,-0.022413197155375,-0.0141185652994353,-0.0082946318559397,"ret_1d,weekday_cos,month_sin,month_cos",0.002259000000776723,0.0007829169917386025,,False,mktmind-qtm/data/marketmind_qml_dataset.csv,SPY
split_03_2019-03,42,2019-03-21,XLE,rbf_svm,0.456119118095,,3,6,-0.0159011980479485,-0.0141185652994353,-0.0017826327485132,"ret_1d,weekday_cos,month_sin,month_cos",0.002259000000776723,0.0007829169917386025,,False,mktmind-qtm/data/marketmind_qml_dataset.csv,SPY
split_03_2019-03,42,2019-03-21,XLF,rbf_svm,0.984444987983,,1,7,-0.0161166876696272,-0.0141185652994353,-0.0019981223701919,"ret_1d,weekday_cos,month_sin,month_cos",0.002259000000776723,0.0007829169917386025,,False,mktmind-qtm/data/marketmind_qml_dataset.csv,SPY
split_03_2019-03,42,2019-03-21,XLI,rbf_svm,0.244763808507,,4,4,-0.0054929166968353,-0.0141185652994353,0.0086256486025999,"ret_1d,weekday_cos,month_sin,month_cos",0.002259000000776723,0.0007829169917386025,,False,mktmind-qtm/data/marketmind_qml_dataset.csv,SPY
split_03_2019-03,42,2019-03-21,XLK,rbf_svm,-0.738806856488,0.0,11,11,-0.0241043123294748,-0.0141185652994353,-0.0099857470300395,"ret_1d,weekday_cos,month_sin,month_cos",0.002259000000776723,0.0007829169917386025,,False,mktmind-qtm/data/marketmind_qml_dataset.csv,SPY
split_03_2019-03,42,2019-03-21,XLP,rbf_svm,0.063804899973,1.0,7,1,0.0106981250861548,-0.0141185652994353,0.0248166903855902,"ret_1d,weekday_cos,month_sin,month_cos",0.002259000000776723,0.0007829169917386025,,False,mktmind-qtm/data/marketmind_qml_dataset.csv,SPY
split_03_2019-03,42,2019-03-21,XLRE,rbf_svm,-0.406526249475,1.0,10,2,0.0072284968706519,-0.0141185652994353,0.0213470621700873,"ret_1d,weekday_cos,month_sin,month_cos",0.002259000000776723,0.0007829169917386025,,False,mktmind-qtm/data/marketmind_qml_dataset.csv,SPY
split_03_2019-03,42,2019-03-21,XLU,rbf_svm,0.15906936507,1.0,5,3,-0.0036163317787738,-0.0141185652994353,0.0105022335206614,"ret_1d,weekday_cos,month_sin,month_cos",0.002259000000776723,0.0007829169917386025,,False,mktmind-qtm/data/marketmind_qml_dataset.csv,SPY
split_03_2019-03,42,2019-03-21,XLV,rbf_svm,0.684762882573,0.0,2,9,-0.0177683016153865,-0.0141185652994353,-0.0036497363159512,"ret_1d,weekday_cos,month_sin,month_cos",0.002259000000776723,0.0007829169917386025,,False,mktmind-qtm/data/marketmind_qml_dataset.csv,SPY
split_03_2019-03,42,2019-03-21,XLY,rbf_svm,-0.099080185986,,9,5,-0.0058809179229466,-0.0141185652994353,0.0082376473764886,"ret_1d,weekday_cos,month_sin,month_cos",0.002259000000776723,0.0007829169917386025,,False,mktmind-qtm/data/marketmind_qml_dataset.csv,SPY
split_03_2019-03,42,2019-03-28,XLB,rbf_svm,0.234374823274,1.0,11,1,0.0512540857613454,0.023048443693312,0.0282056420680334,"ret_1d,weekday_cos,month_sin,month_cos",0.002259000000776723,0.0007829169917386025,,False,mktmind-qtm/data/marketmind_qml_dataset.csv,SPY
split_03_2019-03,42,2019-03-28,XLC,rbf_svm,0.970845869528,,1,4,0.032354789475268,0.023048443693312,0.0093063457819559,"ret_1d,weekday_cos,month_sin,month_cos",0.002259000000776723,0.0007829169917386025,,False,mktmind-qtm/data/marketmind_qml_dataset.csv,SPY
split_03_2019-03,42,2019-03-28,XLE,rbf_svm,0.693027784033,,4,8,0.0033222341648939,0.023048443693312,-0.019726209528418,"ret_1d,weekday_cos,month_sin,month_cos",0.002259000000776723,0.0007829169917386025,,False,mktmind-qtm/data/marketmind_qml_dataset.csv,SPY
split_03_2019-03,42,2019-03-28,XLF,rbf_svm,0.324229092817,1.0,10,2,0.0358813944516078,0.023048443693312,0.0128329507582958,"ret_1d,weekday_cos,month_sin,month_cos",0.002259000000776723,0.0007829169917386025,,False,mktmind-qtm/data/marketmind_qml_dataset.csv,SPY
split_03_2019-03,42,2019-03-28,XLI,rbf_svm,0.432690263854,1.0,8,3,0.0344875730783631,0.023048443693312,0.011439129385051,"ret_1d,weekday_cos,month_sin,month_cos",0.002259000000776723,0.0007829169917386025,,False,mktmind-qtm/data/marketmind_qml_dataset.csv,SPY
split_03_2019-03,42,2019-03-28,XLK,rbf_svm,0.671740485071,,5,6,0.0311134221560882,0.023048443693312,0.0080649784627762,"ret_1d,weekday_cos,month_sin,month_cos",0.002259000000776723,0.0007829169917386025,,False,mktmind-qtm/data/marketmind_qml_dataset.csv,SPY
split_03_2019-03,42,2019-03-28,XLP,rbf_svm,0.619439631366,0.0,6,11,-0.0060996435916841,0.023048443693312,-0.0291480872849961,"ret_1d,weekday_cos,month_sin,month_cos",0.002259000000776723,0.0007829169917386025,,False,mktmind-qtm/data/marketmind_qml_dataset.csv,SPY
split_03_2019-03,42,2019-03-28,XLRE,rbf_svm,0.349489929711,0.0,9,9,0.0011040494211675,0.023048443693312,-0.0219443942721444,"ret_1d,weekday_cos,month_sin,month_cos",0.002259000000776723,0.0007829169917386025,,False,mktmind-qtm/data/marketmind_qml_dataset.csv,SPY
split_03_2019-03,42,2019-03-28,XLU,rbf_svm,0.817953063959,0.0,2,10,-0.0051846576177154,0.023048443693312,-0.0282331013110275,"ret_1d,weekday_cos,month_sin,month_cos",0.002259000000776723,0.0007829169917386025,,False,mktmind-qtm/data/marketmind_qml_dataset.csv,SPY
split_03_2019-03,42,2019-03-28,XLV,rbf_svm,0.77024943456,,3,7,0.0078320609354098,0.023048443693312,-0.0152163827579021,"ret_1d,weekday_cos,month_sin,month_cos",0.002259000000776723,0.0007829169917386025,,False,mktmind-qtm/data/marketmind_qml_dataset.csv,SPY
split_03_2019-03,42,2019-03-28,XLY,rbf_svm,0.533271727014,,7,5,0.0315205351949474,0.023048443693312,0.0084720915016354,"ret_1d,weekday_cos,month_sin,month_cos",0.002259000000776723,0.0007829169917386025,,False,mktmind-qtm/data/marketmind_qml_dataset.csv,SPY
split_03_2019-03,42,2019-03-07,XLB,small_mlp,0.462682028082,,5,8,0.0170205993570424,0.0223630746533487,-0.0053424752963062,"ret_1d,weekday_cos,month_sin,month_cos",0.007768916984787211,0.00010666702291928232,25.0,False,mktmind-qtm/data/marketmind_qml_dataset.csv,SPY
split_03_2019-03,42,2019-03-07,XLC,small_mlp,0.463510468033,,4,5,0.020346180552236,0.0223630746533487,-0.0020168941011127,"ret_1d,weekday_cos,month_sin,month_cos",0.007768916984787211,0.00010666702291928232,25.0,False,mktmind-qtm/data/marketmind_qml_dataset.csv,SPY
split_03_2019-03,42,2019-03-07,XLE,small_mlp,0.459760078747,0.0,9,9,0.0142811490794461,0.0223630746533487,-0.0080819255739026,"ret_1d,weekday_cos,month_sin,month_cos",0.007768916984787211,0.00010666702291928232,25.0,False,mktmind-qtm/data/marketmind_qml_dataset.csv,SPY
split_03_2019-03,42,2019-03-07,XLF,small_mlp,0.465472955244,,2,4,0.0230949660393913,0.0223630746533487,0.0007318913860425,"ret_1d,weekday_cos,month_sin,month_cos",0.007768916984787211,0.00010666702291928232,25.0,False,mktmind-qtm/data/marketmind_qml_dataset.csv,SPY
split_03_2019-03,42,2019-03-07,XLI,small_mlp,0.459835284651,0.0,8,11,0.003493779623078,0.0223630746533487,-0.0188692950302706,"ret_1d,weekday_cos,month_sin,month_cos",0.007768916984787211,0.00010666702291928232,25.0,False,mktmind-qtm/data/marketmind_qml_dataset.csv,SPY
split_03_2019-03,42,2019-03-07,XLK,small_mlp,0.464444623037,1.0,3,1,0.0362360164962334,0.0223630746533487,0.0138729418428846,"ret_1d,weekday_cos,month_sin,month_cos",0.007768916984787211,0.00010666702291928232,25.0,False,mktmind-qtm/data/marketmind_qml_dataset.csv,SPY
split_03_2019-03,42,2019-03-07,XLP,small_mlp,0.460451474549,,7,6,0.018815043632181,0.0223630746533487,-0.0035480310211677,"ret_1d,weekday_cos,month_sin,month_cos",0.007768916984787211,0.00010666702291928232,25.0,False,mktmind-qtm/data/marketmind_qml_dataset.csv,SPY
split_03_2019-03,42,2019-03-07,XLRE,small_mlp,0.453074112389,1.0,10,2,0.0293187383288855,0.0223630746533487,0.0069556636755367,"ret_1d,weekday_cos,month_sin,month_cos",0.007768916984787211,0.00010666702291928232,25.0,False,mktmind-qtm/data/marketmind_qml_dataset.csv,SPY
split_03_2019-03,42,2019-03-07,XLU,small_mlp,0.44765837075,,11,7,0.0184831114297239,0.0223630746533487,-0.0038799632236248,"ret_1d,weekday_cos,month_sin,month_cos",0.007768916984787211,0.00010666702291928232,25.0,False,mktmind-qtm/data/marketmind_qml_dataset.csv,SPY
split_03_2019-03,42,2019-03-07,XLV,small_mlp,0.462278635745,1.0,6,3,0.0258957828192645,0.0223630746533487,0.0035327081659157,"ret_1d,weekday_cos,month_sin,month_cos",0.007768916984787211,0.00010666702291928232,25.0,False,mktmind-qtm/data/marketmind_qml_dataset.csv,SPY
split_03_2019-03,42,2019-03-07,XLY,small_mlp,0.467891311724,0.0,1,10,0.0100761609137276,0.0223630746533487,-0.012286913739621,"ret_1d,weekday_cos,month_sin,month_cos",0.007768916984787211,0.00010666702291928232,25.0,False,mktmind-qtm/data/marketmind_qml_dataset.csv,SPY
split_03_2019-03,42,2019-03-14,XLB,small_mlp,0.461802315887,,1,6,0.0120908712026925,0.017158149332785,-0.0050672781300924,"ret_1d,weekday_cos,month_sin,month_cos",0.007768916984787211,0.00010666702291928232,25.0,False,mktmind-qtm/data/marketmind_qml_dataset.csv,SPY
split_03_2019-03,42,2019-03-14,XLC,small_mlp,0.457759935017,,2,4,0.0145145884175832,0.017158149332785,-0.0026435609152017,"ret_1d,weekday_cos,month_sin,month_cos",0.007768916984787211,0.00010666702291928232,25.0,False,mktmind-qtm/data/marketmind_qml_dataset.csv,SPY
split_03_2019-03,42,2019-03-14,XLE,small_mlp,0.450574835895,1.0,8,3,0.0267638920378505,0.017158149332785,0.0096057427050655,"ret_1d,weekday_cos,month_sin,month_cos",0.007768916984787211,0.00010666702291928232,25.0,False,mktmind-qtm/data/marketmind_qml_dataset.csv,SPY
split_03_2019-03,42,2019-03-14,XLF,small_mlp,0.447079125735,0.0,11,11,-0.0145586221388149,0.017158149332785,-0.0317167714716,"ret_1d,weekday_cos,month_sin,month_cos",0.007768916984787211,0.00010666702291928232,25.0,False,mktmind-qtm/data/marketmind_qml_dataset.csv,SPY
split_03_2019-03,42,2019-03-14,XLI,small_mlp,0.456314554825,0.0,3,9,0.0052250721929676,0.017158149332785,-0.0119330771398173,"ret_1d,weekday_cos,month_sin,month_cos",0.007768916984787211,0.00010666702291928232,25.0,False,mktmind-qtm/data/marketmind_qml_dataset.csv,SPY
split_03_2019-03,42,2019-03-14,XLK,small_mlp,0.449260342043,1.0,9,1,0.0412246306586128,0.017158149332785,0.0240664813258277,"ret_1d,weekday_cos,month_sin,month_cos",0.007768916984787211,0.00010666702291928232,25.0,False,mktmind-qtm/data/marketmind_qml_dataset.csv,SPY
split_03_2019-03,42,2019-03-14,XLP,small_mlp,0.453142102959,,6,5,0.0139359878828666,0.017158149332785,-0.0032221614499183,"ret_1d,weekday_cos,month_sin,month_cos",0.007768916984787211,0.00010666702291928232,25.0,False,mktmind-qtm/data/marketmind_qml_dataset.csv,SPY
split_03_2019-03,42,2019-03-14,XLRE,small_mlp,0.448691496351,,10,7,0.0102227119102669,0.017158149332785,-0.0069354374225181,"ret_1d,weekday_cos,month_sin,month_cos",0.007768916984787211,0.00010666702291928232,25.0,False,mktmind-qtm/data/marketmind_qml_dataset.csv,SPY
split_03_2019-03,42,2019-03-14,XLU,small_mlp,0.452174552878,0.0,7,10,0.0015520632541456,0.017158149332785,-0.0156060860786393,"ret_1d,weekday_cos,month_sin,month_cos",0.007768916984787211,0.00010666702291928232,25.0,False,mktmind-qtm/data/marketmind_qml_dataset.csv,SPY
split_03_2019-03,42,2019-03-14,XLV,small_mlp,0.454077137045,,5,8,0.0079828112540509,0.017158149332785,-0.009175338078734,"ret_1d,weekday_cos,month_sin,month_cos",0.007768916984787211,0.00010666702291928232,25.0,False,mktmind-qtm/data/marketmind_qml_dataset.csv,SPY
split_03_2019-03,42,2019-03-14,XLY,small_mlp,0.455851867939,1.0,4,2,0.0367170477766785,0.017158149332785,0.0195588984438934,"ret_1d,weekday_cos,month_sin,month_cos",0.007768916984787211,0.00010666702291928232,25.0,False,mktmind-qtm/data/marketmind_qml_dataset.csv,SPY
split_03_2019-03,42,2019-03-21,XLB,small_mlp,0.438487997174,,6,8,-0.0175001164151118,-0.0141185652994353,-0.0033815511156765,"ret_1d,weekday_cos,month_sin,month_cos",0.007768916984787211,0.00010666702291928232,25.0,False,mktmind-qtm/data/marketmind_qml_dataset.csv,SPY
split_03_2019-03,42,2019-03-21,XLC,small_mlp,0.43546193986,0.0,8,10,-0.022413197155375,-0.0141185652994353,-0.0082946318559397,"ret_1d,weekday_cos,month_sin,month_cos",0.007768916984787211,0.00010666702291928232,25.0,False,mktmind-qtm/data/marketmind_qml_dataset.csv,SPY
split_03_2019-03,42,2019-03-21,XLE,small_mlp,0.442955876296,,3,6,-0.0159011980479485,-0.0141185652994353,-0.0017826327485132,"ret_1d,weekday_cos,month_sin,month_cos",0.007768916984787211,0.00010666702291928232,25.0,False,mktmind-qtm/data/marketmind_qml_dataset.csv,SPY
split_03_2019-03,42,2019-03-21,XLF,small_mlp,0.455952705267,,1,7,-0.0161166876696272,-0.0141185652994353,-0.0019981223701919,"ret_1d,weekday_cos,month_sin,month_cos",0.007768916984787211,0.00010666702291928232,25.0,False,mktmind-qtm/data/marketmind_qml_dataset.csv,SPY
split_03_2019-03,42,2019-03-21,XLI,small_mlp,0.439766355852,,4,4,-0.0054929166968353,-0.0141185652994353,0.0086256486025999,"ret_1d,weekday_cos,month_sin,month_cos",0.007768916984787211,0.00010666702291928232,25.0,False,mktmind-qtm/data/marketmind_qml_dataset.csv,SPY
split_03_2019-03,42,2019-03-21,XLK,small_mlp,0.422058171079,0.0,11,11,-0.0241043123294748,-0.0141185652994353,-0.0099857470300395,"ret_1d,weekday_cos,month_sin,month_cos",0.007768916984787211,0.00010666702291928232,25.0,False,mktmind-qtm/data/marketmind_qml_dataset.csv,SPY
split_03_2019-03,42,2019-03-21,XLP,small_mlp,0.437161784626,1.0,7,1,0.0106981250861548,-0.0141185652994353,0.0248166903855902,"ret_1d,weekday_cos,month_sin,month_cos",0.007768916984787211,0.00010666702291928232,25.0,False,mktmind-qtm/data/marketmind_qml_dataset.csv,SPY
split_03_2019-03,42,2019-03-21,XLRE,small_mlp,0.430020661776,1.0,10,2,0.0072284968706519,-0.0141185652994353,0.0213470621700873,"ret_1d,weekday_cos,month_sin,month_cos",0.007768916984787211,0.00010666702291928232,25.0,False,mktmind-qtm/data/marketmind_qml_dataset.csv,SPY
split_03_2019-03,42,2019-03-21,XLU,small_mlp,0.438526834022,1.0,5,3,-0.0036163317787738,-0.0141185652994353,0.0105022335206614,"ret_1d,weekday_cos,month_sin,month_cos",0.007768916984787211,0.00010666702291928232,25.0,False,mktmind-qtm/data/marketmind_qml_dataset.csv,SPY
split_03_2019-03,42,2019-03-21,XLV,small_mlp,0.446901681598,0.0,2,9,-0.0177683016153865,-0.0141185652994353,-0.0036497363159512,"ret_1d,weekday_cos,month_sin,month_cos",0.007768916984787211,0.00010666702291928232,25.0,False,mktmind-qtm/data/marketmind_qml_dataset.csv,SPY
split_03_2019-03,42,2019-03-21,XLY,small_mlp,0.434814384621,,9,5,-0.0058809179229466,-0.0141185652994353,0.0082376473764886,"ret_1d,weekday_cos,month_sin,month_cos",0.007768916984787211,0.00010666702291928232,25.0,False,mktmind-qtm/data/marketmind_qml_dataset.csv,SPY
split_03_2019-03,42,2019-03-28,XLB,small_mlp,0.439615076428,1.0,11,1,0.0512540857613454,0.023048443693312,0.0282056420680334,"ret_1d,weekday_cos,month_sin,month_cos",0.007768916984787211,0.00010666702291928232,25.0,False,mktmind-qtm/data/marketmind_qml_dataset.csv,SPY
split_03_2019-03,42,2019-03-28,XLC,small_mlp,0.455022915068,,2,4,0.032354789475268,0.023048443693312,0.0093063457819559,"ret_1d,weekday_cos,month_sin,month_cos",0.007768916984787211,0.00010666702291928232,25.0,False,mktmind-qtm/data/marketmind_qml_dataset.csv,SPY
split_03_2019-03,42,2019-03-28,XLE,small_mlp,0.44706211407,,4,8,0.0033222341648939,0.023048443693312,-0.019726209528418,"ret_1d,weekday_cos,month_sin,month_cos",0.007768916984787211,0.00010666702291928232,25.0,False,mktmind-qtm/data/marketmind_qml_dataset.csv,SPY
split_03_2019-03,42,2019-03-28,XLF,small_mlp,0.440936746408,1.0,10,2,0.0358813944516078,0.023048443693312,0.0128329507582958,"ret_1d,weekday_cos,month_sin,month_cos",0.007768916984787211,0.00010666702291928232,25.0,False,mktmind-qtm/data/marketmind_qml_dataset.csv,SPY
split_03_2019-03,42,2019-03-28,XLI,small_mlp,0.442588021435,1.0,8,3,0.0344875730783631,0.023048443693312,0.011439129385051,"ret_1d,weekday_cos,month_sin,month_cos",0.007768916984787211,0.00010666702291928232,25.0,False,mktmind-qtm/data/marketmind_qml_dataset.csv,SPY
split_03_2019-03,42,2019-03-28,XLK,small_mlp,0.446652360407,,5,6,0.0311134221560882,0.023048443693312,0.0080649784627762,"ret_1d,weekday_cos,month_sin,month_cos",0.007768916984787211,0.00010666702291928232,25.0,False,mktmind-qtm/data/marketmind_qml_dataset.csv,SPY
split_03_2019-03,42,2019-03-28,XLP,small_mlp,0.445688676655,0.0,6,11,-0.0060996435916841,0.023048443693312,-0.0291480872849961,"ret_1d,weekday_cos,month_sin,month_cos",0.007768916984787211,0.00010666702291928232,25.0,False,mktmind-qtm/data/marketmind_qml_dataset.csv,SPY
split_03_2019-03,42,2019-03-28,XLRE,small_mlp,0.441314849009,0.0,9,9,0.0011040494211675,0.023048443693312,-0.0219443942721444,"ret_1d,weekday_cos,month_sin,month_cos",0.007768916984787211,0.00010666702291928232,25.0,False,mktmind-qtm/data/marketmind_qml_dataset.csv,SPY
split_03_2019-03,42,2019-03-28,XLU,small_mlp,0.467444479111,0.0,1,10,-0.0051846576177154,0.023048443693312,-0.0282331013110275,"ret_1d,weekday_cos,month_sin,month_cos",0.007768916984787211,0.00010666702291928232,25.0,False,mktmind-qtm/data/marketmind_qml_dataset.csv,SPY
split_03_2019-03,42,2019-03-28,XLV,small_mlp,0.44866106899,,3,7,0.0078320609354098,0.023048443693312,-0.0152163827579021,"ret_1d,weekday_cos,month_sin,month_cos",0.007768916984787211,0.00010666702291928232,25.0,False,mktmind-qtm/data/marketmind_qml_dataset.csv,SPY
split_03_2019-03,42,2019-03-28,XLY,small_mlp,0.444204760929,,7,5,0.0315205351949474,0.023048443693312,0.0084720915016354,"ret_1d,weekday_cos,month_sin,month_cos",0.007768916984787211,0.00010666702291928232,25.0,False,mktmind-qtm/data/marketmind_qml_dataset.csv,SPY
split_03_2019-03,42,2019-03-07,XLB,xgboost,0.459061354399,,5,8,0.0170205993570424,0.0223630746533487,-0.0053424752963062,"ret_1d,weekday_cos,month_sin,month_cos",0.007080375013174489,0.00042416699579916894,,False,mktmind-qtm/data/marketmind_qml_dataset.csv,SPY
split_03_2019-03,42,2019-03-07,XLC,xgboost,0.471172124147,,4,5,0.020346180552236,0.0223630746533487,-0.0020168941011127,"ret_1d,weekday_cos,month_sin,month_cos",0.007080375013174489,0.00042416699579916894,,False,mktmind-qtm/data/marketmind_qml_dataset.csv,SPY
split_03_2019-03,42,2019-03-07,XLE,xgboost,0.430069893599,0.0,8,9,0.0142811490794461,0.0223630746533487,-0.0080819255739026,"ret_1d,weekday_cos,month_sin,month_cos",0.007080375013174489,0.00042416699579916894,,False,mktmind-qtm/data/marketmind_qml_dataset.csv,SPY
split_03_2019-03,42,2019-03-07,XLF,xgboost,0.456937372684,,6,4,0.0230949660393913,0.0223630746533487,0.0007318913860425,"ret_1d,weekday_cos,month_sin,month_cos",0.007080375013174489,0.00042416699579916894,,False,mktmind-qtm/data/marketmind_qml_dataset.csv,SPY
split_03_2019-03,42,2019-03-07,XLI,xgboost,0.430069893599,0.0,9,11,0.003493779623078,0.0223630746533487,-0.0188692950302706,"ret_1d,weekday_cos,month_sin,month_cos",0.007080375013174489,0.00042416699579916894,,False,mktmind-qtm/data/marketmind_qml_dataset.csv,SPY
split_03_2019-03,42,2019-03-07,XLK,xgboost,0.456937372684,1.0,7,1,0.0362360164962334,0.0223630746533487,0.0138729418428846,"ret_1d,weekday_cos,month_sin,month_cos",0.007080375013174489,0.00042416699579916894,,False,mktmind-qtm/data/marketmind_qml_dataset.csv,SPY
split_03_2019-03,42,2019-03-07,XLP,xgboost,0.430069893599,,10,6,0.018815043632181,0.0223630746533487,-0.0035480310211677,"ret_1d,weekday_cos,month_sin,month_cos",0.007080375013174489,0.00042416699579916894,,False,mktmind-qtm/data/marketmind_qml_dataset.csv,SPY
split_03_2019-03,42,2019-03-07,XLRE,xgboost,0.549745500088,1.0,2,2,0.0293187383288855,0.0223630746533487,0.0069556636755367,"ret_1d,weekday_cos,month_sin,month_cos",0.007080375013174489,0.00042416699579916894,,False,mktmind-qtm/data/marketmind_qml_dataset.csv,SPY
split_03_2019-03,42,2019-03-07,XLU,xgboost,0.666570782661,,1,7,0.0184831114297239,0.0223630746533487,-0.0038799632236248,"ret_1d,weekday_cos,month_sin,month_cos",0.007080375013174489,0.00042416699579916894,,False,mktmind-qtm/data/marketmind_qml_dataset.csv,SPY
split_03_2019-03,42,2019-03-07,XLV,xgboost,0.430069893599,1.0,11,3,0.0258957828192645,0.0223630746533487,0.0035327081659157,"ret_1d,weekday_cos,month_sin,month_cos",0.007080375013174489,0.00042416699579916894,,False,mktmind-qtm/data/marketmind_qml_dataset.csv,SPY
split_03_2019-03,42,2019-03-07,XLY,xgboost,0.527019619942,0.0,3,10,0.0100761609137276,0.0223630746533487,-0.012286913739621,"ret_1d,weekday_cos,month_sin,month_cos",0.007080375013174489,0.00042416699579916894,,False,mktmind-qtm/data/marketmind_qml_dataset.csv,SPY
split_03_2019-03,42,2019-03-14,XLB,xgboost,0.430069893599,,11,6,0.0120908712026925,0.017158149332785,-0.0050672781300924,"ret_1d,weekday_cos,month_sin,month_cos",0.007080375013174489,0.00042416699579916894,,False,mktmind-qtm/data/marketmind_qml_dataset.csv,SPY
split_03_2019-03,42,2019-03-14,XLC,xgboost,0.454189628363,,10,4,0.0145145884175832,0.017158149332785,-0.0026435609152017,"ret_1d,weekday_cos,month_sin,month_cos",0.007080375013174489,0.00042416699579916894,,False,mktmind-qtm/data/marketmind_qml_dataset.csv,SPY
split_03_2019-03,42,2019-03-14,XLE,xgboost,0.549745500088,1.0,4,3,0.0267638920378505,0.017158149332785,0.0096057427050655,"ret_1d,weekday_cos,month_sin,month_cos",0.007080375013174489,0.00042416699579916894,,False,mktmind-qtm/data/marketmind_qml_dataset.csv,SPY
split_03_2019-03,42,2019-03-14,XLF,xgboost,0.666570782661,0.0,1,11,-0.0145586221388149,0.017158149332785,-0.0317167714716,"ret_1d,weekday_cos,month_sin,month_cos",0.007080375013174489,0.00042416699579916894,,False,mktmind-qtm/data/marketmind_qml_dataset.csv,SPY
split_03_2019-03,42,2019-03-14,XLI,xgboost,0.545917510986,0.0,8,9,0.0052250721929676,0.017158149332785,-0.0119330771398173,"ret_1d,weekday_cos,month_sin,month_cos",0.007080375013174489,0.00042416699579916894,,False,mktmind-qtm/data/marketmind_qml_dataset.csv,SPY
split_03_2019-03,42,2019-03-14,XLK,xgboost,0.554905951023,1.0,3,1,0.0412246306586128,0.017158149332785,0.0240664813258277,"ret_1d,weekday_cos,month_sin,month_cos",0.007080375013174489,0.00042416699579916894,,False,mktmind-qtm/data/marketmind_qml_dataset.csv,SPY
split_03_2019-03,42,2019-03-14,XLP,xgboost,0.549745500088,,5,5,0.0139359878828666,0.017158149332785,-0.0032221614499183,"ret_1d,weekday_cos,month_sin,month_cos",0.007080375013174489,0.00042416699579916894,,False,mktmind-qtm/data/marketmind_qml_dataset.csv,SPY
split_03_2019-03,42,2019-03-14,XLRE,xgboost,0.593407452106,,2,7,0.0102227119102669,0.017158149332785,-0.0069354374225181,"ret_1d,weekday_cos,month_sin,month_cos",0.007080375013174489,0.00042416699579916894,,False,mktmind-qtm/data/marketmind_qml_dataset.csv,SPY
split_03_2019-03,42,2019-03-14,XLU,xgboost,0.549745500088,0.0,6,10,0.0015520632541456,0.017158149332785,-0.0156060860786393,"ret_1d,weekday_cos,month_sin,month_cos",0.007080375013174489,0.00042416699579916894,,False,mktmind-qtm/data/marketmind_qml_dataset.csv,SPY
split_03_2019-03,42,2019-03-14,XLV,xgboost,0.549745500088,,7,8,0.0079828112540509,0.017158149332785,-0.009175338078734,"ret_1d,weekday_cos,month_sin,month_cos",0.007080375013174489,0.00042416699579916894,,False,mktmind-qtm/data/marketmind_qml_dataset.csv,SPY
split_03_2019-03,42,2019-03-14,XLY,xgboost,0.545917510986,1.0,9,2,0.0367170477766785,0.017158149332785,0.0195588984438934,"ret_1d,weekday_cos,month_sin,month_cos",0.007080375013174489,0.00042416699579916894,,False,mktmind-qtm/data/marketmind_qml_dataset.csv,SPY
split_03_2019-03,42,2019-03-21,XLB,xgboost,0.534986317158,,6,8,-0.0175001164151118,-0.0141185652994353,-0.0033815511156765,"ret_1d,weekday_cos,month_sin,month_cos",0.007080375013174489,0.00042416699579916894,,False,mktmind-qtm/data/marketmind_qml_dataset.csv,SPY
split_03_2019-03,42,2019-03-21,XLC,xgboost,0.71090978384,0.0,1,10,-0.022413197155375,-0.0141185652994353,-0.0082946318559397,"ret_1d,weekday_cos,month_sin,month_cos",0.007080375013174489,0.00042416699579916894,,False,mktmind-qtm/data/marketmind_qml_dataset.csv,SPY
split_03_2019-03,42,2019-03-21,XLE,xgboost,0.516938626766,,8,6,-0.0159011980479485,-0.0141185652994353,-0.0017826327485132,"ret_1d,weekday_cos,month_sin,month_cos",0.007080375013174489,0.00042416699579916894,,False,mktmind-qtm/data/marketmind_qml_dataset.csv,SPY
split_03_2019-03,42,2019-03-21,XLF,xgboost,0.545917510986,,5,7,-0.0161166876696272,-0.0141185652994353,-0.0019981223701919,"ret_1d,weekday_cos,month_sin,month_cos",0.007080375013174489,0.00042416699579916894,,False,mktmind-qtm/data/marketmind_qml_dataset.csv,SPY
split_03_2019-03,42,2019-03-21,XLI,xgboost,0.472408026457,,9,4,-0.0054929166968353,-0.0141185652994353,0.0086256486025999,"ret_1d,weekday_cos,month_sin,month_cos",0.007080375013174489,0.00042416699579916894,,False,mktmind-qtm/data/marketmind_qml_dataset.csv,SPY
split_03_2019-03,42,2019-03-21,XLK,xgboost,0.326173245907,0.0,11,11,-0.0241043123294748,-0.0141185652994353,-0.0099857470300395,"ret_1d,weekday_cos,month_sin,month_cos",0.007080375013174489,0.00042416699579916894,,False,mktmind-qtm/data/marketmind_qml_dataset.csv,SPY
split_03_2019-03,42,2019-03-21,XLP,xgboost,0.593249619007,1.0,4,1,0.0106981250861548,-0.0141185652994353,0.0248166903855902,"ret_1d,weekday_cos,month_sin,month_cos",0.007080375013174489,0.00042416699579916894,,False,mktmind-qtm/data/marketmind_qml_dataset.csv,SPY
split_03_2019-03,42,2019-03-21,XLRE,xgboost,0.355879247189,1.0,10,2,0.0072284968706519,-0.0141185652994353,0.0213470621700873,"ret_1d,weekday_cos,month_sin,month_cos",0.007080375013174489,0.00042416699579916894,,False,mktmind-qtm/data/marketmind_qml_dataset.csv,SPY
split_03_2019-03,42,2019-03-21,XLU,xgboost,0.534986317158,1.0,7,3,-0.0036163317787738,-0.0141185652994353,0.0105022335206614,"ret_1d,weekday_cos,month_sin,month_cos",0.007080375013174489,0.00042416699579916894,,False,mktmind-qtm/data/marketmind_qml_dataset.csv,SPY
split_03_2019-03,42,2019-03-21,XLV,xgboost,0.666570782661,0.0,3,9,-0.0177683016153865,-0.0141185652994353,-0.0036497363159512,"ret_1d,weekday_cos,month_sin,month_cos",0.007080375013174489,0.00042416699579916894,,False,mktmind-qtm/data/marketmind_qml_dataset.csv,SPY
split_03_2019-03,42,2019-03-21,XLY,xgboost,0.71090978384,,2,5,-0.0058809179229466,-0.0141185652994353,0.0082376473764886,"ret_1d,weekday_cos,month_sin,month_cos",0.007080375013174489,0.00042416699579916894,,False,mktmind-qtm/data/marketmind_qml_dataset.csv,SPY
split_03_2019-03,42,2019-03-28,XLB,xgboost,0.472408026457,1.0,8,1,0.0512540857613454,0.023048443693312,0.0282056420680334,"ret_1d,weekday_cos,month_sin,month_cos",0.007080375013174489,0.00042416699579916894,,False,mktmind-qtm/data/marketmind_qml_dataset.csv,SPY
split_03_2019-03,42,2019-03-28,XLC,xgboost,0.549745500088,,3,4,0.032354789475268,0.023048443693312,0.0093063457819559,"ret_1d,weekday_cos,month_sin,month_cos",0.007080375013174489,0.00042416699579916894,,False,mktmind-qtm/data/marketmind_qml_dataset.csv,SPY
split_03_2019-03,42,2019-03-28,XLE,xgboost,0.666570782661,,1,8,0.0033222341648939,0.023048443693312,-0.019726209528418,"ret_1d,weekday_cos,month_sin,month_cos",0.007080375013174489,0.00042416699579916894,,False,mktmind-qtm/data/marketmind_qml_dataset.csv,SPY
split_03_2019-03,42,2019-03-28,XLF,xgboost,0.472408026457,1.0,9,2,0.0358813944516078,0.023048443693312,0.0128329507582958,"ret_1d,weekday_cos,month_sin,month_cos",0.007080375013174489,0.00042416699579916894,,False,mktmind-qtm/data/marketmind_qml_dataset.csv,SPY
split_03_2019-03,42,2019-03-28,XLI,xgboost,0.472408026457,1.0,10,3,0.0344875730783631,0.023048443693312,0.011439129385051,"ret_1d,weekday_cos,month_sin,month_cos",0.007080375013174489,0.00042416699579916894,,False,mktmind-qtm/data/marketmind_qml_dataset.csv,SPY
split_03_2019-03,42,2019-03-28,XLK,xgboost,0.522883594036,,4,6,0.0311134221560882,0.023048443693312,0.0080649784627762,"ret_1d,weekday_cos,month_sin,month_cos",0.007080375013174489,0.00042416699579916894,,False,mktmind-qtm/data/marketmind_qml_dataset.csv,SPY
split_03_2019-03,42,2019-03-28,XLP,xgboost,0.516938626766,0.0,5,11,-0.0060996435916841,0.023048443693312,-0.0291480872849961,"ret_1d,weekday_cos,month_sin,month_cos",0.007080375013174489,0.00042416699579916894,,False,mktmind-qtm/data/marketmind_qml_dataset.csv,SPY
split_03_2019-03,42,2019-03-28,XLRE,xgboost,0.472408026457,0.0,11,9,0.0011040494211675,0.023048443693312,-0.0219443942721444,"ret_1d,weekday_cos,month_sin,month_cos",0.007080375013174489,0.00042416699579916894,,False,mktmind-qtm/data/marketmind_qml_dataset.csv,SPY
split_03_2019-03,42,2019-03-28,XLU,xgboost,0.493291288614,0.0,7,10,-0.0051846576177154,0.023048443693312,-0.0282331013110275,"ret_1d,weekday_cos,month_sin,month_cos",0.007080375013174489,0.00042416699579916894,,False,mktmind-qtm/data/marketmind_qml_dataset.csv,SPY
split_03_2019-03,42,2019-03-28,XLV,xgboost,0.593407452106,,2,7,0.0078320609354098,0.023048443693312,-0.0152163827579021,"ret_1d,weekday_cos,month_sin,month_cos",0.007080375013174489,0.00042416699579916894,,False,mktmind-qtm/data/marketmind_qml_dataset.csv,SPY
split_03_2019-03,42,2019-03-28,XLY,xgboost,0.516938626766,,6,5,0.0315205351949474,0.023048443693312,0.0084720915016354,"ret_1d,weekday_cos,month_sin,month_cos",0.007080375013174489,0.00042416699579916894,,False,mktmind-qtm/data/marketmind_qml_dataset.csv,SPY
split_03_2019-03,42,2019-03-07,XLB,pennylane_qnn,0.022791085541,,1,8,0.0170205993570424,0.0223630746533487,-0.0053424752963062,"ret_1d,weekday_cos,month_sin,month_cos",11.036288542003604,0.1280197910091374,13.0,False,mktmind-qtm/data/marketmind_qml_dataset.csv,SPY
split_03_2019-03,42,2019-03-07,XLC,pennylane_qnn,0.022791085541,,2,5,0.020346180552236,0.0223630746533487,-0.0020168941011127,"ret_1d,weekday_cos,month_sin,month_cos",11.036288542003604,0.1280197910091374,13.0,False,mktmind-qtm/data/marketmind_qml_dataset.csv,SPY
split_03_2019-03,42,2019-03-07,XLE,pennylane_qnn,0.022791085541,0.0,3,9,0.0142811490794461,0.0223630746533487,-0.0080819255739026,"ret_1d,weekday_cos,month_sin,month_cos",11.036288542003604,0.1280197910091374,13.0,False,mktmind-qtm/data/marketmind_qml_dataset.csv,SPY
split_03_2019-03,42,2019-03-07,XLF,pennylane_qnn,0.022791085541,,4,4,0.0230949660393913,0.0223630746533487,0.0007318913860425,"ret_1d,weekday_cos,month_sin,month_cos",11.036288542003604,0.1280197910091374,13.0,False,mktmind-qtm/data/marketmind_qml_dataset.csv,SPY
split_03_2019-03,42,2019-03-07,XLI,pennylane_qnn,0.022791085541,0.0,5,11,0.003493779623078,0.0223630746533487,-0.0188692950302706,"ret_1d,weekday_cos,month_sin,month_cos",11.036288542003604,0.1280197910091374,13.0,False,mktmind-qtm/data/marketmind_qml_dataset.csv,SPY
split_03_2019-03,42,2019-03-07,XLK,pennylane_qnn,0.022791085541,1.0,6,1,0.0362360164962334,0.0223630746533487,0.0138729418428846,"ret_1d,weekday_cos,month_sin,month_cos",11.036288542003604,0.1280197910091374,13.0,False,mktmind-qtm/data/marketmind_qml_dataset.csv,SPY
split_03_2019-03,42,2019-03-07,XLP,pennylane_qnn,0.022791085541,,7,6,0.018815043632181,0.0223630746533487,-0.0035480310211677,"ret_1d,weekday_cos,month_sin,month_cos",11.036288542003604,0.1280197910091374,13.0,False,mktmind-qtm/data/marketmind_qml_dataset.csv,SPY
split_03_2019-03,42,2019-03-07,XLRE,pennylane_qnn,0.022791085541,1.0,8,2,0.0293187383288855,0.0223630746533487,0.0069556636755367,"ret_1d,weekday_cos,month_sin,month_cos",11.036288542003604,0.1280197910091374,13.0,False,mktmind-qtm/data/marketmind_qml_dataset.csv,SPY
split_03_2019-03,42,2019-03-07,XLU,pennylane_qnn,0.022791085541,,9,7,0.0184831114297239,0.0223630746533487,-0.0038799632236248,"ret_1d,weekday_cos,month_sin,month_cos",11.036288542003604,0.1280197910091374,13.0,False,mktmind-qtm/data/marketmind_qml_dataset.csv,SPY
split_03_2019-03,42,2019-03-07,XLV,pennylane_qnn,0.022791085541,1.0,10,3,0.0258957828192645,0.0223630746533487,0.0035327081659157,"ret_1d,weekday_cos,month_sin,month_cos",11.036288542003604,0.1280197910091374,13.0,False,mktmind-qtm/data/marketmind_qml_dataset.csv,SPY
split_03_2019-03,42,2019-03-07,XLY,pennylane_qnn,0.022791085541,0.0,11,10,0.0100761609137276,0.0223630746533487,-0.012286913739621,"ret_1d,weekday_cos,month_sin,month_cos",11.036288542003604,0.1280197910091374,13.0,False,mktmind-qtm/data/marketmind_qml_dataset.csv,SPY
split_03_2019-03,42,2019-03-14,XLB,pennylane_qnn,0.022791085541,,1,6,0.0120908712026925,0.017158149332785,-0.0050672781300924,"ret_1d,weekday_cos,month_sin,month_cos",11.036288542003604,0.1280197910091374,13.0,False,mktmind-qtm/data/marketmind_qml_dataset.csv,SPY
split_03_2019-03,42,2019-03-14,XLC,pennylane_qnn,0.022791085541,,2,4,0.0145145884175832,0.017158149332785,-0.0026435609152017,"ret_1d,weekday_cos,month_sin,month_cos",11.036288542003604,0.1280197910091374,13.0,False,mktmind-qtm/data/marketmind_qml_dataset.csv,SPY
split_03_2019-03,42,2019-03-14,XLE,pennylane_qnn,0.022791085541,1.0,3,3,0.0267638920378505,0.017158149332785,0.0096057427050655,"ret_1d,weekday_cos,month_sin,month_cos",11.036288542003604,0.1280197910091374,13.0,False,mktmind-qtm/data/marketmind_qml_dataset.csv,SPY
split_03_2019-03,42,2019-03-14,XLF,pennylane_qnn,0.022791085541,0.0,4,11,-0.0145586221388149,0.017158149332785,-0.0317167714716,"ret_1d,weekday_cos,month_sin,month_cos",11.036288542003604,0.1280197910091374,13.0,False,mktmind-qtm/data/marketmind_qml_dataset.csv,SPY
split_03_2019-03,42,2019-03-14,XLI,pennylane_qnn,0.022791085541,0.0,5,9,0.0052250721929676,0.017158149332785,-0.0119330771398173,"ret_1d,weekday_cos,month_sin,month_cos",11.036288542003604,0.1280197910091374,13.0,False,mktmind-qtm/data/marketmind_qml_dataset.csv,SPY
split_03_2019-03,42,2019-03-14,XLK,pennylane_qnn,0.022791085541,1.0,6,1,0.0412246306586128,0.017158149332785,0.0240664813258277,"ret_1d,weekday_cos,month_sin,month_cos",11.036288542003604,0.1280197910091374,13.0,False,mktmind-qtm/data/marketmind_qml_dataset.csv,SPY
split_03_2019-03,42,2019-03-14,XLP,pennylane_qnn,0.022791085541,,7,5,0.0139359878828666,0.017158149332785,-0.0032221614499183,"ret_1d,weekday_cos,month_sin,month_cos",11.036288542003604,0.1280197910091374,13.0,False,mktmind-qtm/data/marketmind_qml_dataset.csv,SPY
split_03_2019-03,42,2019-03-14,XLRE,pennylane_qnn,0.022791085541,,8,7,0.0102227119102669,0.017158149332785,-0.0069354374225181,"ret_1d,weekday_cos,month_sin,month_cos",11.036288542003604,0.1280197910091374,13.0,False,mktmind-qtm/data/marketmind_qml_dataset.csv,SPY
split_03_2019-03,42,2019-03-14,XLU,pennylane_qnn,0.022791085541,0.0,9,10,0.0015520632541456,0.017158149332785,-0.0156060860786393,"ret_1d,weekday_cos,month_sin,month_cos",11.036288542003604,0.1280197910091374,13.0,False,mktmind-qtm/data/marketmind_qml_dataset.csv,SPY
split_03_2019-03,42,2019-03-14,XLV,pennylane_qnn,0.022791085541,,10,8,0.0079828112540509,0.017158149332785,-0.009175338078734,"ret_1d,weekday_cos,month_sin,month_cos",11.036288542003604,0.1280197910091374,13.0,False,mktmind-qtm/data/marketmind_qml_dataset.csv,SPY
split_03_2019-03,42,2019-03-14,XLY,pennylane_qnn,0.022791085541,1.0,11,2,0.0367170477766785,0.017158149332785,0.0195588984438934,"ret_1d,weekday_cos,month_sin,month_cos",11.036288542003604,0.1280197910091374,13.0,False,mktmind-qtm/data/marketmind_qml_dataset.csv,SPY
split_03_2019-03,42,2019-03-21,XLB,pennylane_qnn,0.022791085541,,1,8,-0.0175001164151118,-0.0141185652994353,-0.0033815511156765,"ret_1d,weekday_cos,month_sin,month_cos",11.036288542003604,0.1280197910091374,13.0,False,mktmind-qtm/data/marketmind_qml_dataset.csv,SPY
split_03_2019-03,42,2019-03-21,XLC,pennylane_qnn,0.022791085541,0.0,2,10,-0.022413197155375,-0.0141185652994353,-0.0082946318559397,"ret_1d,weekday_cos,month_sin,month_cos",11.036288542003604,0.1280197910091374,13.0,False,mktmind-qtm/data/marketmind_qml_dataset.csv,SPY
split_03_2019-03,42,2019-03-21,XLE,pennylane_qnn,0.022791085541,,3,6,-0.0159011980479485,-0.0141185652994353,-0.0017826327485132,"ret_1d,weekday_cos,month_sin,month_cos",11.036288542003604,0.1280197910091374,13.0,False,mktmind-qtm/data/marketmind_qml_dataset.csv,SPY
split_03_2019-03,42,2019-03-21,XLF,pennylane_qnn,0.022791085541,,4,7,-0.0161166876696272,-0.0141185652994353,-0.0019981223701919,"ret_1d,weekday_cos,month_sin,month_cos",11.036288542003604,0.1280197910091374,13.0,False,mktmind-qtm/data/marketmind_qml_dataset.csv,SPY
split_03_2019-03,42,2019-03-21,XLI,pennylane_qnn,0.022791085541,,5,4,-0.0054929166968353,-0.0141185652994353,0.0086256486025999,"ret_1d,weekday_cos,month_sin,month_cos",11.036288542003604,0.1280197910091374,13.0,False,mktmind-qtm/data/marketmind_qml_dataset.csv,SPY
split_03_2019-03,42,2019-03-21,XLK,pennylane_qnn,0.022791085541,0.0,6,11,-0.0241043123294748,-0.0141185652994353,-0.0099857470300395,"ret_1d,weekday_cos,month_sin,month_cos",11.036288542003604,0.1280197910091374,13.0,False,mktmind-qtm/data/marketmind_qml_dataset.csv,SPY
split_03_2019-03,42,2019-03-21,XLP,pennylane_qnn,0.022791085541,1.0,7,1,0.0106981250861548,-0.0141185652994353,0.0248166903855902,"ret_1d,weekday_cos,month_sin,month_cos",11.036288542003604,0.1280197910091374,13.0,False,mktmind-qtm/data/marketmind_qml_dataset.csv,SPY
split_03_2019-03,42,2019-03-21,XLRE,pennylane_qnn,0.022791085541,1.0,8,2,0.0072284968706519,-0.0141185652994353,0.0213470621700873,"ret_1d,weekday_cos,month_sin,month_cos",11.036288542003604,0.1280197910091374,13.0,False,mktmind-qtm/data/marketmind_qml_dataset.csv,SPY
split_03_2019-03,42,2019-03-21,XLU,pennylane_qnn,0.022791085541,1.0,9,3,-0.0036163317787738,-0.0141185652994353,0.0105022335206614,"ret_1d,weekday_cos,month_sin,month_cos",11.036288542003604,0.1280197910091374,13.0,False,mktmind-qtm/data/marketmind_qml_dataset.csv,SPY
split_03_2019-03,42,2019-03-21,XLV,pennylane_qnn,0.022791085541,0.0,10,9,-0.0177683016153865,-0.0141185652994353,-0.0036497363159512,"ret_1d,weekday_cos,month_sin,month_cos",11.036288542003604,0.1280197910091374,13.0,False,mktmind-qtm/data/marketmind_qml_dataset.csv,SPY
split_03_2019-03,42,2019-03-21,XLY,pennylane_qnn,0.022791085541,,11,5,-0.0058809179229466,-0.0141185652994353,0.0082376473764886,"ret_1d,weekday_cos,month_sin,month_cos",11.036288542003604,0.1280197910091374,13.0,False,mktmind-qtm/data/marketmind_qml_dataset.csv,SPY
split_03_2019-03,42,2019-03-28,XLB,pennylane_qnn,0.022791085541,1.0,1,1,0.0512540857613454,0.023048443693312,0.0282056420680334,"ret_1d,weekday_cos,month_sin,month_cos",11.036288542003604,0.1280197910091374,13.0,False,mktmind-qtm/data/marketmind_qml_dataset.csv,SPY
split_03_2019-03,42,2019-03-28,XLC,pennylane_qnn,0.022791085541,,2,4,0.032354789475268,0.023048443693312,0.0093063457819559,"ret_1d,weekday_cos,month_sin,month_cos",11.036288542003604,0.1280197910091374,13.0,False,mktmind-qtm/data/marketmind_qml_dataset.csv,SPY
split_03_2019-03,42,2019-03-28,XLE,pennylane_qnn,0.022791085541,,3,8,0.0033222341648939,0.023048443693312,-0.019726209528418,"ret_1d,weekday_cos,month_sin,month_cos",11.036288542003604,0.1280197910091374,13.0,False,mktmind-qtm/data/marketmind_qml_dataset.csv,SPY
split_03_2019-03,42,2019-03-28,XLF,pennylane_qnn,0.022791085541,1.0,4,2,0.0358813944516078,0.023048443693312,0.0128329507582958,"ret_1d,weekday_cos,month_sin,month_cos",11.036288542003604,0.1280197910091374,13.0,False,mktmind-qtm/data/marketmind_qml_dataset.csv,SPY
split_03_2019-03,42,2019-03-28,XLI,pennylane_qnn,0.022791085541,1.0,5,3,0.0344875730783631,0.023048443693312,0.011439129385051,"ret_1d,weekday_cos,month_sin,month_cos",11.036288542003604,0.1280197910091374,13.0,False,mktmind-qtm/data/marketmind_qml_dataset.csv,SPY
split_03_2019-03,42,2019-03-28,XLK,pennylane_qnn,0.022791085541,,6,6,0.0311134221560882,0.023048443693312,0.0080649784627762,"ret_1d,weekday_cos,month_sin,month_cos",11.036288542003604,0.1280197910091374,13.0,False,mktmind-qtm/data/marketmind_qml_dataset.csv,SPY
split_03_2019-03,42,2019-03-28,XLP,pennylane_qnn,0.022791085541,0.0,7,11,-0.0060996435916841,0.023048443693312,-0.0291480872849961,"ret_1d,weekday_cos,month_sin,month_cos",11.036288542003604,0.1280197910091374,13.0,False,mktmind-qtm/data/marketmind_qml_dataset.csv,SPY
split_03_2019-03,42,2019-03-28,XLRE,pennylane_qnn,0.022791085541,0.0,8,9,0.0011040494211675,0.023048443693312,-0.0219443942721444,"ret_1d,weekday_cos,month_sin,month_cos",11.036288542003604,0.1280197910091374,13.0,False,mktmind-qtm/data/marketmind_qml_dataset.csv,SPY
split_03_2019-03,42,2019-03-28,XLU,pennylane_qnn,0.022791085541,0.0,9,10,-0.0051846576177154,0.023048443693312,-0.0282331013110275,"ret_1d,weekday_cos,month_sin,month_cos",11.036288542003604,0.1280197910091374,13.0,False,mktmind-qtm/data/marketmind_qml_dataset.csv,SPY
split_03_2019-03,42,2019-03-28,XLV,pennylane_qnn,0.022791085541,,10,7,0.0078320609354098,0.023048443693312,-0.0152163827579021,"ret_1d,weekday_cos,month_sin,month_cos",11.036288542003604,0.1280197910091374,13.0,False,mktmind-qtm/data/marketmind_qml_dataset.csv,SPY
split_03_2019-03,42,2019-03-28,XLY,pennylane_qnn,0.022791085541,,11,5,0.0315205351949474,0.023048443693312,0.0084720915016354,"ret_1d,weekday_cos,month_sin,month_cos",11.036288542003604,0.1280197910091374,13.0,False,mktmind-qtm/data/marketmind_qml_dataset.csv,SPY
