split_id,seed,date,ticker,model,score,label,model_rank_position,realized_rank_position,forward_return_5d,spy_forward_return_5d,excess_return_5d,selected_features,train_seconds,inference_seconds,param_count,is_synthetic,data_source,benchmark_ticker
split_00_2018-12,42,2018-12-07,XLB,naive_momentum,-0.010973849996,,7,6,-0.0113657635562893,-0.0117616070190346,0.0003958434627452,relative_strength_20d,0.0,0.0,0.0,False,mktmind-qtm/data/marketmind_qml_dataset.csv,SPY
split_00_2018-12,42,2018-12-07,XLC,naive_momentum,-0.009794839286,1.0,6,2,0.0048390623680889,-0.0117616070190346,0.0166006693871235,relative_strength_20d,0.0,0.0,0.0,False,mktmind-qtm/data/marketmind_qml_dataset.csv,SPY
split_00_2018-12,42,2018-12-07,XLE,naive_momentum,-0.024479393622,0.0,10,10,-0.0309036250716863,-0.0117616070190346,-0.0191420180526517,relative_strength_20d,0.0,0.0,0.0,False,mktmind-qtm/data/marketmind_qml_dataset.csv,SPY
split_00_2018-12,42,2018-12-07,XLF,naive_momentum,-0.017820915397,0.0,9,11,-0.0346477056441223,-0.0117616070190346,-0.0228860986250877,relative_strength_20d,0.0,0.0,0.0,False,mktmind-qtm/data/marketmind_qml_dataset.csv,SPY
split_00_2018-12,42,2018-12-07,XLI,naive_momentum,-0.009581558303,,5,7,-0.014405144849957,-0.0117616070190346,-0.0026435378309224,relative_strength_20d,0.0,0.0,0.0,False,mktmind-qtm/data/marketmind_qml_dataset.csv,SPY
split_00_2018-12,42,2018-12-07,XLK,naive_momentum,-0.029741898024,1.0,11,3,-0.0004643380462061,-0.0117616070190346,0.0112972689728284,relative_strength_20d,0.0,0.0,0.0,False,mktmind-qtm/data/marketmind_qml_dataset.csv,SPY
split_00_2018-12,42,2018-12-07,XLP,naive_momentum,0.03124357094,,4,4,-0.0040207276072319,-0.0117616070190346,0.0077408794118026,relative_strength_20d,0.0,0.0,0.0,False,mktmind-qtm/data/marketmind_qml_dataset.csv,SPY
split_00_2018-12,42,2018-12-07,XLRE,naive_momentum,0.090840676987,,2,8,-0.0159008493547361,-0.0117616070190346,-0.0041392423357015,relative_strength_20d,0.0,0.0,0.0,False,mktmind-qtm/data/marketmind_qml_dataset.csv,SPY
split_00_2018-12,42,2018-12-07,XLU,naive_momentum,0.090851705984,1.0,1,1,0.0063763274341193,-0.0117616070190346,0.0181379344531539,relative_strength_20d,0.0,0.0,0.0,False,mktmind-qtm/data/marketmind_qml_dataset.csv,SPY
split_00_2018-12,42,2018-12-07,XLV,naive_momentum,0.034048274699,0.0,3,9,-0.0176678502771245,-0.0117616070190346,-0.0059062432580899,relative_strength_20d,0.0,0.0,0.0,False,mktmind-qtm/data/marketmind_qml_dataset.csv,SPY
split_00_2018-12,42,2018-12-07,XLY,naive_momentum,-0.011185199987,,8,5,-0.010061201383733,-0.0117616070190346,0.0017004056353016,relative_strength_20d,0.0,0.0,0.0,False,mktmind-qtm/data/marketmind_qml_dataset.csv,SPY
split_00_2018-12,42,2018-12-14,XLB,naive_momentum,-0.012738245984,1.0,8,2,-0.0468408011285863,-0.0705048663770638,0.0236640652484775,relative_strength_20d,0.0,0.0,0.0,False,mktmind-qtm/data/marketmind_qml_dataset.csv,SPY
split_00_2018-12,42,2018-12-14,XLC,naive_momentum,0.010100281164,0.0,4,10,-0.0841638163282875,-0.0705048663770638,-0.0136589499512236,relative_strength_20d,0.0,0.0,0.0,False,mktmind-qtm/data/marketmind_qml_dataset.csv,SPY
split_00_2018-12,42,2018-12-14,XLE,naive_momentum,-0.015036576391,0.0,9,11,-0.0878587606906938,-0.0705048663770638,-0.0173538943136299,relative_strength_20d,0.0,0.0,0.0,False,mktmind-qtm/data/marketmind_qml_dataset.csv,SPY
split_00_2018-12,42,2018-12-14,XLF,naive_momentum,-0.044763425999,1.0,11,3,-0.053956169169497,-0.0705048663770638,0.0165486972075667,relative_strength_20d,0.0,0.0,0.0,False,mktmind-qtm/data/marketmind_qml_dataset.csv,SPY
split_00_2018-12,42,2018-12-14,XLI,naive_momentum,-0.020553349192,,10,5,-0.0658525725370194,-0.0705048663770638,0.0046522938400443,relative_strength_20d,0.0,0.0,0.0,False,mktmind-qtm/data/marketmind_qml_dataset.csv,SPY
split_00_2018-12,42,2018-12-14,XLK,naive_momentum,0.004802704452,,6,8,-0.0791861347752203,-0.0705048663770638,-0.0086812683981564,relative_strength_20d,0.0,0.0,0.0,False,mktmind-qtm/data/marketmind_qml_dataset.csv,SPY
split_00_2018-12,42,2018-12-14,XLP,naive_momentum,0.009050913055,,5,7,-0.0708406527730807,-0.0705048663770638,-0.0003357863960168,relative_strength_20d,0.0,0.0,0.0,False,mktmind-qtm/data/marketmind_qml_dataset.csv,SPY
split_00_2018-12,42,2018-12-14,XLRE,naive_momentum,0.041123309581,,2,4,-0.063035620693857,-0.0705048663770638,0.0074692456832068,relative_strength_20d,0.0,0.0,0.0,False,mktmind-qtm/data/marketmind_qml_dataset.csv,SPY
split_00_2018-12,42,2018-12-14,XLU,naive_momentum,0.078579076404,1.0,1,1,-0.044930732123724,-0.0705048663770638,0.0255741342533398,relative_strength_20d,0.0,0.0,0.0,False,mktmind-qtm/data/marketmind_qml_dataset.csv,SPY
split_00_2018-12,42,2018-12-14,XLV,naive_momentum,0.020952935665,,3,6,-0.0663747918958822,-0.0705048663770638,0.0041300744811816,relative_strength_20d,0.0,0.0,0.0,False,mktmind-qtm/data/marketmind_qml_dataset.csv,SPY
split_00_2018-12,42,2018-12-14,XLY,naive_momentum,-0.007187240787,0.0,7,9,-0.0801573977578373,-0.0705048663770638,-0.0096525313807734,relative_strength_20d,0.0,0.0,0.0,False,mktmind-qtm/data/marketmind_qml_dataset.csv,SPY
split_00_2018-12,42,2018-12-21,XLB,naive_momentum,-0.005833701299,,8,5,0.0395058905700624,0.0383049320970712,0.0012009584729912,relative_strength_20d,0.0,0.0,0.0,False,mktmind-qtm/data/marketmind_qml_dataset.csv,SPY
split_00_2018-12,42,2018-12-21,XLC,naive_momentum,0.005459953575,,6,6,0.0369254460263666,0.0383049320970712,-0.0013794860707045,relative_strength_20d,0.0,0.0,0.0,False,mktmind-qtm/data/marketmind_qml_dataset.csv,SPY
split_00_2018-12,42,2018-12-21,XLE,naive_momentum,-0.055173313208,,11,8,0.0220996476881398,0.0383049320970712,-0.0162052844089313,relative_strength_20d,0.0,0.0,0.0,False,mktmind-qtm/data/marketmind_qml_dataset.csv,SPY
split_00_2018-12,42,2018-12-21,XLF,naive_momentum,-0.038600144119,,10,4,0.0451950810675068,0.0383049320970712,0.0068901489704356,relative_strength_20d,0.0,0.0,0.0,False,mktmind-qtm/data/marketmind_qml_dataset.csv,SPY
split_00_2018-12,42,2018-12-21,XLI,naive_momentum,-0.017092583313,,9,7,0.0346987558303935,0.0383049320970712,-0.0036061762666776,relative_strength_20d,0.0,0.0,0.0,False,mktmind-qtm/data/marketmind_qml_dataset.csv,SPY
split_00_2018-12,42,2018-12-21,XLK,naive_momentum,0.005852927326,1.0,5,2,0.0469592896701787,0.0383049320970712,0.0086543575731075,relative_strength_20d,0.0,0.0,0.0,False,mktmind-qtm/data/marketmind_qml_dataset.csv,SPY
split_00_2018-12,42,2018-12-21,XLP,naive_momentum,0.013920361698,0.0,4,9,0.0119568633041897,0.0383049320970712,-0.0263480687928814,relative_strength_20d,0.0,0.0,0.0,False,mktmind-qtm/data/marketmind_qml_dataset.csv,SPY
split_00_2018-12,42,2018-12-21,XLRE,naive_momentum,0.032771414402,0.0,2,10,0.0016155281232022,0.0383049320970712,-0.0366894039738689,relative_strength_20d,0.0,0.0,0.0,False,mktmind-qtm/data/marketmind_qml_dataset.csv,SPY
split_00_2018-12,42,2018-12-21,XLU,naive_momentum,0.089921371531,0.0,1,11,-0.0165394346670039,0.0383049320970712,-0.0548443667640751,relative_strength_20d,0.0,0.0,0.0,False,mktmind-qtm/data/marketmind_qml_dataset.csv,SPY
split_00_2018-12,42,2018-12-21,XLV,naive_momentum,0.01435141979,1.0,3,3,0.0463230922781199,0.0383049320970712,0.0080181601810487,relative_strength_20d,0.0,0.0,0.0,False,mktmind-qtm/data/marketmind_qml_dataset.csv,SPY
split_00_2018-12,42,2018-12-21,XLY,naive_momentum,0.004958984158,1.0,7,1,0.0559937285186671,0.0383049320970712,0.0176887964215959,relative_strength_20d,0.0,0.0,0.0,False,mktmind-qtm/data/marketmind_qml_dataset.csv,SPY
split_00_2018-12,42,2018-12-31,XLB,naive_momentum,0.016005743696,,3,5,0.0292955242570231,0.0274087172559669,0.0018868070010562,relative_strength_20d,0.0,0.0,0.0,False,mktmind-qtm/data/marketmind_qml_dataset.csv,SPY
split_00_2018-12,42,2018-12-31,XLC,naive_momentum,0.001176902295,1.0,7,1,0.0687984316605165,0.0274087172559669,0.0413897144045496,relative_strength_20d,0.0,0.0,0.0,False,mktmind-qtm/data/marketmind_qml_dataset.csv,SPY
split_00_2018-12,42,2018-12-31,XLE,naive_momentum,-0.043488447438,1.0,11,2,0.0676548877490232,0.0274087172559669,0.0402461704930563,relative_strength_20d,0.0,0.0,0.0,False,mktmind-qtm/data/marketmind_qml_dataset.csv,SPY
split_00_2018-12,42,2018-12-31,XLF,naive_momentum,-0.024162386096,,10,6,0.0205710068723767,0.0274087172559669,-0.0068377103835901,relative_strength_20d,0.0,0.0,0.0,False,mktmind-qtm/data/marketmind_qml_dataset.csv,SPY
split_00_2018-12,42,2018-12-31,XLI,naive_momentum,-0.015395394097,,9,4,0.0336906861041008,0.0274087172559669,0.0062819688481339,relative_strength_20d,0.0,0.0,0.0,False,mktmind-qtm/data/marketmind_qml_dataset.csv,SPY
split_00_2018-12,42,2018-12-31,XLK,naive_momentum,0.007437952279,0.0,5,9,0.009519232134602,0.0274087172559669,-0.0178894851213649,relative_strength_20d,0.0,0.0,0.0,False,mktmind-qtm/data/marketmind_qml_dataset.csv,SPY
split_00_2018-12,42,2018-12-31,XLP,naive_momentum,-0.000789503372,,8,8,0.0173298961800727,0.0274087172559669,-0.0100788210758941,relative_strength_20d,0.0,0.0,0.0,False,mktmind-qtm/data/marketmind_qml_dataset.csv,SPY
split_00_2018-12,42,2018-12-31,XLRE,naive_momentum,0.017889345561,,2,7,0.0174194993644047,0.0274087172559669,-0.0099892178915621,relative_strength_20d,0.0,0.0,0.0,False,mktmind-qtm/data/marketmind_qml_dataset.csv,SPY
split_00_2018-12,42,2018-12-31,XLU,naive_momentum,0.056741316418,0.0,1,11,0.00264528978489,0.0274087172559669,-0.0247634274710768,relative_strength_20d,0.0,0.0,0.0,False,mktmind-qtm/data/marketmind_qml_dataset.csv,SPY
split_00_2018-12,42,2018-12-31,XLV,naive_momentum,0.007379851286,0.0,6,10,0.0052016785919632,0.0274087172559669,-0.0222070386640036,relative_strength_20d,0.0,0.0,0.0,False,mktmind-qtm/data/marketmind_qml_dataset.csv,SPY
split_00_2018-12,42,2018-12-31,XLY,naive_momentum,0.009624015755,1.0,4,3,0.0529240874900942,0.0274087172559669,0.0255153702341273,relative_strength_20d,0.0,0.0,0.0,False,mktmind-qtm/data/marketmind_qml_dataset.csv,SPY
split_00_2018-12,42,2018-12-07,XLB,logistic_regression,0.209458795743,,5,6,-0.0113657635562893,-0.0117616070190346,0.0003958434627452,"ret_1d,ret_20d,volume_ratio_20d,relative_strength_20d",0.0064529590017627925,9.362501441501081e-05,5.0,False,mktmind-qtm/data/marketmind_qml_dataset.csv,SPY
split_00_2018-12,42,2018-12-07,XLC,logistic_regression,0.074137293829,1.0,9,2,0.0048390623680889,-0.0117616070190346,0.0166006693871235,"ret_1d,ret_20d,volume_ratio_20d,relative_strength_20d",0.0064529590017627925,9.362501441501081e-05,5.0,False,mktmind-qtm/data/marketmind_qml_dataset.csv,SPY
split_00_2018-12,42,2018-12-07,XLE,logistic_regression,-0.110572846185,0.0,11,10,-0.0309036250716863,-0.0117616070190346,-0.0191420180526517,"ret_1d,ret_20d,volume_ratio_20d,relative_strength_20d",0.0064529590017627925,9.362501441501081e-05,5.0,False,mktmind-qtm/data/marketmind_qml_dataset.csv,SPY
split_00_2018-12,42,2018-12-07,XLF,logistic_regression,0.093599083474,0.0,7,11,-0.0346477056441223,-0.0117616070190346,-0.0228860986250877,"ret_1d,ret_20d,volume_ratio_20d,relative_strength_20d",0.0064529590017627925,9.362501441501081e-05,5.0,False,mktmind-qtm/data/marketmind_qml_dataset.csv,SPY
split_00_2018-12,42,2018-12-07,XLI,logistic_regression,0.204722377693,,6,7,-0.014405144849957,-0.0117616070190346,-0.0026435378309224,"ret_1d,ret_20d,volume_ratio_20d,relative_strength_20d",0.0064529590017627925,9.362501441501081e-05,5.0,False,mktmind-qtm/data/marketmind_qml_dataset.csv,SPY
split_00_2018-12,42,2018-12-07,XLK,logistic_regression,0.295707779893,1.0,1,3,-0.0004643380462061,-0.0117616070190346,0.0112972689728284,"ret_1d,ret_20d,volume_ratio_20d,relative_strength_20d",0.0064529590017627925,9.362501441501081e-05,5.0,False,mktmind-qtm/data/marketmind_qml_dataset.csv,SPY
split_00_2018-12,42,2018-12-07,XLP,logistic_regression,0.086055829504,,8,4,-0.0040207276072319,-0.0117616070190346,0.0077408794118026,"ret_1d,ret_20d,volume_ratio_20d,relative_strength_20d",0.0064529590017627925,9.362501441501081e-05,5.0,False,mktmind-qtm/data/marketmind_qml_dataset.csv,SPY
split_00_2018-12,42,2018-12-07,XLRE,logistic_regression,0.240781400613,,4,8,-0.0159008493547361,-0.0117616070190346,-0.0041392423357015,"ret_1d,ret_20d,volume_ratio_20d,relative_strength_20d",0.0064529590017627925,9.362501441501081e-05,5.0,False,mktmind-qtm/data/marketmind_qml_dataset.csv,SPY
split_00_2018-12,42,2018-12-07,XLU,logistic_regression,-0.057520486354,1.0,10,1,0.0063763274341193,-0.0117616070190346,0.0181379344531539,"ret_1d,ret_20d,volume_ratio_20d,relative_strength_20d",0.0064529590017627925,9.362501441501081e-05,5.0,False,mktmind-qtm/data/marketmind_qml_dataset.csv,SPY
split_00_2018-12,42,2018-12-07,XLV,logistic_regression,0.291239101155,0.0,2,9,-0.0176678502771245,-0.0117616070190346,-0.0059062432580899,"ret_1d,ret_20d,volume_ratio_20d,relative_strength_20d",0.0064529590017627925,9.362501441501081e-05,5.0,False,mktmind-qtm/data/marketmind_qml_dataset.csv,SPY
split_00_2018-12,42,2018-12-07,XLY,logistic_regression,0.266272196562,,3,5,-0.010061201383733,-0.0117616070190346,0.0017004056353016,"ret_1d,ret_20d,volume_ratio_20d,relative_strength_20d",0.0064529590017627925,9.362501441501081e-05,5.0,False,mktmind-qtm/data/marketmind_qml_dataset.csv,SPY
split_00_2018-12,42,2018-12-14,XLB,logistic_regression,-0.036168139239,1.0,10,2,-0.0468408011285863,-0.0705048663770638,0.0236640652484775,"ret_1d,ret_20d,volume_ratio_20d,relative_strength_20d",0.0064529590017627925,9.362501441501081e-05,5.0,False,mktmind-qtm/data/marketmind_qml_dataset.csv,SPY
split_00_2018-12,42,2018-12-14,XLC,logistic_regression,0.011536144745,0.0,8,10,-0.0841638163282875,-0.0705048663770638,-0.0136589499512236,"ret_1d,ret_20d,volume_ratio_20d,relative_strength_20d",0.0064529590017627925,9.362501441501081e-05,5.0,False,mktmind-qtm/data/marketmind_qml_dataset.csv,SPY
split_00_2018-12,42,2018-12-14,XLE,logistic_regression,0.202512393713,0.0,3,11,-0.0878587606906938,-0.0705048663770638,-0.0173538943136299,"ret_1d,ret_20d,volume_ratio_20d,relative_strength_20d",0.0064529590017627925,9.362501441501081e-05,5.0,False,mktmind-qtm/data/marketmind_qml_dataset.csv,SPY
split_00_2018-12,42,2018-12-14,XLF,logistic_regression,-0.06345807877,1.0,11,3,-0.053956169169497,-0.0705048663770638,0.0165486972075667,"ret_1d,ret_20d,volume_ratio_20d,relative_strength_20d",0.0064529590017627925,9.362501441501081e-05,5.0,False,mktmind-qtm/data/marketmind_qml_dataset.csv,SPY
split_00_2018-12,42,2018-12-14,XLI,logistic_regression,0.038163381449,,7,5,-0.0658525725370194,-0.0705048663770638,0.0046522938400443,"ret_1d,ret_20d,volume_ratio_20d,relative_strength_20d",0.0064529590017627925,9.362501441501081e-05,5.0,False,mktmind-qtm/data/marketmind_qml_dataset.csv,SPY
split_00_2018-12,42,2018-12-14,XLK,logistic_regression,0.242338454929,,2,8,-0.0791861347752203,-0.0705048663770638,-0.0086812683981564,"ret_1d,ret_20d,volume_ratio_20d,relative_strength_20d",0.0064529590017627925,9.362501441501081e-05,5.0,False,mktmind-qtm/data/marketmind_qml_dataset.csv,SPY
split_00_2018-12,42,2018-12-14,XLP,logistic_regression,0.146564057595,,4,7,-0.0708406527730807,-0.0705048663770638,-0.0003357863960168,"ret_1d,ret_20d,volume_ratio_20d,relative_strength_20d",0.0064529590017627925,9.362501441501081e-05,5.0,False,mktmind-qtm/data/marketmind_qml_dataset.csv,SPY
split_00_2018-12,42,2018-12-14,XLRE,logistic_regression,-0.020061872075,,9,4,-0.063035620693857,-0.0705048663770638,0.0074692456832068,"ret_1d,ret_20d,volume_ratio_20d,relative_strength_20d",0.0064529590017627925,9.362501441501081e-05,5.0,False,mktmind-qtm/data/marketmind_qml_dataset.csv,SPY
split_00_2018-12,42,2018-12-14,XLU,logistic_regression,0.094357464455,1.0,6,1,-0.044930732123724,-0.0705048663770638,0.0255741342533398,"ret_1d,ret_20d,volume_ratio_20d,relative_strength_20d",0.0064529590017627925,9.362501441501081e-05,5.0,False,mktmind-qtm/data/marketmind_qml_dataset.csv,SPY
split_00_2018-12,42,2018-12-14,XLV,logistic_regression,0.471831911605,,1,6,-0.0663747918958822,-0.0705048663770638,0.0041300744811816,"ret_1d,ret_20d,volume_ratio_20d,relative_strength_20d",0.0064529590017627925,9.362501441501081e-05,5.0,False,mktmind-qtm/data/marketmind_qml_dataset.csv,SPY
split_00_2018-12,42,2018-12-14,XLY,logistic_regression,0.09864917838,0.0,5,9,-0.0801573977578373,-0.0705048663770638,-0.0096525313807734,"ret_1d,ret_20d,volume_ratio_20d,relative_strength_20d",0.0064529590017627925,9.362501441501081e-05,5.0,False,mktmind-qtm/data/marketmind_qml_dataset.csv,SPY
split_00_2018-12,42,2018-12-21,XLB,logistic_regression,-0.033088498048,,10,5,0.0395058905700624,0.0383049320970712,0.0012009584729912,"ret_1d,ret_20d,volume_ratio_20d,relative_strength_20d",0.0064529590017627925,9.362501441501081e-05,5.0,False,mktmind-qtm/data/marketmind_qml_dataset.csv,SPY
split_00_2018-12,42,2018-12-21,XLC,logistic_regression,0.3569185197,,1,6,0.0369254460263666,0.0383049320970712,-0.0013794860707045,"ret_1d,ret_20d,volume_ratio_20d,relative_strength_20d",0.0064529590017627925,9.362501441501081e-05,5.0,False,mktmind-qtm/data/marketmind_qml_dataset.csv,SPY
split_00_2018-12,42,2018-12-21,XLE,logistic_regression,-0.143434885917,,11,8,0.0220996476881398,0.0383049320970712,-0.0162052844089313,"ret_1d,ret_20d,volume_ratio_20d,relative_strength_20d",0.0064529590017627925,9.362501441501081e-05,5.0,False,mktmind-qtm/data/marketmind_qml_dataset.csv,SPY
split_00_2018-12,42,2018-12-21,XLF,logistic_regression,0.025611282872,,8,4,0.0451950810675068,0.0383049320970712,0.0068901489704356,"ret_1d,ret_20d,volume_ratio_20d,relative_strength_20d",0.0064529590017627925,9.362501441501081e-05,5.0,False,mktmind-qtm/data/marketmind_qml_dataset.csv,SPY
split_00_2018-12,42,2018-12-21,XLI,logistic_regression,0.061232567777,,5,7,0.0346987558303935,0.0383049320970712,-0.0036061762666776,"ret_1d,ret_20d,volume_ratio_20d,relative_strength_20d",0.0064529590017627925,9.362501441501081e-05,5.0,False,mktmind-qtm/data/marketmind_qml_dataset.csv,SPY
split_00_2018-12,42,2018-12-21,XLK,logistic_regression,0.324318752139,1.0,2,2,0.0469592896701787,0.0383049320970712,0.0086543575731075,"ret_1d,ret_20d,volume_ratio_20d,relative_strength_20d",0.0064529590017627925,9.362501441501081e-05,5.0,False,mktmind-qtm/data/marketmind_qml_dataset.csv,SPY
split_00_2018-12,42,2018-12-21,XLP,logistic_regression,-0.00591610492,0.0,9,9,0.0119568633041897,0.0383049320970712,-0.0263480687928814,"ret_1d,ret_20d,volume_ratio_20d,relative_strength_20d",0.0064529590017627925,9.362501441501081e-05,5.0,False,mktmind-qtm/data/marketmind_qml_dataset.csv,SPY
split_00_2018-12,42,2018-12-21,XLRE,logistic_regression,0.188094222552,0.0,3,10,0.0016155281232022,0.0383049320970712,-0.0366894039738689,"ret_1d,ret_20d,volume_ratio_20d,relative_strength_20d",0.0064529590017627925,9.362501441501081e-05,5.0,False,mktmind-qtm/data/marketmind_qml_dataset.csv,SPY
split_00_2018-12,42,2018-12-21,XLU,logistic_regression,0.061108426171,0.0,6,11,-0.0165394346670039,0.0383049320970712,-0.0548443667640751,"ret_1d,ret_20d,volume_ratio_20d,relative_strength_20d",0.0064529590017627925,9.362501441501081e-05,5.0,False,mktmind-qtm/data/marketmind_qml_dataset.csv,SPY
split_00_2018-12,42,2018-12-21,XLV,logistic_regression,0.054683348588,1.0,7,3,0.0463230922781199,0.0383049320970712,0.0080181601810487,"ret_1d,ret_20d,volume_ratio_20d,relative_strength_20d",0.0064529590017627925,9.362501441501081e-05,5.0,False,mktmind-qtm/data/marketmind_qml_dataset.csv,SPY
split_00_2018-12,42,2018-12-21,XLY,logistic_regression,0.157944245578,1.0,4,1,0.0559937285186671,0.0383049320970712,0.0176887964215959,"ret_1d,ret_20d,volume_ratio_20d,relative_strength_20d",0.0064529590017627925,9.362501441501081e-05,5.0,False,mktmind-qtm/data/marketmind_qml_dataset.csv,SPY
split_00_2018-12,42,2018-12-31,XLB,logistic_regression,-0.352667391903,,5,5,0.0292955242570231,0.0274087172559669,0.0018868070010562,"ret_1d,ret_20d,volume_ratio_20d,relative_strength_20d",0.0064529590017627925,9.362501441501081e-05,5.0,False,mktmind-qtm/data/marketmind_qml_dataset.csv,SPY
split_00_2018-12,42,2018-12-31,XLC,logistic_regression,-0.219293597606,1.0,2,1,0.0687984316605165,0.0274087172559669,0.0413897144045496,"ret_1d,ret_20d,volume_ratio_20d,relative_strength_20d",0.0064529590017627925,9.362501441501081e-05,5.0,False,mktmind-qtm/data/marketmind_qml_dataset.csv,SPY
split_00_2018-12,42,2018-12-31,XLE,logistic_regression,-0.407009758905,1.0,8,2,0.0676548877490232,0.0274087172559669,0.0402461704930563,"ret_1d,ret_20d,volume_ratio_20d,relative_strength_20d",0.0064529590017627925,9.362501441501081e-05,5.0,False,mktmind-qtm/data/marketmind_qml_dataset.csv,SPY
split_00_2018-12,42,2018-12-31,XLF,logistic_regression,-0.448144459424,,10,6,0.0205710068723767,0.0274087172559669,-0.0068377103835901,"ret_1d,ret_20d,volume_ratio_20d,relative_strength_20d",0.0064529590017627925,9.362501441501081e-05,5.0,False,mktmind-qtm/data/marketmind_qml_dataset.csv,SPY
split_00_2018-12,42,2018-12-31,XLI,logistic_regression,-0.444601290622,,9,4,0.0336906861041008,0.0274087172559669,0.0062819688481339,"ret_1d,ret_20d,volume_ratio_20d,relative_strength_20d",0.0064529590017627925,9.362501441501081e-05,5.0,False,mktmind-qtm/data/marketmind_qml_dataset.csv,SPY
split_00_2018-12,42,2018-12-31,XLK,logistic_regression,-0.370325651494,0.0,6,9,0.009519232134602,0.0274087172559669,-0.0178894851213649,"ret_1d,ret_20d,volume_ratio_20d,relative_strength_20d",0.0064529590017627925,9.362501441501081e-05,5.0,False,mktmind-qtm/data/marketmind_qml_dataset.csv,SPY
split_00_2018-12,42,2018-12-31,XLP,logistic_regression,-0.330841612398,,4,8,0.0173298961800727,0.0274087172559669,-0.0100788210758941,"ret_1d,ret_20d,volume_ratio_20d,relative_strength_20d",0.0064529590017627925,9.362501441501081e-05,5.0,False,mktmind-qtm/data/marketmind_qml_dataset.csv,SPY
split_00_2018-12,42,2018-12-31,XLRE,logistic_regression,-0.222787256857,,3,7,0.0174194993644047,0.0274087172559669,-0.0099892178915621,"ret_1d,ret_20d,volume_ratio_20d,relative_strength_20d",0.0064529590017627925,9.362501441501081e-05,5.0,False,mktmind-qtm/data/marketmind_qml_dataset.csv,SPY
split_00_2018-12,42,2018-12-31,XLU,logistic_regression,-0.173499747,0.0,1,11,0.00264528978489,0.0274087172559669,-0.0247634274710768,"ret_1d,ret_20d,volume_ratio_20d,relative_strength_20d",0.0064529590017627925,9.362501441501081e-05,5.0,False,mktmind-qtm/data/marketmind_qml_dataset.csv,SPY
split_00_2018-12,42,2018-12-31,XLV,logistic_regression,-0.464502044873,0.0,11,10,0.0052016785919632,0.0274087172559669,-0.0222070386640036,"ret_1d,ret_20d,volume_ratio_20d,relative_strength_20d",0.0064529590017627925,9.362501441501081e-05,5.0,False,mktmind-qtm/data/marketmind_qml_dataset.csv,SPY
split_00_2018-12,42,2018-12-31,XLY,logistic_regression,-0.394830183179,1.0,7,3,0.0529240874900942,0.0274087172559669,0.0255153702341273,"ret_1d,ret_20d,volume_ratio_20d,relative_strength_20d",0.0064529590017627925,9.362501441501081e-05,5.0,False,mktmind-qtm/data/marketmind_qml_dataset.csv,SPY
split_00_2018-12,42,2018-12-07,XLB,ridge_linear,0.102391708574,,5,6,-0.0113657635562893,-0.0117616070190346,0.0003958434627452,"ret_1d,ret_20d,volume_ratio_20d,relative_strength_20d",0.002977083990117535,8.383399108424783e-05,5.0,False,mktmind-qtm/data/marketmind_qml_dataset.csv,SPY
split_00_2018-12,42,2018-12-07,XLC,ridge_linear,0.0349683294,1.0,9,2,0.0048390623680889,-0.0117616070190346,0.0166006693871235,"ret_1d,ret_20d,volume_ratio_20d,relative_strength_20d",0.002977083990117535,8.383399108424783e-05,5.0,False,mktmind-qtm/data/marketmind_qml_dataset.csv,SPY
split_00_2018-12,42,2018-12-07,XLE,ridge_linear,-0.05850483075,0.0,11,10,-0.0309036250716863,-0.0117616070190346,-0.0191420180526517,"ret_1d,ret_20d,volume_ratio_20d,relative_strength_20d",0.002977083990117535,8.383399108424783e-05,5.0,False,mktmind-qtm/data/marketmind_qml_dataset.csv,SPY
split_00_2018-12,42,2018-12-07,XLF,ridge_linear,0.044435628706,0.0,7,11,-0.0346477056441223,-0.0117616070190346,-0.0228860986250877,"ret_1d,ret_20d,volume_ratio_20d,relative_strength_20d",0.002977083990117535,8.383399108424783e-05,5.0,False,mktmind-qtm/data/marketmind_qml_dataset.csv,SPY
split_00_2018-12,42,2018-12-07,XLI,ridge_linear,0.100501652494,,6,7,-0.014405144849957,-0.0117616070190346,-0.0026435378309224,"ret_1d,ret_20d,volume_ratio_20d,relative_strength_20d",0.002977083990117535,8.383399108424783e-05,5.0,False,mktmind-qtm/data/marketmind_qml_dataset.csv,SPY
split_00_2018-12,42,2018-12-07,XLK,ridge_linear,0.146536930658,1.0,1,3,-0.0004643380462061,-0.0117616070190346,0.0112972689728284,"ret_1d,ret_20d,volume_ratio_20d,relative_strength_20d",0.002977083990117535,8.383399108424783e-05,5.0,False,mktmind-qtm/data/marketmind_qml_dataset.csv,SPY
split_00_2018-12,42,2018-12-07,XLP,ridge_linear,0.040307780409,,8,4,-0.0040207276072319,-0.0117616070190346,0.0077408794118026,"ret_1d,ret_20d,volume_ratio_20d,relative_strength_20d",0.002977083990117535,8.383399108424783e-05,5.0,False,mktmind-qtm/data/marketmind_qml_dataset.csv,SPY
split_00_2018-12,42,2018-12-07,XLRE,ridge_linear,0.117744316482,,4,8,-0.0159008493547361,-0.0117616070190346,-0.0041392423357015,"ret_1d,ret_20d,volume_ratio_20d,relative_strength_20d",0.002977083990117535,8.383399108424783e-05,5.0,False,mktmind-qtm/data/marketmind_qml_dataset.csv,SPY
split_00_2018-12,42,2018-12-07,XLU,ridge_linear,-0.032320917097,1.0,10,1,0.0063763274341193,-0.0117616070190346,0.0181379344531539,"ret_1d,ret_20d,volume_ratio_20d,relative_strength_20d",0.002977083990117535,8.383399108424783e-05,5.0,False,mktmind-qtm/data/marketmind_qml_dataset.csv,SPY
split_00_2018-12,42,2018-12-07,XLV,ridge_linear,0.143559967474,0.0,2,9,-0.0176678502771245,-0.0117616070190346,-0.0059062432580899,"ret_1d,ret_20d,volume_ratio_20d,relative_strength_20d",0.002977083990117535,8.383399108424783e-05,5.0,False,mktmind-qtm/data/marketmind_qml_dataset.csv,SPY
split_00_2018-12,42,2018-12-07,XLY,ridge_linear,0.131388515027,,3,5,-0.010061201383733,-0.0117616070190346,0.0017004056353016,"ret_1d,ret_20d,volume_ratio_20d,relative_strength_20d",0.002977083990117535,8.383399108424783e-05,5.0,False,mktmind-qtm/data/marketmind_qml_dataset.csv,SPY
split_00_2018-12,42,2018-12-14,XLB,ridge_linear,-0.019611390151,1.0,10,2,-0.0468408011285863,-0.0705048663770638,0.0236640652484775,"ret_1d,ret_20d,volume_ratio_20d,relative_strength_20d",0.002977083990117535,8.383399108424783e-05,5.0,False,mktmind-qtm/data/marketmind_qml_dataset.csv,SPY
split_00_2018-12,42,2018-12-14,XLC,ridge_linear,0.004567353836,0.0,8,10,-0.0841638163282875,-0.0705048663770638,-0.0136589499512236,"ret_1d,ret_20d,volume_ratio_20d,relative_strength_20d",0.002977083990117535,8.383399108424783e-05,5.0,False,mktmind-qtm/data/marketmind_qml_dataset.csv,SPY
split_00_2018-12,42,2018-12-14,XLE,ridge_linear,0.100430316991,0.0,3,11,-0.0878587606906938,-0.0705048663770638,-0.0173538943136299,"ret_1d,ret_20d,volume_ratio_20d,relative_strength_20d",0.002977083990117535,8.383399108424783e-05,5.0,False,mktmind-qtm/data/marketmind_qml_dataset.csv,SPY
split_00_2018-12,42,2018-12-14,XLF,ridge_linear,-0.033149624075,1.0,11,3,-0.053956169169497,-0.0705048663770638,0.0165486972075667,"ret_1d,ret_20d,volume_ratio_20d,relative_strength_20d",0.002977083990117535,8.383399108424783e-05,5.0,False,mktmind-qtm/data/marketmind_qml_dataset.csv,SPY
split_00_2018-12,42,2018-12-14,XLI,ridge_linear,0.017916313737,,7,5,-0.0658525725370194,-0.0705048663770638,0.0046522938400443,"ret_1d,ret_20d,volume_ratio_20d,relative_strength_20d",0.002977083990117535,8.383399108424783e-05,5.0,False,mktmind-qtm/data/marketmind_qml_dataset.csv,SPY
split_00_2018-12,42,2018-12-14,XLK,ridge_linear,0.120620782773,,2,8,-0.0791861347752203,-0.0705048663770638,-0.0086812683981564,"ret_1d,ret_20d,volume_ratio_20d,relative_strength_20d",0.002977083990117535,8.383399108424783e-05,5.0,False,mktmind-qtm/data/marketmind_qml_dataset.csv,SPY
split_00_2018-12,42,2018-12-14,XLP,ridge_linear,0.07223583882,,4,7,-0.0708406527730807,-0.0705048663770638,-0.0003357863960168,"ret_1d,ret_20d,volume_ratio_20d,relative_strength_20d",0.002977083990117535,8.383399108424783e-05,5.0,False,mktmind-qtm/data/marketmind_qml_dataset.csv,SPY
split_00_2018-12,42,2018-12-14,XLRE,ridge_linear,-0.011935598478,,9,4,-0.063035620693857,-0.0705048663770638,0.0074692456832068,"ret_1d,ret_20d,volume_ratio_20d,relative_strength_20d",0.002977083990117535,8.383399108424783e-05,5.0,False,mktmind-qtm/data/marketmind_qml_dataset.csv,SPY
split_00_2018-12,42,2018-12-14,XLU,ridge_linear,0.04491797926,1.0,6,1,-0.044930732123724,-0.0705048663770638,0.0255741342533398,"ret_1d,ret_20d,volume_ratio_20d,relative_strength_20d",0.002977083990117535,8.383399108424783e-05,5.0,False,mktmind-qtm/data/marketmind_qml_dataset.csv,SPY
split_00_2018-12,42,2018-12-14,XLV,ridge_linear,0.235358566235,,1,6,-0.0663747918958822,-0.0705048663770638,0.0041300744811816,"ret_1d,ret_20d,volume_ratio_20d,relative_strength_20d",0.002977083990117535,8.383399108424783e-05,5.0,False,mktmind-qtm/data/marketmind_qml_dataset.csv,SPY
split_00_2018-12,42,2018-12-14,XLY,ridge_linear,0.048369051489,0.0,5,9,-0.0801573977578373,-0.0705048663770638,-0.0096525313807734,"ret_1d,ret_20d,volume_ratio_20d,relative_strength_20d",0.002977083990117535,8.383399108424783e-05,5.0,False,mktmind-qtm/data/marketmind_qml_dataset.csv,SPY
split_00_2018-12,42,2018-12-21,XLB,ridge_linear,-0.021137378978,,10,5,0.0395058905700624,0.0383049320970712,0.0012009584729912,"ret_1d,ret_20d,volume_ratio_20d,relative_strength_20d",0.002977083990117535,8.383399108424783e-05,5.0,False,mktmind-qtm/data/marketmind_qml_dataset.csv,SPY
split_00_2018-12,42,2018-12-21,XLC,ridge_linear,0.175077091911,,1,6,0.0369254460263666,0.0383049320970712,-0.0013794860707045,"ret_1d,ret_20d,volume_ratio_20d,relative_strength_20d",0.002977083990117535,8.383399108424783e-05,5.0,False,mktmind-qtm/data/marketmind_qml_dataset.csv,SPY
split_00_2018-12,42,2018-12-21,XLE,ridge_linear,-0.076019511781,,11,8,0.0220996476881398,0.0383049320970712,-0.0162052844089313,"ret_1d,ret_20d,volume_ratio_20d,relative_strength_20d",0.002977083990117535,8.383399108424783e-05,5.0,False,mktmind-qtm/data/marketmind_qml_dataset.csv,SPY
split_00_2018-12,42,2018-12-21,XLF,ridge_linear,0.00921426008,,8,4,0.0451950810675068,0.0383049320970712,0.0068901489704356,"ret_1d,ret_20d,volume_ratio_20d,relative_strength_20d",0.002977083990117535,8.383399108424783e-05,5.0,False,mktmind-qtm/data/marketmind_qml_dataset.csv,SPY
split_00_2018-12,42,2018-12-21,XLI,ridge_linear,0.026857044693,,5,7,0.0346987558303935,0.0383049320970712,-0.0036061762666776,"ret_1d,ret_20d,volume_ratio_20d,relative_strength_20d",0.002977083990117535,8.383399108424783e-05,5.0,False,mktmind-qtm/data/marketmind_qml_dataset.csv,SPY
split_00_2018-12,42,2018-12-21,XLK,ridge_linear,0.158634731009,1.0,2,2,0.0469592896701787,0.0383049320970712,0.0086543575731075,"ret_1d,ret_20d,volume_ratio_20d,relative_strength_20d",0.002977083990117535,8.383399108424783e-05,5.0,False,mktmind-qtm/data/marketmind_qml_dataset.csv,SPY
split_00_2018-12,42,2018-12-21,XLP,ridge_linear,-0.007217745612,0.0,9,9,0.0119568633041897,0.0383049320970712,-0.0263480687928814,"ret_1d,ret_20d,volume_ratio_20d,relative_strength_20d",0.002977083990117535,8.383399108424783e-05,5.0,False,mktmind-qtm/data/marketmind_qml_dataset.csv,SPY
split_00_2018-12,42,2018-12-21,XLRE,ridge_linear,0.089340119205,0.0,3,10,0.0016155281232022,0.0383049320970712,-0.0366894039738689,"ret_1d,ret_20d,volume_ratio_20d,relative_strength_20d",0.002977083990117535,8.383399108424783e-05,5.0,False,mktmind-qtm/data/marketmind_qml_dataset.csv,SPY
split_00_2018-12,42,2018-12-21,XLU,ridge_linear,0.025804634712,0.0,6,11,-0.0165394346670039,0.0383049320970712,-0.0548443667640751,"ret_1d,ret_20d,volume_ratio_20d,relative_strength_20d",0.002977083990117535,8.383399108424783e-05,5.0,False,mktmind-qtm/data/marketmind_qml_dataset.csv,SPY
split_00_2018-12,42,2018-12-21,XLV,ridge_linear,0.022949517212,1.0,7,3,0.0463230922781199,0.0383049320970712,0.0080181601810487,"ret_1d,ret_20d,volume_ratio_20d,relative_strength_20d",0.002977083990117535,8.383399108424783e-05,5.0,False,mktmind-qtm/data/marketmind_qml_dataset.csv,SPY
split_00_2018-12,42,2018-12-21,XLY,ridge_linear,0.075431384322,1.0,4,1,0.0559937285186671,0.0383049320970712,0.0176887964215959,"ret_1d,ret_20d,volume_ratio_20d,relative_strength_20d",0.002977083990117535,8.383399108424783e-05,5.0,False,mktmind-qtm/data/marketmind_qml_dataset.csv,SPY
split_00_2018-12,42,2018-12-31,XLB,ridge_linear,-0.18078690971,,5,5,0.0292955242570231,0.0274087172559669,0.0018868070010562,"ret_1d,ret_20d,volume_ratio_20d,relative_strength_20d",0.002977083990117535,8.383399108424783e-05,5.0,False,mktmind-qtm/data/marketmind_qml_dataset.csv,SPY
split_00_2018-12,42,2018-12-31,XLC,ridge_linear,-0.114196704885,1.0,2,1,0.0687984316605165,0.0274087172559669,0.0413897144045496,"ret_1d,ret_20d,volume_ratio_20d,relative_strength_20d",0.002977083990117535,8.383399108424783e-05,5.0,False,mktmind-qtm/data/marketmind_qml_dataset.csv,SPY
split_00_2018-12,42,2018-12-31,XLE,ridge_linear,-0.207860961673,1.0,8,2,0.0676548877490232,0.0274087172559669,0.0402461704930563,"ret_1d,ret_20d,volume_ratio_20d,relative_strength_20d",0.002977083990117535,8.383399108424783e-05,5.0,False,mktmind-qtm/data/marketmind_qml_dataset.csv,SPY
split_00_2018-12,42,2018-12-31,XLF,ridge_linear,-0.228597597351,,10,6,0.0205710068723767,0.0274087172559669,-0.0068377103835901,"ret_1d,ret_20d,volume_ratio_20d,relative_strength_20d",0.002977083990117535,8.383399108424783e-05,5.0,False,mktmind-qtm/data/marketmind_qml_dataset.csv,SPY
split_00_2018-12,42,2018-12-31,XLI,ridge_linear,-0.226770461786,,9,4,0.0336906861041008,0.0274087172559669,0.0062819688481339,"ret_1d,ret_20d,volume_ratio_20d,relative_strength_20d",0.002977083990117535,8.383399108424783e-05,5.0,False,mktmind-qtm/data/marketmind_qml_dataset.csv,SPY
split_00_2018-12,42,2018-12-31,XLK,ridge_linear,-0.189795724314,0.0,6,9,0.009519232134602,0.0274087172559669,-0.0178894851213649,"ret_1d,ret_20d,volume_ratio_20d,relative_strength_20d",0.002977083990117535,8.383399108424783e-05,5.0,False,mktmind-qtm/data/marketmind_qml_dataset.csv,SPY
split_00_2018-12,42,2018-12-31,XLP,ridge_linear,-0.169548607074,,4,8,0.0173298961800727,0.0274087172559669,-0.0100788210758941,"ret_1d,ret_20d,volume_ratio_20d,relative_strength_20d",0.002977083990117535,8.383399108424783e-05,5.0,False,mktmind-qtm/data/marketmind_qml_dataset.csv,SPY
split_00_2018-12,42,2018-12-31,XLRE,ridge_linear,-0.115739268606,,3,7,0.0174194993644047,0.0274087172559669,-0.0099892178915621,"ret_1d,ret_20d,volume_ratio_20d,relative_strength_20d",0.002977083990117535,8.383399108424783e-05,5.0,False,mktmind-qtm/data/marketmind_qml_dataset.csv,SPY
split_00_2018-12,42,2018-12-31,XLU,ridge_linear,-0.090859120519,0.0,1,11,0.00264528978489,0.0274087172559669,-0.0247634274710768,"ret_1d,ret_20d,volume_ratio_20d,relative_strength_20d",0.002977083990117535,8.383399108424783e-05,5.0,False,mktmind-qtm/data/marketmind_qml_dataset.csv,SPY
split_00_2018-12,42,2018-12-31,XLV,ridge_linear,-0.237062540535,0.0,11,10,0.0052016785919632,0.0274087172559669,-0.0222070386640036,"ret_1d,ret_20d,volume_ratio_20d,relative_strength_20d",0.002977083990117535,8.383399108424783e-05,5.0,False,mktmind-qtm/data/marketmind_qml_dataset.csv,SPY
split_00_2018-12,42,2018-12-31,XLY,ridge_linear,-0.202038707232,1.0,7,3,0.0529240874900942,0.0274087172559669,0.0255153702341273,"ret_1d,ret_20d,volume_ratio_20d,relative_strength_20d",0.002977083990117535,8.383399108424783e-05,5.0,False,mktmind-qtm/data/marketmind_qml_dataset.csv,SPY
split_00_2018-12,42,2018-12-07,XLB,random_forest,0.614972444771,,6,6,-0.0113657635562893,-0.0117616070190346,0.0003958434627452,"ret_1d,ret_20d,volume_ratio_20d,relative_strength_20d",0.1058526250126306,0.003026041988050565,,False,mktmind-qtm/data/marketmind_qml_dataset.csv,SPY
split_00_2018-12,42,2018-12-07,XLC,random_forest,0.693351100343,1.0,1,2,0.0048390623680889,-0.0117616070190346,0.0166006693871235,"ret_1d,ret_20d,volume_ratio_20d,relative_strength_20d",0.1058526250126306,0.003026041988050565,,False,mktmind-qtm/data/marketmind_qml_dataset.csv,SPY
split_00_2018-12,42,2018-12-07,XLE,random_forest,0.542483575669,0.0,9,10,-0.0309036250716863,-0.0117616070190346,-0.0191420180526517,"ret_1d,ret_20d,volume_ratio_20d,relative_strength_20d",0.1058526250126306,0.003026041988050565,,False,mktmind-qtm/data/marketmind_qml_dataset.csv,SPY
split_00_2018-12,42,2018-12-07,XLF,random_forest,0.670139585605,0.0,3,11,-0.0346477056441223,-0.0117616070190346,-0.0228860986250877,"ret_1d,ret_20d,volume_ratio_20d,relative_strength_20d",0.1058526250126306,0.003026041988050565,,False,mktmind-qtm/data/marketmind_qml_dataset.csv,SPY
split_00_2018-12,42,2018-12-07,XLI,random_forest,0.679255631411,,2,7,-0.014405144849957,-0.0117616070190346,-0.0026435378309224,"ret_1d,ret_20d,volume_ratio_20d,relative_strength_20d",0.1058526250126306,0.003026041988050565,,False,mktmind-qtm/data/marketmind_qml_dataset.csv,SPY
split_00_2018-12,42,2018-12-07,XLK,random_forest,0.534989965929,1.0,10,3,-0.0004643380462061,-0.0117616070190346,0.0112972689728284,"ret_1d,ret_20d,volume_ratio_20d,relative_strength_20d",0.1058526250126306,0.003026041988050565,,False,mktmind-qtm/data/marketmind_qml_dataset.csv,SPY
split_00_2018-12,42,2018-12-07,XLP,random_forest,0.633022629059,,5,4,-0.0040207276072319,-0.0117616070190346,0.0077408794118026,"ret_1d,ret_20d,volume_ratio_20d,relative_strength_20d",0.1058526250126306,0.003026041988050565,,False,mktmind-qtm/data/marketmind_qml_dataset.csv,SPY
split_00_2018-12,42,2018-12-07,XLRE,random_forest,0.592583047854,,7,8,-0.0159008493547361,-0.0117616070190346,-0.0041392423357015,"ret_1d,ret_20d,volume_ratio_20d,relative_strength_20d",0.1058526250126306,0.003026041988050565,,False,mktmind-qtm/data/marketmind_qml_dataset.csv,SPY
split_00_2018-12,42,2018-12-07,XLU,random_forest,0.521524975773,1.0,11,1,0.0063763274341193,-0.0117616070190346,0.0181379344531539,"ret_1d,ret_20d,volume_ratio_20d,relative_strength_20d",0.1058526250126306,0.003026041988050565,,False,mktmind-qtm/data/marketmind_qml_dataset.csv,SPY
split_00_2018-12,42,2018-12-07,XLV,random_forest,0.57797733662,0.0,8,9,-0.0176678502771245,-0.0117616070190346,-0.0059062432580899,"ret_1d,ret_20d,volume_ratio_20d,relative_strength_20d",0.1058526250126306,0.003026041988050565,,False,mktmind-qtm/data/marketmind_qml_dataset.csv,SPY
split_00_2018-12,42,2018-12-07,XLY,random_forest,0.636023600456,,4,5,-0.010061201383733,-0.0117616070190346,0.0017004056353016,"ret_1d,ret_20d,volume_ratio_20d,relative_strength_20d",0.1058526250126306,0.003026041988050565,,False,mktmind-qtm/data/marketmind_qml_dataset.csv,SPY
split_00_2018-12,42,2018-12-14,XLB,random_forest,0.524561600818,1.0,7,2,-0.0468408011285863,-0.0705048663770638,0.0236640652484775,"ret_1d,ret_20d,volume_ratio_20d,relative_strength_20d",0.1058526250126306,0.003026041988050565,,False,mktmind-qtm/data/marketmind_qml_dataset.csv,SPY
split_00_2018-12,42,2018-12-14,XLC,random_forest,0.478009378887,0.0,9,10,-0.0841638163282875,-0.0705048663770638,-0.0136589499512236,"ret_1d,ret_20d,volume_ratio_20d,relative_strength_20d",0.1058526250126306,0.003026041988050565,,False,mktmind-qtm/data/marketmind_qml_dataset.csv,SPY
split_00_2018-12,42,2018-12-14,XLE,random_forest,0.650387995409,0.0,2,11,-0.0878587606906938,-0.0705048663770638,-0.0173538943136299,"ret_1d,ret_20d,volume_ratio_20d,relative_strength_20d",0.1058526250126306,0.003026041988050565,,False,mktmind-qtm/data/marketmind_qml_dataset.csv,SPY
split_00_2018-12,42,2018-12-14,XLF,random_forest,0.436579711505,1.0,11,3,-0.053956169169497,-0.0705048663770638,0.0165486972075667,"ret_1d,ret_20d,volume_ratio_20d,relative_strength_20d",0.1058526250126306,0.003026041988050565,,False,mktmind-qtm/data/marketmind_qml_dataset.csv,SPY
split_00_2018-12,42,2018-12-14,XLI,random_forest,0.684274007511,,1,5,-0.0658525725370194,-0.0705048663770638,0.0046522938400443,"ret_1d,ret_20d,volume_ratio_20d,relative_strength_20d",0.1058526250126306,0.003026041988050565,,False,mktmind-qtm/data/marketmind_qml_dataset.csv,SPY
split_00_2018-12,42,2018-12-14,XLK,random_forest,0.586786464456,,5,8,-0.0791861347752203,-0.0705048663770638,-0.0086812683981564,"ret_1d,ret_20d,volume_ratio_20d,relative_strength_20d",0.1058526250126306,0.003026041988050565,,False,mktmind-qtm/data/marketmind_qml_dataset.csv,SPY
split_00_2018-12,42,2018-12-14,XLP,random_forest,0.592684514145,,4,7,-0.0708406527730807,-0.0705048663770638,-0.0003357863960168,"ret_1d,ret_20d,volume_ratio_20d,relative_strength_20d",0.1058526250126306,0.003026041988050565,,False,mktmind-qtm/data/marketmind_qml_dataset.csv,SPY
split_00_2018-12,42,2018-12-14,XLRE,random_forest,0.546679583542,,6,4,-0.063035620693857,-0.0705048663770638,0.0074692456832068,"ret_1d,ret_20d,volume_ratio_20d,relative_strength_20d",0.1058526250126306,0.003026041988050565,,False,mktmind-qtm/data/marketmind_qml_dataset.csv,SPY
split_00_2018-12,42,2018-12-14,XLU,random_forest,0.491677131596,1.0,8,1,-0.044930732123724,-0.0705048663770638,0.0255741342533398,"ret_1d,ret_20d,volume_ratio_20d,relative_strength_20d",0.1058526250126306,0.003026041988050565,,False,mktmind-qtm/data/marketmind_qml_dataset.csv,SPY
split_00_2018-12,42,2018-12-14,XLV,random_forest,0.456812922849,,10,6,-0.0663747918958822,-0.0705048663770638,0.0041300744811816,"ret_1d,ret_20d,volume_ratio_20d,relative_strength_20d",0.1058526250126306,0.003026041988050565,,False,mktmind-qtm/data/marketmind_qml_dataset.csv,SPY
split_00_2018-12,42,2018-12-14,XLY,random_forest,0.625634235963,0.0,3,9,-0.0801573977578373,-0.0705048663770638,-0.0096525313807734,"ret_1d,ret_20d,volume_ratio_20d,relative_strength_20d",0.1058526250126306,0.003026041988050565,,False,mktmind-qtm/data/marketmind_qml_dataset.csv,SPY
split_00_2018-12,42,2018-12-21,XLB,random_forest,0.527783628283,,7,5,0.0395058905700624,0.0383049320970712,0.0012009584729912,"ret_1d,ret_20d,volume_ratio_20d,relative_strength_20d",0.1058526250126306,0.003026041988050565,,False,mktmind-qtm/data/marketmind_qml_dataset.csv,SPY
split_00_2018-12,42,2018-12-21,XLC,random_forest,0.460770959565,,9,6,0.0369254460263666,0.0383049320970712,-0.0013794860707045,"ret_1d,ret_20d,volume_ratio_20d,relative_strength_20d",0.1058526250126306,0.003026041988050565,,False,mktmind-qtm/data/marketmind_qml_dataset.csv,SPY
split_00_2018-12,42,2018-12-21,XLE,random_forest,0.444413924128,,11,8,0.0220996476881398,0.0383049320970712,-0.0162052844089313,"ret_1d,ret_20d,volume_ratio_20d,relative_strength_20d",0.1058526250126306,0.003026041988050565,,False,mktmind-qtm/data/marketmind_qml_dataset.csv,SPY
split_00_2018-12,42,2018-12-21,XLF,random_forest,0.566744288377,,2,4,0.0451950810675068,0.0383049320970712,0.0068901489704356,"ret_1d,ret_20d,volume_ratio_20d,relative_strength_20d",0.1058526250126306,0.003026041988050565,,False,mktmind-qtm/data/marketmind_qml_dataset.csv,SPY
split_00_2018-12,42,2018-12-21,XLI,random_forest,0.618163229871,,1,7,0.0346987558303935,0.0383049320970712,-0.0036061762666776,"ret_1d,ret_20d,volume_ratio_20d,relative_strength_20d",0.1058526250126306,0.003026041988050565,,False,mktmind-qtm/data/marketmind_qml_dataset.csv,SPY
split_00_2018-12,42,2018-12-21,XLK,random_forest,0.460770959565,1.0,10,2,0.0469592896701787,0.0383049320970712,0.0086543575731075,"ret_1d,ret_20d,volume_ratio_20d,relative_strength_20d",0.1058526250126306,0.003026041988050565,,False,mktmind-qtm/data/marketmind_qml_dataset.csv,SPY
split_00_2018-12,42,2018-12-21,XLP,random_forest,0.531153652256,0.0,6,9,0.0119568633041897,0.0383049320970712,-0.0263480687928814,"ret_1d,ret_20d,volume_ratio_20d,relative_strength_20d",0.1058526250126306,0.003026041988050565,,False,mktmind-qtm/data/marketmind_qml_dataset.csv,SPY
split_00_2018-12,42,2018-12-21,XLRE,random_forest,0.531897226078,0.0,5,10,0.0016155281232022,0.0383049320970712,-0.0366894039738689,"ret_1d,ret_20d,volume_ratio_20d,relative_strength_20d",0.1058526250126306,0.003026041988050565,,False,mktmind-qtm/data/marketmind_qml_dataset.csv,SPY
split_00_2018-12,42,2018-12-21,XLU,random_forest,0.498091515723,0.0,8,11,-0.0165394346670039,0.0383049320970712,-0.0548443667640751,"ret_1d,ret_20d,volume_ratio_20d,relative_strength_20d",0.1058526250126306,0.003026041988050565,,False,mktmind-qtm/data/marketmind_qml_dataset.csv,SPY
split_00_2018-12,42,2018-12-21,XLV,random_forest,0.544219602904,1.0,4,3,0.0463230922781199,0.0383049320970712,0.0080181601810487,"ret_1d,ret_20d,volume_ratio_20d,relative_strength_20d",0.1058526250126306,0.003026041988050565,,False,mktmind-qtm/data/marketmind_qml_dataset.csv,SPY
split_00_2018-12,42,2018-12-21,XLY,random_forest,0.548796796082,1.0,3,1,0.0559937285186671,0.0383049320970712,0.0176887964215959,"ret_1d,ret_20d,volume_ratio_20d,relative_strength_20d",0.1058526250126306,0.003026041988050565,,False,mktmind-qtm/data/marketmind_qml_dataset.csv,SPY
split_00_2018-12,42,2018-12-31,XLB,random_forest,0.464264763153,,11,5,0.0292955242570231,0.0274087172559669,0.0018868070010562,"ret_1d,ret_20d,volume_ratio_20d,relative_strength_20d",0.1058526250126306,0.003026041988050565,,False,mktmind-qtm/data/marketmind_qml_dataset.csv,SPY
split_00_2018-12,42,2018-12-31,XLC,random_forest,0.551574734501,1.0,1,1,0.0687984316605165,0.0274087172559669,0.0413897144045496,"ret_1d,ret_20d,volume_ratio_20d,relative_strength_20d",0.1058526250126306,0.003026041988050565,,False,mktmind-qtm/data/marketmind_qml_dataset.csv,SPY
split_00_2018-12,42,2018-12-31,XLE,random_forest,0.486081362452,1.0,10,2,0.0676548877490232,0.0274087172559669,0.0402461704930563,"ret_1d,ret_20d,volume_ratio_20d,relative_strength_20d",0.1058526250126306,0.003026041988050565,,False,mktmind-qtm/data/marketmind_qml_dataset.csv,SPY
split_00_2018-12,42,2018-12-31,XLF,random_forest,0.503860984029,,5,6,0.0205710068723767,0.0274087172559669,-0.0068377103835901,"ret_1d,ret_20d,volume_ratio_20d,relative_strength_20d",0.1058526250126306,0.003026041988050565,,False,mktmind-qtm/data/marketmind_qml_dataset.csv,SPY
split_00_2018-12,42,2018-12-31,XLI,random_forest,0.490457488332,,9,4,0.0336906861041008,0.0274087172559669,0.0062819688481339,"ret_1d,ret_20d,volume_ratio_20d,relative_strength_20d",0.1058526250126306,0.003026041988050565,,False,mktmind-qtm/data/marketmind_qml_dataset.csv,SPY
split_00_2018-12,42,2018-12-31,XLK,random_forest,0.514466789445,0.0,2,9,0.009519232134602,0.0274087172559669,-0.0178894851213649,"ret_1d,ret_20d,volume_ratio_20d,relative_strength_20d",0.1058526250126306,0.003026041988050565,,False,mktmind-qtm/data/marketmind_qml_dataset.csv,SPY
split_00_2018-12,42,2018-12-31,XLP,random_forest,0.490860982155,,8,8,0.0173298961800727,0.0274087172559669,-0.0100788210758941,"ret_1d,ret_20d,volume_ratio_20d,relative_strength_20d",0.1058526250126306,0.003026041988050565,,False,mktmind-qtm/data/marketmind_qml_dataset.csv,SPY
split_00_2018-12,42,2018-12-31,XLRE,random_forest,0.502630021412,,6,7,0.0174194993644047,0.0274087172559669,-0.0099892178915621,"ret_1d,ret_20d,volume_ratio_20d,relative_strength_20d",0.1058526250126306,0.003026041988050565,,False,mktmind-qtm/data/marketmind_qml_dataset.csv,SPY
split_00_2018-12,42,2018-12-31,XLU,random_forest,0.510691879275,0.0,3,11,0.00264528978489,0.0274087172559669,-0.0247634274710768,"ret_1d,ret_20d,volume_ratio_20d,relative_strength_20d",0.1058526250126306,0.003026041988050565,,False,mktmind-qtm/data/marketmind_qml_dataset.csv,SPY
split_00_2018-12,42,2018-12-31,XLV,random_forest,0.495661188515,0.0,7,10,0.0052016785919632,0.0274087172559669,-0.0222070386640036,"ret_1d,ret_20d,volume_ratio_20d,relative_strength_20d",0.1058526250126306,0.003026041988050565,,False,mktmind-qtm/data/marketmind_qml_dataset.csv,SPY
split_00_2018-12,42,2018-12-31,XLY,random_forest,0.509224349535,1.0,4,3,0.0529240874900942,0.0274087172559669,0.0255153702341273,"ret_1d,ret_20d,volume_ratio_20d,relative_strength_20d",0.1058526250126306,0.003026041988050565,,False,mktmind-qtm/data/marketmind_qml_dataset.csv,SPY
split_00_2018-12,42,2018-12-07,XLB,rbf_svm,0.317249359611,,8,6,-0.0113657635562893,-0.0117616070190346,0.0003958434627452,"ret_1d,ret_20d,volume_ratio_20d,relative_strength_20d",0.0019929160189349204,0.0006617500039283186,,False,mktmind-qtm/data/marketmind_qml_dataset.csv,SPY
split_00_2018-12,42,2018-12-07,XLC,rbf_svm,1.063643013066,1.0,1,2,0.0048390623680889,-0.0117616070190346,0.0166006693871235,"ret_1d,ret_20d,volume_ratio_20d,relative_strength_20d",0.0019929160189349204,0.0006617500039283186,,False,mktmind-qtm/data/marketmind_qml_dataset.csv,SPY
split_00_2018-12,42,2018-12-07,XLE,rbf_svm,-0.23608754161,0.0,10,10,-0.0309036250716863,-0.0117616070190346,-0.0191420180526517,"ret_1d,ret_20d,volume_ratio_20d,relative_strength_20d",0.0019929160189349204,0.0006617500039283186,,False,mktmind-qtm/data/marketmind_qml_dataset.csv,SPY
split_00_2018-12,42,2018-12-07,XLF,rbf_svm,0.624129025508,0.0,4,11,-0.0346477056441223,-0.0117616070190346,-0.0228860986250877,"ret_1d,ret_20d,volume_ratio_20d,relative_strength_20d",0.0019929160189349204,0.0006617500039283186,,False,mktmind-qtm/data/marketmind_qml_dataset.csv,SPY
split_00_2018-12,42,2018-12-07,XLI,rbf_svm,0.978895238017,,2,7,-0.014405144849957,-0.0117616070190346,-0.0026435378309224,"ret_1d,ret_20d,volume_ratio_20d,relative_strength_20d",0.0019929160189349204,0.0006617500039283186,,False,mktmind-qtm/data/marketmind_qml_dataset.csv,SPY
split_00_2018-12,42,2018-12-07,XLK,rbf_svm,0.514435025401,1.0,6,3,-0.0004643380462061,-0.0117616070190346,0.0112972689728284,"ret_1d,ret_20d,volume_ratio_20d,relative_strength_20d",0.0019929160189349204,0.0006617500039283186,,False,mktmind-qtm/data/marketmind_qml_dataset.csv,SPY
split_00_2018-12,42,2018-12-07,XLP,rbf_svm,0.623343875759,,5,4,-0.0040207276072319,-0.0117616070190346,0.0077408794118026,"ret_1d,ret_20d,volume_ratio_20d,relative_strength_20d",0.0019929160189349204,0.0006617500039283186,,False,mktmind-qtm/data/marketmind_qml_dataset.csv,SPY
split_00_2018-12,42,2018-12-07,XLRE,rbf_svm,-0.73209144165,,11,8,-0.0159008493547361,-0.0117616070190346,-0.0041392423357015,"ret_1d,ret_20d,volume_ratio_20d,relative_strength_20d",0.0019929160189349204,0.0006617500039283186,,False,mktmind-qtm/data/marketmind_qml_dataset.csv,SPY
split_00_2018-12,42,2018-12-07,XLU,rbf_svm,-0.231462805583,1.0,9,1,0.0063763274341193,-0.0117616070190346,0.0181379344531539,"ret_1d,ret_20d,volume_ratio_20d,relative_strength_20d",0.0019929160189349204,0.0006617500039283186,,False,mktmind-qtm/data/marketmind_qml_dataset.csv,SPY
split_00_2018-12,42,2018-12-07,XLV,rbf_svm,0.448025207592,0.0,7,9,-0.0176678502771245,-0.0117616070190346,-0.0059062432580899,"ret_1d,ret_20d,volume_ratio_20d,relative_strength_20d",0.0019929160189349204,0.0006617500039283186,,False,mktmind-qtm/data/marketmind_qml_dataset.csv,SPY
split_00_2018-12,42,2018-12-07,XLY,rbf_svm,0.763852849194,,3,5,-0.010061201383733,-0.0117616070190346,0.0017004056353016,"ret_1d,ret_20d,volume_ratio_20d,relative_strength_20d",0.0019929160189349204,0.0006617500039283186,,False,mktmind-qtm/data/marketmind_qml_dataset.csv,SPY
split_00_2018-12,42,2018-12-14,XLB,rbf_svm,0.334492771671,1.0,6,2,-0.0468408011285863,-0.0705048663770638,0.0236640652484775,"ret_1d,ret_20d,volume_ratio_20d,relative_strength_20d",0.0019929160189349204,0.0006617500039283186,,False,mktmind-qtm/data/marketmind_qml_dataset.csv,SPY
split_00_2018-12,42,2018-12-14,XLC,rbf_svm,0.044875999654,0.0,8,10,-0.0841638163282875,-0.0705048663770638,-0.0136589499512236,"ret_1d,ret_20d,volume_ratio_20d,relative_strength_20d",0.0019929160189349204,0.0006617500039283186,,False,mktmind-qtm/data/marketmind_qml_dataset.csv,SPY
split_00_2018-12,42,2018-12-14,XLE,rbf_svm,1.043564624598,0.0,3,11,-0.0878587606906938,-0.0705048663770638,-0.0173538943136299,"ret_1d,ret_20d,volume_ratio_20d,relative_strength_20d",0.0019929160189349204,0.0006617500039283186,,False,mktmind-qtm/data/marketmind_qml_dataset.csv,SPY
split_00_2018-12,42,2018-12-14,XLF,rbf_svm,-0.245782166428,1.0,9,3,-0.053956169169497,-0.0705048663770638,0.0165486972075667,"ret_1d,ret_20d,volume_ratio_20d,relative_strength_20d",0.0019929160189349204,0.0006617500039283186,,False,mktmind-qtm/data/marketmind_qml_dataset.csv,SPY
split_00_2018-12,42,2018-12-14,XLI,rbf_svm,0.75663691897,,5,5,-0.0658525725370194,-0.0705048663770638,0.0046522938400443,"ret_1d,ret_20d,volume_ratio_20d,relative_strength_20d",0.0019929160189349204,0.0006617500039283186,,False,mktmind-qtm/data/marketmind_qml_dataset.csv,SPY
split_00_2018-12,42,2018-12-14,XLK,rbf_svm,1.158575693727,,1,8,-0.0791861347752203,-0.0705048663770638,-0.0086812683981564,"ret_1d,ret_20d,volume_ratio_20d,relative_strength_20d",0.0019929160189349204,0.0006617500039283186,,False,mktmind-qtm/data/marketmind_qml_dataset.csv,SPY
split_00_2018-12,42,2018-12-14,XLP,rbf_svm,1.006862902302,,4,7,-0.0708406527730807,-0.0705048663770638,-0.0003357863960168,"ret_1d,ret_20d,volume_ratio_20d,relative_strength_20d",0.0019929160189349204,0.0006617500039283186,,False,mktmind-qtm/data/marketmind_qml_dataset.csv,SPY
split_00_2018-12,42,2018-12-14,XLRE,rbf_svm,-0.381654471013,,10,4,-0.063035620693857,-0.0705048663770638,0.0074692456832068,"ret_1d,ret_20d,volume_ratio_20d,relative_strength_20d",0.0019929160189349204,0.0006617500039283186,,False,mktmind-qtm/data/marketmind_qml_dataset.csv,SPY
split_00_2018-12,42,2018-12-14,XLU,rbf_svm,-0.5322116064,1.0,11,1,-0.044930732123724,-0.0705048663770638,0.0255741342533398,"ret_1d,ret_20d,volume_ratio_20d,relative_strength_20d",0.0019929160189349204,0.0006617500039283186,,False,mktmind-qtm/data/marketmind_qml_dataset.csv,SPY
split_00_2018-12,42,2018-12-14,XLV,rbf_svm,0.045889645266,,7,6,-0.0663747918958822,-0.0705048663770638,0.0041300744811816,"ret_1d,ret_20d,volume_ratio_20d,relative_strength_20d",0.0019929160189349204,0.0006617500039283186,,False,mktmind-qtm/data/marketmind_qml_dataset.csv,SPY
split_00_2018-12,42,2018-12-14,XLY,rbf_svm,1.060582231402,0.0,2,9,-0.0801573977578373,-0.0705048663770638,-0.0096525313807734,"ret_1d,ret_20d,volume_ratio_20d,relative_strength_20d",0.0019929160189349204,0.0006617500039283186,,False,mktmind-qtm/data/marketmind_qml_dataset.csv,SPY
split_00_2018-12,42,2018-12-21,XLB,rbf_svm,-0.122881563857,,5,5,0.0395058905700624,0.0383049320970712,0.0012009584729912,"ret_1d,ret_20d,volume_ratio_20d,relative_strength_20d",0.0019929160189349204,0.0006617500039283186,,False,mktmind-qtm/data/marketmind_qml_dataset.csv,SPY
split_00_2018-12,42,2018-12-21,XLC,rbf_svm,-0.158130015393,,6,6,0.0369254460263666,0.0383049320970712,-0.0013794860707045,"ret_1d,ret_20d,volume_ratio_20d,relative_strength_20d",0.0019929160189349204,0.0006617500039283186,,False,mktmind-qtm/data/marketmind_qml_dataset.csv,SPY
split_00_2018-12,42,2018-12-21,XLE,rbf_svm,-0.621074387195,,11,8,0.0220996476881398,0.0383049320970712,-0.0162052844089313,"ret_1d,ret_20d,volume_ratio_20d,relative_strength_20d",0.0019929160189349204,0.0006617500039283186,,False,mktmind-qtm/data/marketmind_qml_dataset.csv,SPY
split_00_2018-12,42,2018-12-21,XLF,rbf_svm,-0.246763922102,,8,4,0.0451950810675068,0.0383049320970712,0.0068901489704356,"ret_1d,ret_20d,volume_ratio_20d,relative_strength_20d",0.0019929160189349204,0.0006617500039283186,,False,mktmind-qtm/data/marketmind_qml_dataset.csv,SPY
split_00_2018-12,42,2018-12-21,XLI,rbf_svm,0.121758013833,,3,7,0.0346987558303935,0.0383049320970712,-0.0036061762666776,"ret_1d,ret_20d,volume_ratio_20d,relative_strength_20d",0.0019929160189349204,0.0006617500039283186,,False,mktmind-qtm/data/marketmind_qml_dataset.csv,SPY
split_00_2018-12,42,2018-12-21,XLK,rbf_svm,-0.210685357722,1.0,7,2,0.0469592896701787,0.0383049320970712,0.0086543575731075,"ret_1d,ret_20d,volume_ratio_20d,relative_strength_20d",0.0019929160189349204,0.0006617500039283186,,False,mktmind-qtm/data/marketmind_qml_dataset.csv,SPY
split_00_2018-12,42,2018-12-21,XLP,rbf_svm,0.182965321861,0.0,2,9,0.0119568633041897,0.0383049320970712,-0.0263480687928814,"ret_1d,ret_20d,volume_ratio_20d,relative_strength_20d",0.0019929160189349204,0.0006617500039283186,,False,mktmind-qtm/data/marketmind_qml_dataset.csv,SPY
split_00_2018-12,42,2018-12-21,XLRE,rbf_svm,-0.317040323371,0.0,9,10,0.0016155281232022,0.0383049320970712,-0.0366894039738689,"ret_1d,ret_20d,volume_ratio_20d,relative_strength_20d",0.0019929160189349204,0.0006617500039283186,,False,mktmind-qtm/data/marketmind_qml_dataset.csv,SPY
split_00_2018-12,42,2018-12-21,XLU,rbf_svm,-0.329236063501,0.0,10,11,-0.0165394346670039,0.0383049320970712,-0.0548443667640751,"ret_1d,ret_20d,volume_ratio_20d,relative_strength_20d",0.0019929160189349204,0.0006617500039283186,,False,mktmind-qtm/data/marketmind_qml_dataset.csv,SPY
split_00_2018-12,42,2018-12-21,XLV,rbf_svm,-0.026500447216,1.0,4,3,0.0463230922781199,0.0383049320970712,0.0080181601810487,"ret_1d,ret_20d,volume_ratio_20d,relative_strength_20d",0.0019929160189349204,0.0006617500039283186,,False,mktmind-qtm/data/marketmind_qml_dataset.csv,SPY
split_00_2018-12,42,2018-12-21,XLY,rbf_svm,0.365164758373,1.0,1,1,0.0559937285186671,0.0383049320970712,0.0176887964215959,"ret_1d,ret_20d,volume_ratio_20d,relative_strength_20d",0.0019929160189349204,0.0006617500039283186,,False,mktmind-qtm/data/marketmind_qml_dataset.csv,SPY
split_00_2018-12,42,2018-12-31,XLB,rbf_svm,-1.056262254056,,11,5,0.0292955242570231,0.0274087172559669,0.0018868070010562,"ret_1d,ret_20d,volume_ratio_20d,relative_strength_20d",0.0019929160189349204,0.0006617500039283186,,False,mktmind-qtm/data/marketmind_qml_dataset.csv,SPY
split_00_2018-12,42,2018-12-31,XLC,rbf_svm,-0.485459419728,1.0,1,1,0.0687984316605165,0.0274087172559669,0.0413897144045496,"ret_1d,ret_20d,volume_ratio_20d,relative_strength_20d",0.0019929160189349204,0.0006617500039283186,,False,mktmind-qtm/data/marketmind_qml_dataset.csv,SPY
split_00_2018-12,42,2018-12-31,XLE,rbf_svm,-0.694471684755,1.0,6,2,0.0676548877490232,0.0274087172559669,0.0402461704930563,"ret_1d,ret_20d,volume_ratio_20d,relative_strength_20d",0.0019929160189349204,0.0006617500039283186,,False,mktmind-qtm/data/marketmind_qml_dataset.csv,SPY
split_00_2018-12,42,2018-12-31,XLF,rbf_svm,-0.549243817927,,2,6,0.0205710068723767,0.0274087172559669,-0.0068377103835901,"ret_1d,ret_20d,volume_ratio_20d,relative_strength_20d",0.0019929160189349204,0.0006617500039283186,,False,mktmind-qtm/data/marketmind_qml_dataset.csv,SPY
split_00_2018-12,42,2018-12-31,XLI,rbf_svm,-0.5609859462,,3,4,0.0336906861041008,0.0274087172559669,0.0062819688481339,"ret_1d,ret_20d,volume_ratio_20d,relative_strength_20d",0.0019929160189349204,0.0006617500039283186,,False,mktmind-qtm/data/marketmind_qml_dataset.csv,SPY
split_00_2018-12,42,2018-12-31,XLK,rbf_svm,-0.928434088198,0.0,9,9,0.009519232134602,0.0274087172559669,-0.0178894851213649,"ret_1d,ret_20d,volume_ratio_20d,relative_strength_20d",0.0019929160189349204,0.0006617500039283186,,False,mktmind-qtm/data/marketmind_qml_dataset.csv,SPY
split_00_2018-12,42,2018-12-31,XLP,rbf_svm,-0.741863355409,,7,8,0.0173298961800727,0.0274087172559669,-0.0100788210758941,"ret_1d,ret_20d,volume_ratio_20d,relative_strength_20d",0.0019929160189349204,0.0006617500039283186,,False,mktmind-qtm/data/marketmind_qml_dataset.csv,SPY
split_00_2018-12,42,2018-12-31,XLRE,rbf_svm,-0.653705959565,,5,7,0.0174194993644047,0.0274087172559669,-0.0099892178915621,"ret_1d,ret_20d,volume_ratio_20d,relative_strength_20d",0.0019929160189349204,0.0006617500039283186,,False,mktmind-qtm/data/marketmind_qml_dataset.csv,SPY
split_00_2018-12,42,2018-12-31,XLU,rbf_svm,-0.603759845976,0.0,4,11,0.00264528978489,0.0274087172559669,-0.0247634274710768,"ret_1d,ret_20d,volume_ratio_20d,relative_strength_20d",0.0019929160189349204,0.0006617500039283186,,False,mktmind-qtm/data/marketmind_qml_dataset.csv,SPY
split_00_2018-12,42,2018-12-31,XLV,rbf_svm,-0.830847307596,0.0,8,10,0.0052016785919632,0.0274087172559669,-0.0222070386640036,"ret_1d,ret_20d,volume_ratio_20d,relative_strength_20d",0.0019929160189349204,0.0006617500039283186,,False,mktmind-qtm/data/marketmind_qml_dataset.csv,SPY
split_00_2018-12,42,2018-12-31,XLY,rbf_svm,-0.960710304456,1.0,10,3,0.0529240874900942,0.0274087172559669,0.0255153702341273,"ret_1d,ret_20d,volume_ratio_20d,relative_strength_20d",0.0019929160189349204,0.0006617500039283186,,False,mktmind-qtm/data/marketmind_qml_dataset.csv,SPY
split_00_2018-12,42,2018-12-07,XLB,small_mlp,0.526332003062,,5,6,-0.0113657635562893,-0.0117616070190346,0.0003958434627452,"ret_1d,ret_20d,volume_ratio_20d,relative_strength_20d",0.009820250008488074,0.0001143749977927655,25.0,False,mktmind-qtm/data/marketmind_qml_dataset.csv,SPY
split_00_2018-12,42,2018-12-07,XLC,small_mlp,0.511570412884,1.0,9,2,0.0048390623680889,-0.0117616070190346,0.0166006693871235,"ret_1d,ret_20d,volume_ratio_20d,relative_strength_20d",0.009820250008488074,0.0001143749977927655,25.0,False,mktmind-qtm/data/marketmind_qml_dataset.csv,SPY
split_00_2018-12,42,2018-12-07,XLE,small_mlp,0.48795955706,0.0,11,10,-0.0309036250716863,-0.0117616070190346,-0.0191420180526517,"ret_1d,ret_20d,volume_ratio_20d,relative_strength_20d",0.009820250008488074,0.0001143749977927655,25.0,False,mktmind-qtm/data/marketmind_qml_dataset.csv,SPY
split_00_2018-12,42,2018-12-07,XLF,small_mlp,0.512839732754,0.0,8,11,-0.0346477056441223,-0.0117616070190346,-0.0228860986250877,"ret_1d,ret_20d,volume_ratio_20d,relative_strength_20d",0.009820250008488074,0.0001143749977927655,25.0,False,mktmind-qtm/data/marketmind_qml_dataset.csv,SPY
split_00_2018-12,42,2018-12-07,XLI,small_mlp,0.526090016797,,6,7,-0.014405144849957,-0.0117616070190346,-0.0026435378309224,"ret_1d,ret_20d,volume_ratio_20d,relative_strength_20d",0.009820250008488074,0.0001143749977927655,25.0,False,mktmind-qtm/data/marketmind_qml_dataset.csv,SPY
split_00_2018-12,42,2018-12-07,XLK,small_mlp,0.532497731701,1.0,3,3,-0.0004643380462061,-0.0117616070190346,0.0112972689728284,"ret_1d,ret_20d,volume_ratio_20d,relative_strength_20d",0.009820250008488074,0.0001143749977927655,25.0,False,mktmind-qtm/data/marketmind_qml_dataset.csv,SPY
split_00_2018-12,42,2018-12-07,XLP,small_mlp,0.51796768175,,7,4,-0.0040207276072319,-0.0117616070190346,0.0077408794118026,"ret_1d,ret_20d,volume_ratio_20d,relative_strength_20d",0.009820250008488074,0.0001143749977927655,25.0,False,mktmind-qtm/data/marketmind_qml_dataset.csv,SPY
split_00_2018-12,42,2018-12-07,XLRE,small_mlp,0.536452056117,,2,8,-0.0159008493547361,-0.0117616070190346,-0.0041392423357015,"ret_1d,ret_20d,volume_ratio_20d,relative_strength_20d",0.009820250008488074,0.0001143749977927655,25.0,False,mktmind-qtm/data/marketmind_qml_dataset.csv,SPY
split_00_2018-12,42,2018-12-07,XLU,small_mlp,0.506560647463,1.0,10,1,0.0063763274341193,-0.0117616070190346,0.0181379344531539,"ret_1d,ret_20d,volume_ratio_20d,relative_strength_20d",0.009820250008488074,0.0001143749977927655,25.0,False,mktmind-qtm/data/marketmind_qml_dataset.csv,SPY
split_00_2018-12,42,2018-12-07,XLV,small_mlp,0.538585568997,0.0,1,9,-0.0176678502771245,-0.0117616070190346,-0.0059062432580899,"ret_1d,ret_20d,volume_ratio_20d,relative_strength_20d",0.009820250008488074,0.0001143749977927655,25.0,False,mktmind-qtm/data/marketmind_qml_dataset.csv,SPY
split_00_2018-12,42,2018-12-07,XLY,small_mlp,0.532136306149,,4,5,-0.010061201383733,-0.0117616070190346,0.0017004056353016,"ret_1d,ret_20d,volume_ratio_20d,relative_strength_20d",0.009820250008488074,0.0001143749977927655,25.0,False,mktmind-qtm/data/marketmind_qml_dataset.csv,SPY
split_00_2018-12,42,2018-12-14,XLB,small_mlp,0.491866295754,1.0,10,2,-0.0468408011285863,-0.0705048663770638,0.0236640652484775,"ret_1d,ret_20d,volume_ratio_20d,relative_strength_20d",0.009820250008488074,0.0001143749977927655,25.0,False,mktmind-qtm/data/marketmind_qml_dataset.csv,SPY
split_00_2018-12,42,2018-12-14,XLC,small_mlp,0.4998371144,0.0,8,10,-0.0841638163282875,-0.0705048663770638,-0.0136589499512236,"ret_1d,ret_20d,volume_ratio_20d,relative_strength_20d",0.009820250008488074,0.0001143749977927655,25.0,False,mktmind-qtm/data/marketmind_qml_dataset.csv,SPY
split_00_2018-12,42,2018-12-14,XLE,small_mlp,0.520059749765,0.0,3,11,-0.0878587606906938,-0.0705048663770638,-0.0173538943136299,"ret_1d,ret_20d,volume_ratio_20d,relative_strength_20d",0.009820250008488074,0.0001143749977927655,25.0,False,mktmind-qtm/data/marketmind_qml_dataset.csv,SPY
split_00_2018-12,42,2018-12-14,XLF,small_mlp,0.485138414421,1.0,11,3,-0.053956169169497,-0.0705048663770638,0.0165486972075667,"ret_1d,ret_20d,volume_ratio_20d,relative_strength_20d",0.009820250008488074,0.0001143749977927655,25.0,False,mktmind-qtm/data/marketmind_qml_dataset.csv,SPY
split_00_2018-12,42,2018-12-14,XLI,small_mlp,0.500109555154,,7,5,-0.0658525725370194,-0.0705048663770638,0.0046522938400443,"ret_1d,ret_20d,volume_ratio_20d,relative_strength_20d",0.009820250008488074,0.0001143749977927655,25.0,False,mktmind-qtm/data/marketmind_qml_dataset.csv,SPY
split_00_2018-12,42,2018-12-14,XLK,small_mlp,0.525663783849,,2,8,-0.0791861347752203,-0.0705048663770638,-0.0086812683981564,"ret_1d,ret_20d,volume_ratio_20d,relative_strength_20d",0.009820250008488074,0.0001143749977927655,25.0,False,mktmind-qtm/data/marketmind_qml_dataset.csv,SPY
split_00_2018-12,42,2018-12-14,XLP,small_mlp,0.516080892302,,4,7,-0.0708406527730807,-0.0705048663770638,-0.0003357863960168,"ret_1d,ret_20d,volume_ratio_20d,relative_strength_20d",0.009820250008488074,0.0001143749977927655,25.0,False,mktmind-qtm/data/marketmind_qml_dataset.csv,SPY
split_00_2018-12,42,2018-12-14,XLRE,small_mlp,0.499435958755,,9,4,-0.063035620693857,-0.0705048663770638,0.0074692456832068,"ret_1d,ret_20d,volume_ratio_20d,relative_strength_20d",0.009820250008488074,0.0001143749977927655,25.0,False,mktmind-qtm/data/marketmind_qml_dataset.csv,SPY
split_00_2018-12,42,2018-12-14,XLU,small_mlp,0.515331384769,1.0,5,1,-0.044930732123724,-0.0705048663770638,0.0255741342533398,"ret_1d,ret_20d,volume_ratio_20d,relative_strength_20d",0.009820250008488074,0.0001143749977927655,25.0,False,mktmind-qtm/data/marketmind_qml_dataset.csv,SPY
split_00_2018-12,42,2018-12-14,XLV,small_mlp,0.546835483225,,1,6,-0.0663747918958822,-0.0705048663770638,0.0041300744811816,"ret_1d,ret_20d,volume_ratio_20d,relative_strength_20d",0.009820250008488074,0.0001143749977927655,25.0,False,mktmind-qtm/data/marketmind_qml_dataset.csv,SPY
split_00_2018-12,42,2018-12-14,XLY,small_mlp,0.50873773189,0.0,6,9,-0.0801573977578373,-0.0705048663770638,-0.0096525313807734,"ret_1d,ret_20d,volume_ratio_20d,relative_strength_20d",0.009820250008488074,0.0001143749977927655,25.0,False,mktmind-qtm/data/marketmind_qml_dataset.csv,SPY
split_00_2018-12,42,2018-12-21,XLB,small_mlp,0.503906155647,,10,5,0.0395058905700624,0.0383049320970712,0.0012009584729912,"ret_1d,ret_20d,volume_ratio_20d,relative_strength_20d",0.009820250008488074,0.0001143749977927655,25.0,False,mktmind-qtm/data/marketmind_qml_dataset.csv,SPY
split_00_2018-12,42,2018-12-21,XLC,small_mlp,0.544085627507,,1,6,0.0369254460263666,0.0383049320970712,-0.0013794860707045,"ret_1d,ret_20d,volume_ratio_20d,relative_strength_20d",0.009820250008488074,0.0001143749977927655,25.0,False,mktmind-qtm/data/marketmind_qml_dataset.csv,SPY
split_00_2018-12,42,2018-12-21,XLE,small_mlp,0.485152702581,,11,8,0.0220996476881398,0.0383049320970712,-0.0162052844089313,"ret_1d,ret_20d,volume_ratio_20d,relative_strength_20d",0.009820250008488074,0.0001143749977927655,25.0,False,mktmind-qtm/data/marketmind_qml_dataset.csv,SPY
split_00_2018-12,42,2018-12-21,XLF,small_mlp,0.505832024541,,9,4,0.0451950810675068,0.0383049320970712,0.0068901489704356,"ret_1d,ret_20d,volume_ratio_20d,relative_strength_20d",0.009820250008488074,0.0001143749977927655,25.0,False,mktmind-qtm/data/marketmind_qml_dataset.csv,SPY
split_00_2018-12,42,2018-12-21,XLI,small_mlp,0.513228799973,,7,7,0.0346987558303935,0.0383049320970712,-0.0036061762666776,"ret_1d,ret_20d,volume_ratio_20d,relative_strength_20d",0.009820250008488074,0.0001143749977927655,25.0,False,mktmind-qtm/data/marketmind_qml_dataset.csv,SPY
split_00_2018-12,42,2018-12-21,XLK,small_mlp,0.541389678205,1.0,2,2,0.0469592896701787,0.0383049320970712,0.0086543575731075,"ret_1d,ret_20d,volume_ratio_20d,relative_strength_20d",0.009820250008488074,0.0001143749977927655,25.0,False,mktmind-qtm/data/marketmind_qml_dataset.csv,SPY
split_00_2018-12,42,2018-12-21,XLP,small_mlp,0.510271403046,0.0,8,9,0.0119568633041897,0.0383049320970712,-0.0263480687928814,"ret_1d,ret_20d,volume_ratio_20d,relative_strength_20d",0.009820250008488074,0.0001143749977927655,25.0,False,mktmind-qtm/data/marketmind_qml_dataset.csv,SPY
split_00_2018-12,42,2018-12-21,XLRE,small_mlp,0.529769941113,0.0,3,10,0.0016155281232022,0.0383049320970712,-0.0366894039738689,"ret_1d,ret_20d,volume_ratio_20d,relative_strength_20d",0.009820250008488074,0.0001143749977927655,25.0,False,mktmind-qtm/data/marketmind_qml_dataset.csv,SPY
split_00_2018-12,42,2018-12-21,XLU,small_mlp,0.525304423478,0.0,5,11,-0.0165394346670039,0.0383049320970712,-0.0548443667640751,"ret_1d,ret_20d,volume_ratio_20d,relative_strength_20d",0.009820250008488074,0.0001143749977927655,25.0,False,mktmind-qtm/data/marketmind_qml_dataset.csv,SPY
split_00_2018-12,42,2018-12-21,XLV,small_mlp,0.516578950826,1.0,6,3,0.0463230922781199,0.0383049320970712,0.0080181601810487,"ret_1d,ret_20d,volume_ratio_20d,relative_strength_20d",0.009820250008488074,0.0001143749977927655,25.0,False,mktmind-qtm/data/marketmind_qml_dataset.csv,SPY
split_00_2018-12,42,2018-12-21,XLY,small_mlp,0.527078783141,1.0,4,1,0.0559937285186671,0.0383049320970712,0.0176887964215959,"ret_1d,ret_20d,volume_ratio_20d,relative_strength_20d",0.009820250008488074,0.0001143749977927655,25.0,False,mktmind-qtm/data/marketmind_qml_dataset.csv,SPY
split_00_2018-12,42,2018-12-31,XLB,small_mlp,0.469131647901,,5,5,0.0292955242570231,0.0274087172559669,0.0018868070010562,"ret_1d,ret_20d,volume_ratio_20d,relative_strength_20d",0.009820250008488074,0.0001143749977927655,25.0,False,mktmind-qtm/data/marketmind_qml_dataset.csv,SPY
split_00_2018-12,42,2018-12-31,XLC,small_mlp,0.483035017379,1.0,3,1,0.0687984316605165,0.0274087172559669,0.0413897144045496,"ret_1d,ret_20d,volume_ratio_20d,relative_strength_20d",0.009820250008488074,0.0001143749977927655,25.0,False,mktmind-qtm/data/marketmind_qml_dataset.csv,SPY
split_00_2018-12,42,2018-12-31,XLE,small_mlp,0.461174593044,1.0,8,2,0.0676548877490232,0.0274087172559669,0.0402461704930563,"ret_1d,ret_20d,volume_ratio_20d,relative_strength_20d",0.009820250008488074,0.0001143749977927655,25.0,False,mktmind-qtm/data/marketmind_qml_dataset.csv,SPY
split_00_2018-12,42,2018-12-31,XLF,small_mlp,0.458047552083,,10,6,0.0205710068723767,0.0274087172559669,-0.0068377103835901,"ret_1d,ret_20d,volume_ratio_20d,relative_strength_20d",0.009820250008488074,0.0001143749977927655,25.0,False,mktmind-qtm/data/marketmind_qml_dataset.csv,SPY
split_00_2018-12,42,2018-12-31,XLI,small_mlp,0.458540817442,,9,4,0.0336906861041008,0.0274087172559669,0.0062819688481339,"ret_1d,ret_20d,volume_ratio_20d,relative_strength_20d",0.009820250008488074,0.0001143749977927655,25.0,False,mktmind-qtm/data/marketmind_qml_dataset.csv,SPY
split_00_2018-12,42,2018-12-31,XLK,small_mlp,0.466735216872,0.0,6,9,0.009519232134602,0.0274087172559669,-0.0178894851213649,"ret_1d,ret_20d,volume_ratio_20d,relative_strength_20d",0.009820250008488074,0.0001143749977927655,25.0,False,mktmind-qtm/data/marketmind_qml_dataset.csv,SPY
split_00_2018-12,42,2018-12-31,XLP,small_mlp,0.470455618756,,4,8,0.0173298961800727,0.0274087172559669,-0.0100788210758941,"ret_1d,ret_20d,volume_ratio_20d,relative_strength_20d",0.009820250008488074,0.0001143749977927655,25.0,False,mktmind-qtm/data/marketmind_qml_dataset.csv,SPY
split_00_2018-12,42,2018-12-31,XLRE,small_mlp,0.484269982179,,2,7,0.0174194993644047,0.0274087172559669,-0.0099892178915621,"ret_1d,ret_20d,volume_ratio_20d,relative_strength_20d",0.009820250008488074,0.0001143749977927655,25.0,False,mktmind-qtm/data/marketmind_qml_dataset.csv,SPY
split_00_2018-12,42,2018-12-31,XLU,small_mlp,0.494344895428,0.0,1,11,0.00264528978489,0.0274087172559669,-0.0247634274710768,"ret_1d,ret_20d,volume_ratio_20d,relative_strength_20d",0.009820250008488074,0.0001143749977927655,25.0,False,mktmind-qtm/data/marketmind_qml_dataset.csv,SPY
split_00_2018-12,42,2018-12-31,XLV,small_mlp,0.457216868107,0.0,11,10,0.0052016785919632,0.0274087172559669,-0.0222070386640036,"ret_1d,ret_20d,volume_ratio_20d,relative_strength_20d",0.009820250008488074,0.0001143749977927655,25.0,False,mktmind-qtm/data/marketmind_qml_dataset.csv,SPY
split_00_2018-12,42,2018-12-31,XLY,small_mlp,0.464264424327,1.0,7,3,0.0529240874900942,0.0274087172559669,0.0255153702341273,"ret_1d,ret_20d,volume_ratio_20d,relative_strength_20d",0.009820250008488074,0.0001143749977927655,25.0,False,mktmind-qtm/data/marketmind_qml_dataset.csv,SPY
split_00_2018-12,42,2018-12-07,XLB,xgboost,0.597729623318,,7,6,-0.0113657635562893,-0.0117616070190346,0.0003958434627452,"ret_1d,ret_20d,volume_ratio_20d,relative_strength_20d",0.0152437080105301,0.0015819999971427023,,False,mktmind-qtm/data/marketmind_qml_dataset.csv,SPY
split_00_2018-12,42,2018-12-07,XLC,xgboost,0.709056854248,1.0,1,2,0.0048390623680889,-0.0117616070190346,0.0166006693871235,"ret_1d,ret_20d,volume_ratio_20d,relative_strength_20d",0.0152437080105301,0.0015819999971427023,,False,mktmind-qtm/data/marketmind_qml_dataset.csv,SPY
split_00_2018-12,42,2018-12-07,XLE,xgboost,0.519885957241,0.0,11,10,-0.0309036250716863,-0.0117616070190346,-0.0191420180526517,"ret_1d,ret_20d,volume_ratio_20d,relative_strength_20d",0.0152437080105301,0.0015819999971427023,,False,mktmind-qtm/data/marketmind_qml_dataset.csv,SPY
split_00_2018-12,42,2018-12-07,XLF,xgboost,0.697515547276,0.0,2,11,-0.0346477056441223,-0.0117616070190346,-0.0228860986250877,"ret_1d,ret_20d,volume_ratio_20d,relative_strength_20d",0.0152437080105301,0.0015819999971427023,,False,mktmind-qtm/data/marketmind_qml_dataset.csv,SPY
split_00_2018-12,42,2018-12-07,XLI,xgboost,0.663659930229,,4,7,-0.014405144849957,-0.0117616070190346,-0.0026435378309224,"ret_1d,ret_20d,volume_ratio_20d,relative_strength_20d",0.0152437080105301,0.0015819999971427023,,False,mktmind-qtm/data/marketmind_qml_dataset.csv,SPY
split_00_2018-12,42,2018-12-07,XLK,xgboost,0.663659930229,1.0,5,3,-0.0004643380462061,-0.0117616070190346,0.0112972689728284,"ret_1d,ret_20d,volume_ratio_20d,relative_strength_20d",0.0152437080105301,0.0015819999971427023,,False,mktmind-qtm/data/marketmind_qml_dataset.csv,SPY
split_00_2018-12,42,2018-12-07,XLP,xgboost,0.664988279343,,3,4,-0.0040207276072319,-0.0117616070190346,0.0077408794118026,"ret_1d,ret_20d,volume_ratio_20d,relative_strength_20d",0.0152437080105301,0.0015819999971427023,,False,mktmind-qtm/data/marketmind_qml_dataset.csv,SPY
split_00_2018-12,42,2018-12-07,XLRE,xgboost,0.551195383072,,9,8,-0.0159008493547361,-0.0117616070190346,-0.0041392423357015,"ret_1d,ret_20d,volume_ratio_20d,relative_strength_20d",0.0152437080105301,0.0015819999971427023,,False,mktmind-qtm/data/marketmind_qml_dataset.csv,SPY
split_00_2018-12,42,2018-12-07,XLU,xgboost,0.542745471001,1.0,10,1,0.0063763274341193,-0.0117616070190346,0.0181379344531539,"ret_1d,ret_20d,volume_ratio_20d,relative_strength_20d",0.0152437080105301,0.0015819999971427023,,False,mktmind-qtm/data/marketmind_qml_dataset.csv,SPY
split_00_2018-12,42,2018-12-07,XLV,xgboost,0.561027646065,0.0,8,9,-0.0176678502771245,-0.0117616070190346,-0.0059062432580899,"ret_1d,ret_20d,volume_ratio_20d,relative_strength_20d",0.0152437080105301,0.0015819999971427023,,False,mktmind-qtm/data/marketmind_qml_dataset.csv,SPY
split_00_2018-12,42,2018-12-07,XLY,xgboost,0.658173203468,,6,5,-0.010061201383733,-0.0117616070190346,0.0017004056353016,"ret_1d,ret_20d,volume_ratio_20d,relative_strength_20d",0.0152437080105301,0.0015819999971427023,,False,mktmind-qtm/data/marketmind_qml_dataset.csv,SPY
split_00_2018-12,42,2018-12-14,XLB,xgboost,0.401575475931,1.0,10,2,-0.0468408011285863,-0.0705048663770638,0.0236640652484775,"ret_1d,ret_20d,volume_ratio_20d,relative_strength_20d",0.0152437080105301,0.0015819999971427023,,False,mktmind-qtm/data/marketmind_qml_dataset.csv,SPY
split_00_2018-12,42,2018-12-14,XLC,xgboost,0.482719779015,0.0,8,10,-0.0841638163282875,-0.0705048663770638,-0.0136589499512236,"ret_1d,ret_20d,volume_ratio_20d,relative_strength_20d",0.0152437080105301,0.0015819999971427023,,False,mktmind-qtm/data/marketmind_qml_dataset.csv,SPY
split_00_2018-12,42,2018-12-14,XLE,xgboost,0.603403925896,0.0,4,11,-0.0878587606906938,-0.0705048663770638,-0.0173538943136299,"ret_1d,ret_20d,volume_ratio_20d,relative_strength_20d",0.0152437080105301,0.0015819999971427023,,False,mktmind-qtm/data/marketmind_qml_dataset.csv,SPY
split_00_2018-12,42,2018-12-14,XLF,xgboost,0.555116832256,1.0,7,3,-0.053956169169497,-0.0705048663770638,0.0165486972075667,"ret_1d,ret_20d,volume_ratio_20d,relative_strength_20d",0.0152437080105301,0.0015819999971427023,,False,mktmind-qtm/data/marketmind_qml_dataset.csv,SPY
split_00_2018-12,42,2018-12-14,XLI,xgboost,0.72136169672,,1,5,-0.0658525725370194,-0.0705048663770638,0.0046522938400443,"ret_1d,ret_20d,volume_ratio_20d,relative_strength_20d",0.0152437080105301,0.0015819999971427023,,False,mktmind-qtm/data/marketmind_qml_dataset.csv,SPY
split_00_2018-12,42,2018-12-14,XLK,xgboost,0.579783916473,,6,8,-0.0791861347752203,-0.0705048663770638,-0.0086812683981564,"ret_1d,ret_20d,volume_ratio_20d,relative_strength_20d",0.0152437080105301,0.0015819999971427023,,False,mktmind-qtm/data/marketmind_qml_dataset.csv,SPY
split_00_2018-12,42,2018-12-14,XLP,xgboost,0.634238064289,,3,7,-0.0708406527730807,-0.0705048663770638,-0.0003357863960168,"ret_1d,ret_20d,volume_ratio_20d,relative_strength_20d",0.0152437080105301,0.0015819999971427023,,False,mktmind-qtm/data/marketmind_qml_dataset.csv,SPY
split_00_2018-12,42,2018-12-14,XLRE,xgboost,0.640462338924,,2,4,-0.063035620693857,-0.0705048663770638,0.0074692456832068,"ret_1d,ret_20d,volume_ratio_20d,relative_strength_20d",0.0152437080105301,0.0015819999971427023,,False,mktmind-qtm/data/marketmind_qml_dataset.csv,SPY
split_00_2018-12,42,2018-12-14,XLU,xgboost,0.346823781729,1.0,11,1,-0.044930732123724,-0.0705048663770638,0.0255741342533398,"ret_1d,ret_20d,volume_ratio_20d,relative_strength_20d",0.0152437080105301,0.0015819999971427023,,False,mktmind-qtm/data/marketmind_qml_dataset.csv,SPY
split_00_2018-12,42,2018-12-14,XLV,xgboost,0.474695920944,,9,6,-0.0663747918958822,-0.0705048663770638,0.0041300744811816,"ret_1d,ret_20d,volume_ratio_20d,relative_strength_20d",0.0152437080105301,0.0015819999971427023,,False,mktmind-qtm/data/marketmind_qml_dataset.csv,SPY
split_00_2018-12,42,2018-12-14,XLY,xgboost,0.599331140518,0.0,5,9,-0.0801573977578373,-0.0705048663770638,-0.0096525313807734,"ret_1d,ret_20d,volume_ratio_20d,relative_strength_20d",0.0152437080105301,0.0015819999971427023,,False,mktmind-qtm/data/marketmind_qml_dataset.csv,SPY
split_00_2018-12,42,2018-12-21,XLB,xgboost,0.566067397594,,6,5,0.0395058905700624,0.0383049320970712,0.0012009584729912,"ret_1d,ret_20d,volume_ratio_20d,relative_strength_20d",0.0152437080105301,0.0015819999971427023,,False,mktmind-qtm/data/marketmind_qml_dataset.csv,SPY
split_00_2018-12,42,2018-12-21,XLC,xgboost,0.548826038837,,8,6,0.0369254460263666,0.0383049320970712,-0.0013794860707045,"ret_1d,ret_20d,volume_ratio_20d,relative_strength_20d",0.0152437080105301,0.0015819999971427023,,False,mktmind-qtm/data/marketmind_qml_dataset.csv,SPY
split_00_2018-12,42,2018-12-21,XLE,xgboost,0.529351830482,,10,8,0.0220996476881398,0.0383049320970712,-0.0162052844089313,"ret_1d,ret_20d,volume_ratio_20d,relative_strength_20d",0.0152437080105301,0.0015819999971427023,,False,mktmind-qtm/data/marketmind_qml_dataset.csv,SPY
split_00_2018-12,42,2018-12-21,XLF,xgboost,0.640225887299,,1,4,0.0451950810675068,0.0383049320970712,0.0068901489704356,"ret_1d,ret_20d,volume_ratio_20d,relative_strength_20d",0.0152437080105301,0.0015819999971427023,,False,mktmind-qtm/data/marketmind_qml_dataset.csv,SPY
split_00_2018-12,42,2018-12-21,XLI,xgboost,0.640225887299,,2,7,0.0346987558303935,0.0383049320970712,-0.0036061762666776,"ret_1d,ret_20d,volume_ratio_20d,relative_strength_20d",0.0152437080105301,0.0015819999971427023,,False,mktmind-qtm/data/marketmind_qml_dataset.csv,SPY
split_00_2018-12,42,2018-12-21,XLK,xgboost,0.548826038837,1.0,9,2,0.0469592896701787,0.0383049320970712,0.0086543575731075,"ret_1d,ret_20d,volume_ratio_20d,relative_strength_20d",0.0152437080105301,0.0015819999971427023,,False,mktmind-qtm/data/marketmind_qml_dataset.csv,SPY
split_00_2018-12,42,2018-12-21,XLP,xgboost,0.512102305889,0.0,11,9,0.0119568633041897,0.0383049320970712,-0.0263480687928814,"ret_1d,ret_20d,volume_ratio_20d,relative_strength_20d",0.0152437080105301,0.0015819999971427023,,False,mktmind-qtm/data/marketmind_qml_dataset.csv,SPY
split_00_2018-12,42,2018-12-21,XLRE,xgboost,0.573596119881,0.0,4,10,0.0016155281232022,0.0383049320970712,-0.0366894039738689,"ret_1d,ret_20d,volume_ratio_20d,relative_strength_20d",0.0152437080105301,0.0015819999971427023,,False,mktmind-qtm/data/marketmind_qml_dataset.csv,SPY
split_00_2018-12,42,2018-12-21,XLU,xgboost,0.568236172199,0.0,5,11,-0.0165394346670039,0.0383049320970712,-0.0548443667640751,"ret_1d,ret_20d,volume_ratio_20d,relative_strength_20d",0.0152437080105301,0.0015819999971427023,,False,mktmind-qtm/data/marketmind_qml_dataset.csv,SPY
split_00_2018-12,42,2018-12-21,XLV,xgboost,0.579401373863,1.0,3,3,0.0463230922781199,0.0383049320970712,0.0080181601810487,"ret_1d,ret_20d,volume_ratio_20d,relative_strength_20d",0.0152437080105301,0.0015819999971427023,,False,mktmind-qtm/data/marketmind_qml_dataset.csv,SPY
split_00_2018-12,42,2018-12-21,XLY,xgboost,0.559174776077,1.0,7,1,0.0559937285186671,0.0383049320970712,0.0176887964215959,"ret_1d,ret_20d,volume_ratio_20d,relative_strength_20d",0.0152437080105301,0.0015819999971427023,,False,mktmind-qtm/data/marketmind_qml_dataset.csv,SPY
split_00_2018-12,42,2018-12-31,XLB,xgboost,0.452705949545,,9,5,0.0292955242570231,0.0274087172559669,0.0018868070010562,"ret_1d,ret_20d,volume_ratio_20d,relative_strength_20d",0.0152437080105301,0.0015819999971427023,,False,mktmind-qtm/data/marketmind_qml_dataset.csv,SPY
split_00_2018-12,42,2018-12-31,XLC,xgboost,0.533589184284,1.0,2,1,0.0687984316605165,0.0274087172559669,0.0413897144045496,"ret_1d,ret_20d,volume_ratio_20d,relative_strength_20d",0.0152437080105301,0.0015819999971427023,,False,mktmind-qtm/data/marketmind_qml_dataset.csv,SPY
split_00_2018-12,42,2018-12-31,XLE,xgboost,0.459438472986,1.0,8,2,0.0676548877490232,0.0274087172559669,0.0402461704930563,"ret_1d,ret_20d,volume_ratio_20d,relative_strength_20d",0.0152437080105301,0.0015819999971427023,,False,mktmind-qtm/data/marketmind_qml_dataset.csv,SPY
split_00_2018-12,42,2018-12-31,XLF,xgboost,0.47079962492,,5,6,0.0205710068723767,0.0274087172559669,-0.0068377103835901,"ret_1d,ret_20d,volume_ratio_20d,relative_strength_20d",0.0152437080105301,0.0015819999971427023,,False,mktmind-qtm/data/marketmind_qml_dataset.csv,SPY
split_00_2018-12,42,2018-12-31,XLI,xgboost,0.450267612934,,10,4,0.0336906861041008,0.0274087172559669,0.0062819688481339,"ret_1d,ret_20d,volume_ratio_20d,relative_strength_20d",0.0152437080105301,0.0015819999971427023,,False,mktmind-qtm/data/marketmind_qml_dataset.csv,SPY
split_00_2018-12,42,2018-12-31,XLK,xgboost,0.42715549469,0.0,11,9,0.009519232134602,0.0274087172559669,-0.0178894851213649,"ret_1d,ret_20d,volume_ratio_20d,relative_strength_20d",0.0152437080105301,0.0015819999971427023,,False,mktmind-qtm/data/marketmind_qml_dataset.csv,SPY
split_00_2018-12,42,2018-12-31,XLP,xgboost,0.543743908405,,1,8,0.0173298961800727,0.0274087172559669,-0.0100788210758941,"ret_1d,ret_20d,volume_ratio_20d,relative_strength_20d",0.0152437080105301,0.0015819999971427023,,False,mktmind-qtm/data/marketmind_qml_dataset.csv,SPY
split_00_2018-12,42,2018-12-31,XLRE,xgboost,0.513878524303,,3,7,0.0174194993644047,0.0274087172559669,-0.0099892178915621,"ret_1d,ret_20d,volume_ratio_20d,relative_strength_20d",0.0152437080105301,0.0015819999971427023,,False,mktmind-qtm/data/marketmind_qml_dataset.csv,SPY
split_00_2018-12,42,2018-12-31,XLU,xgboost,0.50433909893,0.0,4,11,0.00264528978489,0.0274087172559669,-0.0247634274710768,"ret_1d,ret_20d,volume_ratio_20d,relative_strength_20d",0.0152437080105301,0.0015819999971427023,,False,mktmind-qtm/data/marketmind_qml_dataset.csv,SPY
split_00_2018-12,42,2018-12-31,XLV,xgboost,0.464716255665,0.0,7,10,0.0052016785919632,0.0274087172559669,-0.0222070386640036,"ret_1d,ret_20d,volume_ratio_20d,relative_strength_20d",0.0152437080105301,0.0015819999971427023,,False,mktmind-qtm/data/marketmind_qml_dataset.csv,SPY
split_00_2018-12,42,2018-12-31,XLY,xgboost,0.470165133476,1.0,6,3,0.0529240874900942,0.0274087172559669,0.0255153702341273,"ret_1d,ret_20d,volume_ratio_20d,relative_strength_20d",0.0152437080105301,0.0015819999971427023,,False,mktmind-qtm/data/marketmind_qml_dataset.csv,SPY
split_00_2018-12,42,2018-12-07,XLB,pennylane_qnn,-0.619701164109,,4,6,-0.0113657635562893,-0.0117616070190346,0.0003958434627452,"ret_1d,ret_20d,volume_ratio_20d,relative_strength_20d",21.175628917000722,0.12889570801053196,13.0,False,mktmind-qtm/data/marketmind_qml_dataset.csv,SPY
split_00_2018-12,42,2018-12-07,XLC,pennylane_qnn,-0.585346869567,1.0,3,2,0.0048390623680889,-0.0117616070190346,0.0166006693871235,"ret_1d,ret_20d,volume_ratio_20d,relative_strength_20d",21.175628917000722,0.12889570801053196,13.0,False,mktmind-qtm/data/marketmind_qml_dataset.csv,SPY
split_00_2018-12,42,2018-12-07,XLE,pennylane_qnn,-0.862019425504,0.0,11,10,-0.0309036250716863,-0.0117616070190346,-0.0191420180526517,"ret_1d,ret_20d,volume_ratio_20d,relative_strength_20d",21.175628917000722,0.12889570801053196,13.0,False,mktmind-qtm/data/marketmind_qml_dataset.csv,SPY
split_00_2018-12,42,2018-12-07,XLF,pennylane_qnn,-0.801217047491,0.0,8,11,-0.0346477056441223,-0.0117616070190346,-0.0228860986250877,"ret_1d,ret_20d,volume_ratio_20d,relative_strength_20d",21.175628917000722,0.12889570801053196,13.0,False,mktmind-qtm/data/marketmind_qml_dataset.csv,SPY
split_00_2018-12,42,2018-12-07,XLI,pennylane_qnn,-0.626065860088,,5,7,-0.014405144849957,-0.0117616070190346,-0.0026435378309224,"ret_1d,ret_20d,volume_ratio_20d,relative_strength_20d",21.175628917000722,0.12889570801053196,13.0,False,mktmind-qtm/data/marketmind_qml_dataset.csv,SPY
split_00_2018-12,42,2018-12-07,XLK,pennylane_qnn,-0.84334810661,1.0,9,3,-0.0004643380462061,-0.0117616070190346,0.0112972689728284,"ret_1d,ret_20d,volume_ratio_20d,relative_strength_20d",21.175628917000722,0.12889570801053196,13.0,False,mktmind-qtm/data/marketmind_qml_dataset.csv,SPY
split_00_2018-12,42,2018-12-07,XLP,pennylane_qnn,-0.130329964227,,1,4,-0.0040207276072319,-0.0117616070190346,0.0077408794118026,"ret_1d,ret_20d,volume_ratio_20d,relative_strength_20d",21.175628917000722,0.12889570801053196,13.0,False,mktmind-qtm/data/marketmind_qml_dataset.csv,SPY
split_00_2018-12,42,2018-12-07,XLRE,pennylane_qnn,-0.861540405125,,10,8,-0.0159008493547361,-0.0117616070190346,-0.0041392423357015,"ret_1d,ret_20d,volume_ratio_20d,relative_strength_20d",21.175628917000722,0.12889570801053196,13.0,False,mktmind-qtm/data/marketmind_qml_dataset.csv,SPY
split_00_2018-12,42,2018-12-07,XLU,pennylane_qnn,-0.785809456428,1.0,7,1,0.0063763274341193,-0.0117616070190346,0.0181379344531539,"ret_1d,ret_20d,volume_ratio_20d,relative_strength_20d",21.175628917000722,0.12889570801053196,13.0,False,mktmind-qtm/data/marketmind_qml_dataset.csv,SPY
split_00_2018-12,42,2018-12-07,XLV,pennylane_qnn,-0.189061772162,0.0,2,9,-0.0176678502771245,-0.0117616070190346,-0.0059062432580899,"ret_1d,ret_20d,volume_ratio_20d,relative_strength_20d",21.175628917000722,0.12889570801053196,13.0,False,mktmind-qtm/data/marketmind_qml_dataset.csv,SPY
split_00_2018-12,42,2018-12-07,XLY,pennylane_qnn,-0.669753291424,,6,5,-0.010061201383733,-0.0117616070190346,0.0017004056353016,"ret_1d,ret_20d,volume_ratio_20d,relative_strength_20d",21.175628917000722,0.12889570801053196,13.0,False,mktmind-qtm/data/marketmind_qml_dataset.csv,SPY
split_00_2018-12,42,2018-12-14,XLB,pennylane_qnn,-0.153754026144,1.0,6,2,-0.0468408011285863,-0.0705048663770638,0.0236640652484775,"ret_1d,ret_20d,volume_ratio_20d,relative_strength_20d",21.175628917000722,0.12889570801053196,13.0,False,mktmind-qtm/data/marketmind_qml_dataset.csv,SPY
split_00_2018-12,42,2018-12-14,XLC,pennylane_qnn,-0.247129610161,0.0,7,10,-0.0841638163282875,-0.0705048663770638,-0.0136589499512236,"ret_1d,ret_20d,volume_ratio_20d,relative_strength_20d",21.175628917000722,0.12889570801053196,13.0,False,mktmind-qtm/data/marketmind_qml_dataset.csv,SPY
split_00_2018-12,42,2018-12-14,XLE,pennylane_qnn,-0.108267889988,0.0,5,11,-0.0878587606906938,-0.0705048663770638,-0.0173538943136299,"ret_1d,ret_20d,volume_ratio_20d,relative_strength_20d",21.175628917000722,0.12889570801053196,13.0,False,mktmind-qtm/data/marketmind_qml_dataset.csv,SPY
split_00_2018-12,42,2018-12-14,XLF,pennylane_qnn,-0.468353939121,1.0,10,3,-0.053956169169497,-0.0705048663770638,0.0165486972075667,"ret_1d,ret_20d,volume_ratio_20d,relative_strength_20d",21.175628917000722,0.12889570801053196,13.0,False,mktmind-qtm/data/marketmind_qml_dataset.csv,SPY
split_00_2018-12,42,2018-12-14,XLI,pennylane_qnn,-0.302114625437,,8,5,-0.0658525725370194,-0.0705048663770638,0.0046522938400443,"ret_1d,ret_20d,volume_ratio_20d,relative_strength_20d",21.175628917000722,0.12889570801053196,13.0,False,mktmind-qtm/data/marketmind_qml_dataset.csv,SPY
split_00_2018-12,42,2018-12-14,XLK,pennylane_qnn,0.133001808986,,2,8,-0.0791861347752203,-0.0705048663770638,-0.0086812683981564,"ret_1d,ret_20d,volume_ratio_20d,relative_strength_20d",21.175628917000722,0.12889570801053196,13.0,False,mktmind-qtm/data/marketmind_qml_dataset.csv,SPY
split_00_2018-12,42,2018-12-14,XLP,pennylane_qnn,0.197062199319,,1,7,-0.0708406527730807,-0.0705048663770638,-0.0003357863960168,"ret_1d,ret_20d,volume_ratio_20d,relative_strength_20d",21.175628917000722,0.12889570801053196,13.0,False,mktmind-qtm/data/marketmind_qml_dataset.csv,SPY
split_00_2018-12,42,2018-12-14,XLRE,pennylane_qnn,-0.400852489859,,9,4,-0.063035620693857,-0.0705048663770638,0.0074692456832068,"ret_1d,ret_20d,volume_ratio_20d,relative_strength_20d",21.175628917000722,0.12889570801053196,13.0,False,mktmind-qtm/data/marketmind_qml_dataset.csv,SPY
split_00_2018-12,42,2018-12-14,XLU,pennylane_qnn,-0.487566640917,1.0,11,1,-0.044930732123724,-0.0705048663770638,0.0255741342533398,"ret_1d,ret_20d,volume_ratio_20d,relative_strength_20d",21.175628917000722,0.12889570801053196,13.0,False,mktmind-qtm/data/marketmind_qml_dataset.csv,SPY
split_00_2018-12,42,2018-12-14,XLV,pennylane_qnn,0.112278984831,,3,6,-0.0663747918958822,-0.0705048663770638,0.0041300744811816,"ret_1d,ret_20d,volume_ratio_20d,relative_strength_20d",21.175628917000722,0.12889570801053196,13.0,False,mktmind-qtm/data/marketmind_qml_dataset.csv,SPY
split_00_2018-12,42,2018-12-14,XLY,pennylane_qnn,-0.086500616381,0.0,4,9,-0.0801573977578373,-0.0705048663770638,-0.0096525313807734,"ret_1d,ret_20d,volume_ratio_20d,relative_strength_20d",21.175628917000722,0.12889570801053196,13.0,False,mktmind-qtm/data/marketmind_qml_dataset.csv,SPY
split_00_2018-12,42,2018-12-21,XLB,pennylane_qnn,-0.718138110626,,7,5,0.0395058905700624,0.0383049320970712,0.0012009584729912,"ret_1d,ret_20d,volume_ratio_20d,relative_strength_20d",21.175628917000722,0.12889570801053196,13.0,False,mktmind-qtm/data/marketmind_qml_dataset.csv,SPY
split_00_2018-12,42,2018-12-21,XLC,pennylane_qnn,-0.376736671218,,3,6,0.0369254460263666,0.0383049320970712,-0.0013794860707045,"ret_1d,ret_20d,volume_ratio_20d,relative_strength_20d",21.175628917000722,0.12889570801053196,13.0,False,mktmind-qtm/data/marketmind_qml_dataset.csv,SPY
split_00_2018-12,42,2018-12-21,XLE,pennylane_qnn,-0.279959677581,,1,8,0.0220996476881398,0.0383049320970712,-0.0162052844089313,"ret_1d,ret_20d,volume_ratio_20d,relative_strength_20d",21.175628917000722,0.12889570801053196,13.0,False,mktmind-qtm/data/marketmind_qml_dataset.csv,SPY
split_00_2018-12,42,2018-12-21,XLF,pennylane_qnn,-0.731670480216,,8,4,0.0451950810675068,0.0383049320970712,0.0068901489704356,"ret_1d,ret_20d,volume_ratio_20d,relative_strength_20d",21.175628917000722,0.12889570801053196,13.0,False,mktmind-qtm/data/marketmind_qml_dataset.csv,SPY
split_00_2018-12,42,2018-12-21,XLI,pennylane_qnn,-1.084447520905,,10,7,0.0346987558303935,0.0383049320970712,-0.0036061762666776,"ret_1d,ret_20d,volume_ratio_20d,relative_strength_20d",21.175628917000722,0.12889570801053196,13.0,False,mktmind-qtm/data/marketmind_qml_dataset.csv,SPY
split_00_2018-12,42,2018-12-21,XLK,pennylane_qnn,-0.376094285693,1.0,2,2,0.0469592896701787,0.0383049320970712,0.0086543575731075,"ret_1d,ret_20d,volume_ratio_20d,relative_strength_20d",21.175628917000722,0.12889570801053196,13.0,False,mktmind-qtm/data/marketmind_qml_dataset.csv,SPY
split_00_2018-12,42,2018-12-21,XLP,pennylane_qnn,-0.594596690838,0.0,6,9,0.0119568633041897,0.0383049320970712,-0.0263480687928814,"ret_1d,ret_20d,volume_ratio_20d,relative_strength_20d",21.175628917000722,0.12889570801053196,13.0,False,mktmind-qtm/data/marketmind_qml_dataset.csv,SPY
split_00_2018-12,42,2018-12-21,XLRE,pennylane_qnn,-0.486494477805,0.0,4,10,0.0016155281232022,0.0383049320970712,-0.0366894039738689,"ret_1d,ret_20d,volume_ratio_20d,relative_strength_20d",21.175628917000722,0.12889570801053196,13.0,False,mktmind-qtm/data/marketmind_qml_dataset.csv,SPY
split_00_2018-12,42,2018-12-21,XLU,pennylane_qnn,-1.100585052895,0.0,11,11,-0.0165394346670039,0.0383049320970712,-0.0548443667640751,"ret_1d,ret_20d,volume_ratio_20d,relative_strength_20d",21.175628917000722,0.12889570801053196,13.0,False,mktmind-qtm/data/marketmind_qml_dataset.csv,SPY
split_00_2018-12,42,2018-12-21,XLV,pennylane_qnn,-0.500928284551,1.0,5,3,0.0463230922781199,0.0383049320970712,0.0080181601810487,"ret_1d,ret_20d,volume_ratio_20d,relative_strength_20d",21.175628917000722,0.12889570801053196,13.0,False,mktmind-qtm/data/marketmind_qml_dataset.csv,SPY
split_00_2018-12,42,2018-12-21,XLY,pennylane_qnn,-0.802019893297,1.0,9,1,0.0559937285186671,0.0383049320970712,0.0176887964215959,"ret_1d,ret_20d,volume_ratio_20d,relative_strength_20d",21.175628917000722,0.12889570801053196,13.0,False,mktmind-qtm/data/marketmind_qml_dataset.csv,SPY
split_00_2018-12,42,2018-12-31,XLB,pennylane_qnn,-0.436177609188,,2,5,0.0292955242570231,0.0274087172559669,0.0018868070010562,"ret_1d,ret_20d,volume_ratio_20d,relative_strength_20d",21.175628917000722,0.12889570801053196,13.0,False,mktmind-qtm/data/marketmind_qml_dataset.csv,SPY
split_00_2018-12,42,2018-12-31,XLC,pennylane_qnn,-0.884955913028,1.0,11,1,0.0687984316605165,0.0274087172559669,0.0413897144045496,"ret_1d,ret_20d,volume_ratio_20d,relative_strength_20d",21.175628917000722,0.12889570801053196,13.0,False,mktmind-qtm/data/marketmind_qml_dataset.csv,SPY
split_00_2018-12,42,2018-12-31,XLE,pennylane_qnn,-0.508591373647,1.0,7,2,0.0676548877490232,0.0274087172559669,0.0402461704930563,"ret_1d,ret_20d,volume_ratio_20d,relative_strength_20d",21.175628917000722,0.12889570801053196,13.0,False,mktmind-qtm/data/marketmind_qml_dataset.csv,SPY
split_00_2018-12,42,2018-12-31,XLF,pennylane_qnn,-0.59627376654,,10,6,0.0205710068723767,0.0274087172559669,-0.0068377103835901,"ret_1d,ret_20d,volume_ratio_20d,relative_strength_20d",21.175628917000722,0.12889570801053196,13.0,False,mktmind-qtm/data/marketmind_qml_dataset.csv,SPY
split_00_2018-12,42,2018-12-31,XLI,pennylane_qnn,-0.472303440954,,4,4,0.0336906861041008,0.0274087172559669,0.0062819688481339,"ret_1d,ret_20d,volume_ratio_20d,relative_strength_20d",21.175628917000722,0.12889570801053196,13.0,False,mktmind-qtm/data/marketmind_qml_dataset.csv,SPY
split_00_2018-12,42,2018-12-31,XLK,pennylane_qnn,-0.566759031924,0.0,9,9,0.009519232134602,0.0274087172559669,-0.0178894851213649,"ret_1d,ret_20d,volume_ratio_20d,relative_strength_20d",21.175628917000722,0.12889570801053196,13.0,False,mktmind-qtm/data/marketmind_qml_dataset.csv,SPY
split_00_2018-12,42,2018-12-31,XLP,pennylane_qnn,-0.46741986155,,3,8,0.0173298961800727,0.0274087172559669,-0.0100788210758941,"ret_1d,ret_20d,volume_ratio_20d,relative_strength_20d",21.175628917000722,0.12889570801053196,13.0,False,mktmind-qtm/data/marketmind_qml_dataset.csv,SPY
split_00_2018-12,42,2018-12-31,XLRE,pennylane_qnn,-0.432206990265,,1,7,0.0174194993644047,0.0274087172559669,-0.0099892178915621,"ret_1d,ret_20d,volume_ratio_20d,relative_strength_20d",21.175628917000722,0.12889570801053196,13.0,False,mktmind-qtm/data/marketmind_qml_dataset.csv,SPY
split_00_2018-12,42,2018-12-31,XLU,pennylane_qnn,-0.565812640936,0.0,8,11,0.00264528978489,0.0274087172559669,-0.0247634274710768,"ret_1d,ret_20d,volume_ratio_20d,relative_strength_20d",21.175628917000722,0.12889570801053196,13.0,False,mktmind-qtm/data/marketmind_qml_dataset.csv,SPY
split_00_2018-12,42,2018-12-31,XLV,pennylane_qnn,-0.473714113012,0.0,5,10,0.0052016785919632,0.0274087172559669,-0.0222070386640036,"ret_1d,ret_20d,volume_ratio_20d,relative_strength_20d",21.175628917000722,0.12889570801053196,13.0,False,mktmind-qtm/data/marketmind_qml_dataset.csv,SPY
split_00_2018-12,42,2018-12-31,XLY,pennylane_qnn,-0.492289120808,1.0,6,3,0.0529240874900942,0.0274087172559669,0.0255153702341273,"ret_1d,ret_20d,volume_ratio_20d,relative_strength_20d",21.175628917000722,0.12889570801053196,13.0,False,mktmind-qtm/data/marketmind_qml_dataset.csv,SPY
split_01_2019-01,42,2019-01-08,XLB,naive_momentum,0.028360484627,0.0,3,11,-0.009038630373423,0.0139423721028788,-0.0229810024763018,relative_strength_20d,0.0,0.0,0.0,False,mktmind-qtm/data/marketmind_qml_dataset.csv,SPY
split_01_2019-01,42,2019-01-08,XLC,naive_momentum,0.040010852731,,1,7,0.011332695473911,0.0139423721028788,-0.0026096766289678,relative_strength_20d,0.0,0.0,0.0,False,mktmind-qtm/data/marketmind_qml_dataset.csv,SPY
split_01_2019-01,42,2019-01-08,XLE,naive_momentum,-0.015276098608,,7,6,0.0138817538360043,0.0139423721028788,-6.0618266874534754e-05,relative_strength_20d,0.0,0.0,0.0,False,mktmind-qtm/data/marketmind_qml_dataset.csv,SPY
split_01_2019-01,42,2019-01-08,XLF,naive_momentum,-0.005712720497,1.0,5,1,0.0238583785705013,0.0139423721028788,0.0099160064676224,relative_strength_20d,0.0,0.0,0.0,False,mktmind-qtm/data/marketmind_qml_dataset.csv,SPY
split_01_2019-01,42,2019-01-08,XLI,naive_momentum,0.004843467391,,4,5,0.0160707071587802,0.0139423721028788,0.0021283350559013,relative_strength_20d,0.0,0.0,0.0,False,mktmind-qtm/data/marketmind_qml_dataset.csv,SPY
split_01_2019-01,42,2019-01-08,XLK,naive_momentum,-0.007109496817,1.0,6,3,0.0212564070955756,0.0139423721028788,0.0073140349926967,relative_strength_20d,0.0,0.0,0.0,False,mktmind-qtm/data/marketmind_qml_dataset.csv,SPY
split_01_2019-01,42,2019-01-08,XLP,naive_momentum,-0.027171415675,0.0,9,9,0.0044520616571981,0.0139423721028788,-0.0094903104456807,relative_strength_20d,0.0,0.0,0.0,False,mktmind-qtm/data/marketmind_qml_dataset.csv,SPY
split_01_2019-01,42,2019-01-08,XLRE,naive_momentum,-0.040245931235,1.0,11,2,0.0218769464621151,0.0139423721028788,0.0079345743592362,relative_strength_20d,0.0,0.0,0.0,False,mktmind-qtm/data/marketmind_qml_dataset.csv,SPY
split_01_2019-01,42,2019-01-08,XLU,naive_momentum,-0.032126712202,0.0,10,10,-0.0073500365398779,0.0139423721028788,-0.0212924086427568,relative_strength_20d,0.0,0.0,0.0,False,mktmind-qtm/data/marketmind_qml_dataset.csv,SPY
split_01_2019-01,42,2019-01-08,XLV,naive_momentum,-0.015283314916,,8,4,0.016559434281725,0.0139423721028788,0.0026170621788461,relative_strength_20d,0.0,0.0,0.0,False,mktmind-qtm/data/marketmind_qml_dataset.csv,SPY
split_01_2019-01,42,2019-01-08,XLY,naive_momentum,0.032576297025,,2,8,0.006043143514389,0.0139423721028788,-0.0078992285884897,relative_strength_20d,0.0,0.0,0.0,False,mktmind-qtm/data/marketmind_qml_dataset.csv,SPY
split_01_2019-01,42,2019-01-15,XLB,naive_momentum,0.005246971032,,5,4,0.0170774771769637,0.0117536491596008,0.0053238280173628,relative_strength_20d,0.0,0.0,0.0,False,mktmind-qtm/data/marketmind_qml_dataset.csv,SPY
split_01_2019-01,42,2019-01-15,XLC,naive_momentum,0.021114996396,0.0,3,11,-0.0174809872209378,0.0117536491596008,-0.0292346363805386,relative_strength_20d,0.0,0.0,0.0,False,mktmind-qtm/data/marketmind_qml_dataset.csv,SPY
split_01_2019-01,42,2019-01-15,XLE,naive_momentum,0.00381527645,0.0,6,10,-0.0043490117204717,0.0117536491596008,-0.0161026608800726,relative_strength_20d,0.0,0.0,0.0,False,mktmind-qtm/data/marketmind_qml_dataset.csv,SPY
split_01_2019-01,42,2019-01-15,XLF,naive_momentum,0.027841347004,1.0,1,1,0.0337486910617266,0.0117536491596008,0.0219950419021257,relative_strength_20d,0.0,0.0,0.0,False,mktmind-qtm/data/marketmind_qml_dataset.csv,SPY
split_01_2019-01,42,2019-01-15,XLI,naive_momentum,0.009805842368,1.0,4,3,0.0175904430238857,0.0117536491596008,0.0058367938642849,relative_strength_20d,0.0,0.0,0.0,False,mktmind-qtm/data/marketmind_qml_dataset.csv,SPY
split_01_2019-01,42,2019-01-15,XLK,naive_momentum,-0.011456998821,,8,8,0.0089198020613245,0.0117536491596008,-0.0028338470982762,relative_strength_20d,0.0,0.0,0.0,False,mktmind-qtm/data/marketmind_qml_dataset.csv,SPY
split_01_2019-01,42,2019-01-15,XLP,naive_momentum,-0.044553470453,,10,5,0.0134900753992845,0.0117536491596008,0.0017364262396837,relative_strength_20d,0.0,0.0,0.0,False,mktmind-qtm/data/marketmind_qml_dataset.csv,SPY
split_01_2019-01,42,2019-01-15,XLRE,naive_momentum,-0.029661533239,,9,7,0.0121003841367905,0.0117536491596008,0.0003467349771897,relative_strength_20d,0.0,0.0,0.0,False,mktmind-qtm/data/marketmind_qml_dataset.csv,SPY
split_01_2019-01,42,2019-01-15,XLU,naive_momentum,-0.070540439459,1.0,11,2,0.0210744056230594,0.0117536491596008,0.0093207564634585,relative_strength_20d,0.0,0.0,0.0,False,mktmind-qtm/data/marketmind_qml_dataset.csv,SPY
split_01_2019-01,42,2019-01-15,XLV,naive_momentum,-0.007160481306,,7,6,0.0131219922194314,0.0117536491596008,0.0013683430598305,relative_strength_20d,0.0,0.0,0.0,False,mktmind-qtm/data/marketmind_qml_dataset.csv,SPY
split_01_2019-01,42,2019-01-15,XLY,naive_momentum,0.023560288486,0.0,2,9,0.0051486117219579,0.0117536491596008,-0.0066050374376429,relative_strength_20d,0.0,0.0,0.0,False,mktmind-qtm/data/marketmind_qml_dataset.csv,SPY
split_01_2019-01,42,2019-01-23,XLB,naive_momentum,-0.015955091976,1.0,8,3,0.0333905173034176,0.0158304339817185,0.0175600833216991,relative_strength_20d,0.0,0.0,0.0,False,mktmind-qtm/data/marketmind_qml_dataset.csv,SPY
split_01_2019-01,42,2019-01-23,XLC,naive_momentum,0.006880872172,,5,7,0.0109491870108304,0.0158304339817185,-0.004881246970888,relative_strength_20d,0.0,0.0,0.0,False,mktmind-qtm/data/marketmind_qml_dataset.csv,SPY
split_01_2019-01,42,2019-01-23,XLE,naive_momentum,0.007236474107,,4,5,0.0252385959360865,0.0158304339817185,0.009408161954368,relative_strength_20d,0.0,0.0,0.0,False,mktmind-qtm/data/marketmind_qml_dataset.csv,SPY
split_01_2019-01,42,2019-01-23,XLF,naive_momentum,0.034653975534,,1,8,0.0097161734834008,0.0158304339817185,-0.0061142604983177,relative_strength_20d,0.0,0.0,0.0,False,mktmind-qtm/data/marketmind_qml_dataset.csv,SPY
split_01_2019-01,42,2019-01-23,XLI,naive_momentum,0.011513457895,1.0,3,2,0.0380596815405349,0.0158304339817185,0.0222292475588163,relative_strength_20d,0.0,0.0,0.0,False,mktmind-qtm/data/marketmind_qml_dataset.csv,SPY
split_01_2019-01,42,2019-01-23,XLK,naive_momentum,-0.005329991032,,6,4,0.0291612822002258,0.0158304339817185,0.0133308482185072,relative_strength_20d,0.0,0.0,0.0,False,mktmind-qtm/data/marketmind_qml_dataset.csv,SPY
split_01_2019-01,42,2019-01-23,XLP,naive_momentum,-0.046322808893,0.0,10,11,-0.0032325010475047,0.0158304339817185,-0.0190629350292232,relative_strength_20d,0.0,0.0,0.0,False,mktmind-qtm/data/marketmind_qml_dataset.csv,SPY
split_01_2019-01,42,2019-01-23,XLRE,naive_momentum,-0.040391950286,1.0,9,1,0.0423053479600801,0.0158304339817185,0.0264749139783615,relative_strength_20d,0.0,0.0,0.0,False,mktmind-qtm/data/marketmind_qml_dataset.csv,SPY
split_01_2019-01,42,2019-01-23,XLU,naive_momentum,-0.094907486449,0.0,11,10,-0.0027891521636767,0.0158304339817185,-0.0186195861453952,relative_strength_20d,0.0,0.0,0.0,False,mktmind-qtm/data/marketmind_qml_dataset.csv,SPY
split_01_2019-01,42,2019-01-23,XLV,naive_momentum,-0.011137754546,0.0,7,9,-0.0001116563114598,0.0158304339817185,-0.0159420902931783,relative_strength_20d,0.0,0.0,0.0,False,mktmind-qtm/data/marketmind_qml_dataset.csv,SPY
split_01_2019-01,42,2019-01-23,XLY,naive_momentum,0.030009798944,,2,6,0.022576463155663,0.0158304339817185,0.0067460291739445,relative_strength_20d,0.0,0.0,0.0,False,mktmind-qtm/data/marketmind_qml_dataset.csv,SPY
split_01_2019-01,42,2019-01-30,XLB,naive_momentum,0.001388365626,0.0,7,11,-0.0123705823746254,0.0192843010983494,-0.0316548834729748,relative_strength_20d,0.0,0.0,0.0,False,mktmind-qtm/data/marketmind_qml_dataset.csv,SPY
split_01_2019-01,42,2019-01-30,XLC,naive_momentum,0.002981297842,1.0,6,1,0.0347471161952233,0.0192843010983494,0.0154628150968738,relative_strength_20d,0.0,0.0,0.0,False,mktmind-qtm/data/marketmind_qml_dataset.csv,SPY
split_01_2019-01,42,2019-01-30,XLE,naive_momentum,0.034307145491,,2,5,0.0203564770790691,0.0192843010983494,0.0010721759807197,relative_strength_20d,0.0,0.0,0.0,False,mktmind-qtm/data/marketmind_qml_dataset.csv,SPY
split_01_2019-01,42,2019-01-30,XLF,naive_momentum,0.020017809615,0.0,4,10,0.003079486053692,0.0192843010983494,-0.0162048150446574,relative_strength_20d,0.0,0.0,0.0,False,mktmind-qtm/data/marketmind_qml_dataset.csv,SPY
split_01_2019-01,42,2019-01-30,XLI,naive_momentum,0.038793154815,1.0,1,3,0.027987557234393,0.0192843010983494,0.0087032561360436,relative_strength_20d,0.0,0.0,0.0,False,mktmind-qtm/data/marketmind_qml_dataset.csv,SPY
split_01_2019-01,42,2019-01-30,XLK,naive_momentum,-0.000155404432,1.0,8,2,0.0330069050915609,0.0192843010983494,0.0137226039932114,relative_strength_20d,0.0,0.0,0.0,False,mktmind-qtm/data/marketmind_qml_dataset.csv,SPY
split_01_2019-01,42,2019-01-30,XLP,naive_momentum,-0.038365970918,,10,4,0.0221290634279145,0.0192843010983494,0.002844762329565,relative_strength_20d,0.0,0.0,0.0,False,mktmind-qtm/data/marketmind_qml_dataset.csv,SPY
split_01_2019-01,42,2019-01-30,XLRE,naive_momentum,0.026111852391,,3,8,0.0082352780925385,0.0192843010983494,-0.0110490230058108,relative_strength_20d,0.0,0.0,0.0,False,mktmind-qtm/data/marketmind_qml_dataset.csv,SPY
split_01_2019-01,42,2019-01-30,XLU,naive_momentum,-0.057246139766,,11,6,0.0203246935920202,0.0192843010983494,0.0010403924936708,relative_strength_20d,0.0,0.0,0.0,False,mktmind-qtm/data/marketmind_qml_dataset.csv,SPY
split_01_2019-01,42,2019-01-30,XLV,naive_momentum,-0.035521989918,,9,7,0.0136237840229362,0.0192843010983494,-0.0056605170754131,relative_strength_20d,0.0,0.0,0.0,False,mktmind-qtm/data/marketmind_qml_dataset.csv,SPY
split_01_2019-01,42,2019-01-30,XLY,naive_momentum,0.018116682254,0.0,5,9,0.0060295945448385,0.0192843010983494,-0.0132547065535109,relative_strength_20d,0.0,0.0,0.0,False,mktmind-qtm/data/marketmind_qml_dataset.csv,SPY
split_01_2019-01,42,2019-01-08,XLB,logistic_regression,-0.464425329697,0.0,10,11,-0.009038630373423,0.0139423721028788,-0.0229810024763018,"ret_1d,volume_ratio_5d,volume_ratio_20d,relative_strength_20d",0.0018149159732274711,0.00010316699626855552,5.0,False,mktmind-qtm/data/marketmind_qml_dataset.csv,SPY
split_01_2019-01,42,2019-01-08,XLC,logistic_regression,-0.325032171615,,7,7,0.011332695473911,0.0139423721028788,-0.0026096766289678,"ret_1d,volume_ratio_5d,volume_ratio_20d,relative_strength_20d",0.0018149159732274711,0.00010316699626855552,5.0,False,mktmind-qtm/data/marketmind_qml_dataset.csv,SPY
split_01_2019-01,42,2019-01-08,XLE,logistic_regression,-0.168590118473,,3,6,0.0138817538360043,0.0139423721028788,-6.0618266874534754e-05,"ret_1d,volume_ratio_5d,volume_ratio_20d,relative_strength_20d",0.0018149159732274711,0.00010316699626855552,5.0,False,mktmind-qtm/data/marketmind_qml_dataset.csv,SPY
split_01_2019-01,42,2019-01-08,XLF,logistic_regression,-0.296428033987,1.0,6,1,0.0238583785705013,0.0139423721028788,0.0099160064676224,"ret_1d,volume_ratio_5d,volume_ratio_20d,relative_strength_20d",0.0018149159732274711,0.00010316699626855552,5.0,False,mktmind-qtm/data/marketmind_qml_dataset.csv,SPY
split_01_2019-01,42,2019-01-08,XLI,logistic_regression,-0.372423462521,,8,5,0.0160707071587802,0.0139423721028788,0.0021283350559013,"ret_1d,volume_ratio_5d,volume_ratio_20d,relative_strength_20d",0.0018149159732274711,0.00010316699626855552,5.0,False,mktmind-qtm/data/marketmind_qml_dataset.csv,SPY
split_01_2019-01,42,2019-01-08,XLK,logistic_regression,-0.127551258991,1.0,1,3,0.0212564070955756,0.0139423721028788,0.0073140349926967,"ret_1d,volume_ratio_5d,volume_ratio_20d,relative_strength_20d",0.0018149159732274711,0.00010316699626855552,5.0,False,mktmind-qtm/data/marketmind_qml_dataset.csv,SPY
split_01_2019-01,42,2019-01-08,XLP,logistic_regression,-0.428733245636,0.0,9,9,0.0044520616571981,0.0139423721028788,-0.0094903104456807,"ret_1d,volume_ratio_5d,volume_ratio_20d,relative_strength_20d",0.0018149159732274711,0.00010316699626855552,5.0,False,mktmind-qtm/data/marketmind_qml_dataset.csv,SPY
split_01_2019-01,42,2019-01-08,XLRE,logistic_regression,-0.277113240613,1.0,5,2,0.0218769464621151,0.0139423721028788,0.0079345743592362,"ret_1d,volume_ratio_5d,volume_ratio_20d,relative_strength_20d",0.0018149159732274711,0.00010316699626855552,5.0,False,mktmind-qtm/data/marketmind_qml_dataset.csv,SPY
split_01_2019-01,42,2019-01-08,XLU,logistic_regression,-0.205834257295,0.0,4,10,-0.0073500365398779,0.0139423721028788,-0.0212924086427568,"ret_1d,volume_ratio_5d,volume_ratio_20d,relative_strength_20d",0.0018149159732274711,0.00010316699626855552,5.0,False,mktmind-qtm/data/marketmind_qml_dataset.csv,SPY
split_01_2019-01,42,2019-01-08,XLV,logistic_regression,-0.157156949729,,2,4,0.016559434281725,0.0139423721028788,0.0026170621788461,"ret_1d,volume_ratio_5d,volume_ratio_20d,relative_strength_20d",0.0018149159732274711,0.00010316699626855552,5.0,False,mktmind-qtm/data/marketmind_qml_dataset.csv,SPY
split_01_2019-01,42,2019-01-08,XLY,logistic_regression,-0.556390856215,,11,8,0.006043143514389,0.0139423721028788,-0.0078992285884897,"ret_1d,volume_ratio_5d,volume_ratio_20d,relative_strength_20d",0.0018149159732274711,0.00010316699626855552,5.0,False,mktmind-qtm/data/marketmind_qml_dataset.csv,SPY
split_01_2019-01,42,2019-01-15,XLB,logistic_regression,0.06220594353,,1,4,0.0170774771769637,0.0117536491596008,0.0053238280173628,"ret_1d,volume_ratio_5d,volume_ratio_20d,relative_strength_20d",0.0018149159732274711,0.00010316699626855552,5.0,False,mktmind-qtm/data/marketmind_qml_dataset.csv,SPY
split_01_2019-01,42,2019-01-15,XLC,logistic_regression,-0.816922227403,0.0,11,11,-0.0174809872209378,0.0117536491596008,-0.0292346363805386,"ret_1d,volume_ratio_5d,volume_ratio_20d,relative_strength_20d",0.0018149159732274711,0.00010316699626855552,5.0,False,mktmind-qtm/data/marketmind_qml_dataset.csv,SPY
split_01_2019-01,42,2019-01-15,XLE,logistic_regression,-0.020990669515,0.0,2,10,-0.0043490117204717,0.0117536491596008,-0.0161026608800726,"ret_1d,volume_ratio_5d,volume_ratio_20d,relative_strength_20d",0.0018149159732274711,0.00010316699626855552,5.0,False,mktmind-qtm/data/marketmind_qml_dataset.csv,SPY
split_01_2019-01,42,2019-01-15,XLF,logistic_regression,-0.445354769526,1.0,8,1,0.0337486910617266,0.0117536491596008,0.0219950419021257,"ret_1d,volume_ratio_5d,volume_ratio_20d,relative_strength_20d",0.0018149159732274711,0.00010316699626855552,5.0,False,mktmind-qtm/data/marketmind_qml_dataset.csv,SPY
split_01_2019-01,42,2019-01-15,XLI,logistic_regression,-0.225290790696,1.0,5,3,0.0175904430238857,0.0117536491596008,0.0058367938642849,"ret_1d,volume_ratio_5d,volume_ratio_20d,relative_strength_20d",0.0018149159732274711,0.00010316699626855552,5.0,False,mktmind-qtm/data/marketmind_qml_dataset.csv,SPY
split_01_2019-01,42,2019-01-15,XLK,logistic_regression,-0.691369319193,,10,8,0.0089198020613245,0.0117536491596008,-0.0028338470982762,"ret_1d,volume_ratio_5d,volume_ratio_20d,relative_strength_20d",0.0018149159732274711,0.00010316699626855552,5.0,False,mktmind-qtm/data/marketmind_qml_dataset.csv,SPY
split_01_2019-01,42,2019-01-15,XLP,logistic_regression,-0.111308023014,,3,5,0.0134900753992845,0.0117536491596008,0.0017364262396837,"ret_1d,volume_ratio_5d,volume_ratio_20d,relative_strength_20d",0.0018149159732274711,0.00010316699626855552,5.0,False,mktmind-qtm/data/marketmind_qml_dataset.csv,SPY
split_01_2019-01,42,2019-01-15,XLRE,logistic_regression,-0.285262576108,,6,7,0.0121003841367905,0.0117536491596008,0.0003467349771897,"ret_1d,volume_ratio_5d,volume_ratio_20d,relative_strength_20d",0.0018149159732274711,0.00010316699626855552,5.0,False,mktmind-qtm/data/marketmind_qml_dataset.csv,SPY
split_01_2019-01,42,2019-01-15,XLU,logistic_regression,-0.224185029371,1.0,4,2,0.0210744056230594,0.0117536491596008,0.0093207564634585,"ret_1d,volume_ratio_5d,volume_ratio_20d,relative_strength_20d",0.0018149159732274711,0.00010316699626855552,5.0,False,mktmind-qtm/data/marketmind_qml_dataset.csv,SPY
split_01_2019-01,42,2019-01-15,XLV,logistic_regression,-0.655793041986,,9,6,0.0131219922194314,0.0117536491596008,0.0013683430598305,"ret_1d,volume_ratio_5d,volume_ratio_20d,relative_strength_20d",0.0018149159732274711,0.00010316699626855552,5.0,False,mktmind-qtm/data/marketmind_qml_dataset.csv,SPY
split_01_2019-01,42,2019-01-15,XLY,logistic_regression,-0.420735206667,0.0,7,9,0.0051486117219579,0.0117536491596008,-0.0066050374376429,"ret_1d,volume_ratio_5d,volume_ratio_20d,relative_strength_20d",0.0018149159732274711,0.00010316699626855552,5.0,False,mktmind-qtm/data/marketmind_qml_dataset.csv,SPY
split_01_2019-01,42,2019-01-23,XLB,logistic_regression,0.322727564266,1.0,2,3,0.0333905173034176,0.0158304339817185,0.0175600833216991,"ret_1d,volume_ratio_5d,volume_ratio_20d,relative_strength_20d",0.0018149159732274711,0.00010316699626855552,5.0,False,mktmind-qtm/data/marketmind_qml_dataset.csv,SPY
split_01_2019-01,42,2019-01-23,XLC,logistic_regression,0.452603375486,,1,7,0.0109491870108304,0.0158304339817185,-0.004881246970888,"ret_1d,volume_ratio_5d,volume_ratio_20d,relative_strength_20d",0.0018149159732274711,0.00010316699626855552,5.0,False,mktmind-qtm/data/marketmind_qml_dataset.csv,SPY
split_01_2019-01,42,2019-01-23,XLE,logistic_regression,-0.076584275748,,9,5,0.0252385959360865,0.0158304339817185,0.009408161954368,"ret_1d,volume_ratio_5d,volume_ratio_20d,relative_strength_20d",0.0018149159732274711,0.00010316699626855552,5.0,False,mktmind-qtm/data/marketmind_qml_dataset.csv,SPY
split_01_2019-01,42,2019-01-23,XLF,logistic_regression,0.01254143488,,6,8,0.0097161734834008,0.0158304339817185,-0.0061142604983177,"ret_1d,volume_ratio_5d,volume_ratio_20d,relative_strength_20d",0.0018149159732274711,0.00010316699626855552,5.0,False,mktmind-qtm/data/marketmind_qml_dataset.csv,SPY
split_01_2019-01,42,2019-01-23,XLI,logistic_regression,0.055703597177,1.0,4,2,0.0380596815405349,0.0158304339817185,0.0222292475588163,"ret_1d,volume_ratio_5d,volume_ratio_20d,relative_strength_20d",0.0018149159732274711,0.00010316699626855552,5.0,False,mktmind-qtm/data/marketmind_qml_dataset.csv,SPY
split_01_2019-01,42,2019-01-23,XLK,logistic_regression,-0.075642214032,,8,4,0.0291612822002258,0.0158304339817185,0.0133308482185072,"ret_1d,volume_ratio_5d,volume_ratio_20d,relative_strength_20d",0.0018149159732274711,0.00010316699626855552,5.0,False,mktmind-qtm/data/marketmind_qml_dataset.csv,SPY
split_01_2019-01,42,2019-01-23,XLP,logistic_regression,-0.498927000787,0.0,11,11,-0.0032325010475047,0.0158304339817185,-0.0190629350292232,"ret_1d,volume_ratio_5d,volume_ratio_20d,relative_strength_20d",0.0018149159732274711,0.00010316699626855552,5.0,False,mktmind-qtm/data/marketmind_qml_dataset.csv,SPY
split_01_2019-01,42,2019-01-23,XLRE,logistic_regression,0.231288677639,1.0,3,1,0.0423053479600801,0.0158304339817185,0.0264749139783615,"ret_1d,volume_ratio_5d,volume_ratio_20d,relative_strength_20d",0.0018149159732274711,0.00010316699626855552,5.0,False,mktmind-qtm/data/marketmind_qml_dataset.csv,SPY
split_01_2019-01,42,2019-01-23,XLU,logistic_regression,-0.041254844265,0.0,7,10,-0.0027891521636767,0.0158304339817185,-0.0186195861453952,"ret_1d,volume_ratio_5d,volume_ratio_20d,relative_strength_20d",0.0018149159732274711,0.00010316699626855552,5.0,False,mktmind-qtm/data/marketmind_qml_dataset.csv,SPY
split_01_2019-01,42,2019-01-23,XLV,logistic_regression,0.040228741636,0.0,5,9,-0.0001116563114598,0.0158304339817185,-0.0159420902931783,"ret_1d,volume_ratio_5d,volume_ratio_20d,relative_strength_20d",0.0018149159732274711,0.00010316699626855552,5.0,False,mktmind-qtm/data/marketmind_qml_dataset.csv,SPY
split_01_2019-01,42,2019-01-23,XLY,logistic_regression,-0.154290021665,,10,6,0.022576463155663,0.0158304339817185,0.0067460291739445,"ret_1d,volume_ratio_5d,volume_ratio_20d,relative_strength_20d",0.0018149159732274711,0.00010316699626855552,5.0,False,mktmind-qtm/data/marketmind_qml_dataset.csv,SPY
split_01_2019-01,42,2019-01-30,XLB,logistic_regression,-0.40141996907,0.0,6,11,-0.0123705823746254,0.0192843010983494,-0.0316548834729748,"ret_1d,volume_ratio_5d,volume_ratio_20d,relative_strength_20d",0.0018149159732274711,0.00010316699626855552,5.0,False,mktmind-qtm/data/marketmind_qml_dataset.csv,SPY
split_01_2019-01,42,2019-01-30,XLC,logistic_regression,-0.363564857248,1.0,4,1,0.0347471161952233,0.0192843010983494,0.0154628150968738,"ret_1d,volume_ratio_5d,volume_ratio_20d,relative_strength_20d",0.0018149159732274711,0.00010316699626855552,5.0,False,mktmind-qtm/data/marketmind_qml_dataset.csv,SPY
split_01_2019-01,42,2019-01-30,XLE,logistic_regression,-0.486555098084,,7,5,0.0203564770790691,0.0192843010983494,0.0010721759807197,"ret_1d,volume_ratio_5d,volume_ratio_20d,relative_strength_20d",0.0018149159732274711,0.00010316699626855552,5.0,False,mktmind-qtm/data/marketmind_qml_dataset.csv,SPY
split_01_2019-01,42,2019-01-30,XLF,logistic_regression,-0.361744817502,0.0,3,10,0.003079486053692,0.0192843010983494,-0.0162048150446574,"ret_1d,volume_ratio_5d,volume_ratio_20d,relative_strength_20d",0.0018149159732274711,0.00010316699626855552,5.0,False,mktmind-qtm/data/marketmind_qml_dataset.csv,SPY
split_01_2019-01,42,2019-01-30,XLI,logistic_regression,-0.613761966268,1.0,9,3,0.027987557234393,0.0192843010983494,0.0087032561360436,"ret_1d,volume_ratio_5d,volume_ratio_20d,relative_strength_20d",0.0018149159732274711,0.00010316699626855552,5.0,False,mktmind-qtm/data/marketmind_qml_dataset.csv,SPY
split_01_2019-01,42,2019-01-30,XLK,logistic_regression,-0.920494215137,1.0,11,2,0.0330069050915609,0.0192843010983494,0.0137226039932114,"ret_1d,volume_ratio_5d,volume_ratio_20d,relative_strength_20d",0.0018149159732274711,0.00010316699626855552,5.0,False,mktmind-qtm/data/marketmind_qml_dataset.csv,SPY
split_01_2019-01,42,2019-01-30,XLP,logistic_regression,-0.176463541815,,2,4,0.0221290634279145,0.0192843010983494,0.002844762329565,"ret_1d,volume_ratio_5d,volume_ratio_20d,relative_strength_20d",0.0018149159732274711,0.00010316699626855552,5.0,False,mktmind-qtm/data/marketmind_qml_dataset.csv,SPY
split_01_2019-01,42,2019-01-30,XLRE,logistic_regression,-0.488917883938,,8,8,0.0082352780925385,0.0192843010983494,-0.0110490230058108,"ret_1d,volume_ratio_5d,volume_ratio_20d,relative_strength_20d",0.0018149159732274711,0.00010316699626855552,5.0,False,mktmind-qtm/data/marketmind_qml_dataset.csv,SPY
split_01_2019-01,42,2019-01-30,XLU,logistic_regression,-0.15805715841,,1,6,0.0203246935920202,0.0192843010983494,0.0010403924936708,"ret_1d,volume_ratio_5d,volume_ratio_20d,relative_strength_20d",0.0018149159732274711,0.00010316699626855552,5.0,False,mktmind-qtm/data/marketmind_qml_dataset.csv,SPY
split_01_2019-01,42,2019-01-30,XLV,logistic_regression,-0.384960364645,,5,7,0.0136237840229362,0.0192843010983494,-0.0056605170754131,"ret_1d,volume_ratio_5d,volume_ratio_20d,relative_strength_20d",0.0018149159732274711,0.00010316699626855552,5.0,False,mktmind-qtm/data/marketmind_qml_dataset.csv,SPY
split_01_2019-01,42,2019-01-30,XLY,logistic_regression,-0.673219604743,0.0,10,9,0.0060295945448385,0.0192843010983494,-0.0132547065535109,"ret_1d,volume_ratio_5d,volume_ratio_20d,relative_strength_20d",0.0018149159732274711,0.00010316699626855552,5.0,False,mktmind-qtm/data/marketmind_qml_dataset.csv,SPY
split_01_2019-01,42,2019-01-08,XLB,ridge_linear,-0.231134492464,0.0,10,11,-0.009038630373423,0.0139423721028788,-0.0229810024763018,"ret_1d,volume_ratio_5d,volume_ratio_20d,relative_strength_20d",0.0013314169773366302,8.312499267049134e-05,5.0,False,mktmind-qtm/data/marketmind_qml_dataset.csv,SPY
split_01_2019-01,42,2019-01-08,XLC,ridge_linear,-0.15709381082,,7,7,0.011332695473911,0.0139423721028788,-0.0026096766289678,"ret_1d,volume_ratio_5d,volume_ratio_20d,relative_strength_20d",0.0013314169773366302,8.312499267049134e-05,5.0,False,mktmind-qtm/data/marketmind_qml_dataset.csv,SPY
split_01_2019-01,42,2019-01-08,XLE,ridge_linear,-0.084047352581,,3,6,0.0138817538360043,0.0139423721028788,-6.0618266874534754e-05,"ret_1d,volume_ratio_5d,volume_ratio_20d,relative_strength_20d",0.0013314169773366302,8.312499267049134e-05,5.0,False,mktmind-qtm/data/marketmind_qml_dataset.csv,SPY
split_01_2019-01,42,2019-01-08,XLF,ridge_linear,-0.151374370757,1.0,6,1,0.0238583785705013,0.0139423721028788,0.0099160064676224,"ret_1d,volume_ratio_5d,volume_ratio_20d,relative_strength_20d",0.0013314169773366302,8.312499267049134e-05,5.0,False,mktmind-qtm/data/marketmind_qml_dataset.csv,SPY
split_01_2019-01,42,2019-01-08,XLI,ridge_linear,-0.182565825962,,8,5,0.0160707071587802,0.0139423721028788,0.0021283350559013,"ret_1d,volume_ratio_5d,volume_ratio_20d,relative_strength_20d",0.0013314169773366302,8.312499267049134e-05,5.0,False,mktmind-qtm/data/marketmind_qml_dataset.csv,SPY
split_01_2019-01,42,2019-01-08,XLK,ridge_linear,-0.062918914158,1.0,1,3,0.0212564070955756,0.0139423721028788,0.0073140349926967,"ret_1d,volume_ratio_5d,volume_ratio_20d,relative_strength_20d",0.0013314169773366302,8.312499267049134e-05,5.0,False,mktmind-qtm/data/marketmind_qml_dataset.csv,SPY
split_01_2019-01,42,2019-01-08,XLP,ridge_linear,-0.216014540939,0.0,9,9,0.0044520616571981,0.0139423721028788,-0.0094903104456807,"ret_1d,volume_ratio_5d,volume_ratio_20d,relative_strength_20d",0.0013314169773366302,8.312499267049134e-05,5.0,False,mktmind-qtm/data/marketmind_qml_dataset.csv,SPY
split_01_2019-01,42,2019-01-08,XLRE,ridge_linear,-0.135835615388,1.0,5,2,0.0218769464621151,0.0139423721028788,0.0079345743592362,"ret_1d,volume_ratio_5d,volume_ratio_20d,relative_strength_20d",0.0013314169773366302,8.312499267049134e-05,5.0,False,mktmind-qtm/data/marketmind_qml_dataset.csv,SPY
split_01_2019-01,42,2019-01-08,XLU,ridge_linear,-0.102019049192,0.0,4,10,-0.0073500365398779,0.0139423721028788,-0.0212924086427568,"ret_1d,volume_ratio_5d,volume_ratio_20d,relative_strength_20d",0.0013314169773366302,8.312499267049134e-05,5.0,False,mktmind-qtm/data/marketmind_qml_dataset.csv,SPY
split_01_2019-01,42,2019-01-08,XLV,ridge_linear,-0.078234312284,,2,4,0.016559434281725,0.0139423721028788,0.0026170621788461,"ret_1d,volume_ratio_5d,volume_ratio_20d,relative_strength_20d",0.0013314169773366302,8.312499267049134e-05,5.0,False,mktmind-qtm/data/marketmind_qml_dataset.csv,SPY
split_01_2019-01,42,2019-01-08,XLY,ridge_linear,-0.276975436786,,11,8,0.006043143514389,0.0139423721028788,-0.0078992285884897,"ret_1d,volume_ratio_5d,volume_ratio_20d,relative_strength_20d",0.0013314169773366302,8.312499267049134e-05,5.0,False,mktmind-qtm/data/marketmind_qml_dataset.csv,SPY
split_01_2019-01,42,2019-01-15,XLB,ridge_linear,0.027337479274,,1,4,0.0170774771769637,0.0117536491596008,0.0053238280173628,"ret_1d,volume_ratio_5d,volume_ratio_20d,relative_strength_20d",0.0013314169773366302,8.312499267049134e-05,5.0,False,mktmind-qtm/data/marketmind_qml_dataset.csv,SPY
split_01_2019-01,42,2019-01-15,XLC,ridge_linear,-0.409103101679,0.0,11,11,-0.0174809872209378,0.0117536491596008,-0.0292346363805386,"ret_1d,volume_ratio_5d,volume_ratio_20d,relative_strength_20d",0.0013314169773366302,8.312499267049134e-05,5.0,False,mktmind-qtm/data/marketmind_qml_dataset.csv,SPY
split_01_2019-01,42,2019-01-15,XLE,ridge_linear,-0.010819653729,0.0,2,10,-0.0043490117204717,0.0117536491596008,-0.0161026608800726,"ret_1d,volume_ratio_5d,volume_ratio_20d,relative_strength_20d",0.0013314169773366302,8.312499267049134e-05,5.0,False,mktmind-qtm/data/marketmind_qml_dataset.csv,SPY
split_01_2019-01,42,2019-01-15,XLF,ridge_linear,-0.222442468247,1.0,8,1,0.0337486910617266,0.0117536491596008,0.0219950419021257,"ret_1d,volume_ratio_5d,volume_ratio_20d,relative_strength_20d",0.0013314169773366302,8.312499267049134e-05,5.0,False,mktmind-qtm/data/marketmind_qml_dataset.csv,SPY
split_01_2019-01,42,2019-01-15,XLI,ridge_linear,-0.117158393746,1.0,5,3,0.0175904430238857,0.0117536491596008,0.0058367938642849,"ret_1d,volume_ratio_5d,volume_ratio_20d,relative_strength_20d",0.0013314169773366302,8.312499267049134e-05,5.0,False,mktmind-qtm/data/marketmind_qml_dataset.csv,SPY
split_01_2019-01,42,2019-01-15,XLK,ridge_linear,-0.347440646465,,10,8,0.0089198020613245,0.0117536491596008,-0.0028338470982762,"ret_1d,volume_ratio_5d,volume_ratio_20d,relative_strength_20d",0.0013314169773366302,8.312499267049134e-05,5.0,False,mktmind-qtm/data/marketmind_qml_dataset.csv,SPY
split_01_2019-01,42,2019-01-15,XLP,ridge_linear,-0.056414324008,,3,5,0.0134900753992845,0.0117536491596008,0.0017364262396837,"ret_1d,volume_ratio_5d,volume_ratio_20d,relative_strength_20d",0.0013314169773366302,8.312499267049134e-05,5.0,False,mktmind-qtm/data/marketmind_qml_dataset.csv,SPY
split_01_2019-01,42,2019-01-15,XLRE,ridge_linear,-0.143775932998,,6,7,0.0121003841367905,0.0117536491596008,0.0003467349771897,"ret_1d,volume_ratio_5d,volume_ratio_20d,relative_strength_20d",0.0013314169773366302,8.312499267049134e-05,5.0,False,mktmind-qtm/data/marketmind_qml_dataset.csv,SPY
split_01_2019-01,42,2019-01-15,XLU,ridge_linear,-0.112294711037,1.0,4,2,0.0210744056230594,0.0117536491596008,0.0093207564634585,"ret_1d,volume_ratio_5d,volume_ratio_20d,relative_strength_20d",0.0013314169773366302,8.312499267049134e-05,5.0,False,mktmind-qtm/data/marketmind_qml_dataset.csv,SPY
split_01_2019-01,42,2019-01-15,XLV,ridge_linear,-0.327708924712,,9,6,0.0131219922194314,0.0117536491596008,0.0013683430598305,"ret_1d,volume_ratio_5d,volume_ratio_20d,relative_strength_20d",0.0013314169773366302,8.312499267049134e-05,5.0,False,mktmind-qtm/data/marketmind_qml_dataset.csv,SPY
split_01_2019-01,42,2019-01-15,XLY,ridge_linear,-0.211065756485,0.0,7,9,0.0051486117219579,0.0117536491596008,-0.0066050374376429,"ret_1d,volume_ratio_5d,volume_ratio_20d,relative_strength_20d",0.0013314169773366302,8.312499267049134e-05,5.0,False,mktmind-qtm/data/marketmind_qml_dataset.csv,SPY
split_01_2019-01,42,2019-01-23,XLB,ridge_linear,0.158915148625,1.0,2,3,0.0333905173034176,0.0158304339817185,0.0175600833216991,"ret_1d,volume_ratio_5d,volume_ratio_20d,relative_strength_20d",0.0013314169773366302,8.312499267049134e-05,5.0,False,mktmind-qtm/data/marketmind_qml_dataset.csv,SPY
split_01_2019-01,42,2019-01-23,XLC,ridge_linear,0.227858173263,,1,7,0.0109491870108304,0.0158304339817185,-0.004881246970888,"ret_1d,volume_ratio_5d,volume_ratio_20d,relative_strength_20d",0.0013314169773366302,8.312499267049134e-05,5.0,False,mktmind-qtm/data/marketmind_qml_dataset.csv,SPY
split_01_2019-01,42,2019-01-23,XLE,ridge_linear,-0.043153812348,,9,5,0.0252385959360865,0.0158304339817185,0.009408161954368,"ret_1d,volume_ratio_5d,volume_ratio_20d,relative_strength_20d",0.0013314169773366302,8.312499267049134e-05,5.0,False,mktmind-qtm/data/marketmind_qml_dataset.csv,SPY
split_01_2019-01,42,2019-01-23,XLF,ridge_linear,0.00763696093,,6,8,0.0097161734834008,0.0158304339817185,-0.0061142604983177,"ret_1d,volume_ratio_5d,volume_ratio_20d,relative_strength_20d",0.0013314169773366302,8.312499267049134e-05,5.0,False,mktmind-qtm/data/marketmind_qml_dataset.csv,SPY
split_01_2019-01,42,2019-01-23,XLI,ridge_linear,0.02912877945,1.0,4,2,0.0380596815405349,0.0158304339817185,0.0222292475588163,"ret_1d,volume_ratio_5d,volume_ratio_20d,relative_strength_20d",0.0013314169773366302,8.312499267049134e-05,5.0,False,mktmind-qtm/data/marketmind_qml_dataset.csv,SPY
split_01_2019-01,42,2019-01-23,XLK,ridge_linear,-0.038710832496,,8,4,0.0291612822002258,0.0158304339817185,0.0133308482185072,"ret_1d,volume_ratio_5d,volume_ratio_20d,relative_strength_20d",0.0013314169773366302,8.312499267049134e-05,5.0,False,mktmind-qtm/data/marketmind_qml_dataset.csv,SPY
split_01_2019-01,42,2019-01-23,XLP,ridge_linear,-0.251013335972,0.0,11,11,-0.0032325010475047,0.0158304339817185,-0.0190629350292232,"ret_1d,volume_ratio_5d,volume_ratio_20d,relative_strength_20d",0.0013314169773366302,8.312499267049134e-05,5.0,False,mktmind-qtm/data/marketmind_qml_dataset.csv,SPY
split_01_2019-01,42,2019-01-23,XLRE,ridge_linear,0.113974528664,1.0,3,1,0.0423053479600801,0.0158304339817185,0.0264749139783615,"ret_1d,volume_ratio_5d,volume_ratio_20d,relative_strength_20d",0.0013314169773366302,8.312499267049134e-05,5.0,False,mktmind-qtm/data/marketmind_qml_dataset.csv,SPY
split_01_2019-01,42,2019-01-23,XLU,ridge_linear,-0.022717068548,0.0,7,10,-0.0027891521636767,0.0158304339817185,-0.0186195861453952,"ret_1d,volume_ratio_5d,volume_ratio_20d,relative_strength_20d",0.0013314169773366302,8.312499267049134e-05,5.0,False,mktmind-qtm/data/marketmind_qml_dataset.csv,SPY
split_01_2019-01,42,2019-01-23,XLV,ridge_linear,0.019026420433,0.0,5,9,-0.0001116563114598,0.0158304339817185,-0.0159420902931783,"ret_1d,volume_ratio_5d,volume_ratio_20d,relative_strength_20d",0.0013314169773366302,8.312499267049134e-05,5.0,False,mktmind-qtm/data/marketmind_qml_dataset.csv,SPY
split_01_2019-01,42,2019-01-23,XLY,ridge_linear,-0.076570312973,,10,6,0.022576463155663,0.0158304339817185,0.0067460291739445,"ret_1d,volume_ratio_5d,volume_ratio_20d,relative_strength_20d",0.0013314169773366302,8.312499267049134e-05,5.0,False,mktmind-qtm/data/marketmind_qml_dataset.csv,SPY
split_01_2019-01,42,2019-01-30,XLB,ridge_linear,-0.20033048536,0.0,6,11,-0.0123705823746254,0.0192843010983494,-0.0316548834729748,"ret_1d,volume_ratio_5d,volume_ratio_20d,relative_strength_20d",0.0013314169773366302,8.312499267049134e-05,5.0,False,mktmind-qtm/data/marketmind_qml_dataset.csv,SPY
split_01_2019-01,42,2019-01-30,XLC,ridge_linear,-0.17954670086,1.0,3,1,0.0347471161952233,0.0192843010983494,0.0154628150968738,"ret_1d,volume_ratio_5d,volume_ratio_20d,relative_strength_20d",0.0013314169773366302,8.312499267049134e-05,5.0,False,mktmind-qtm/data/marketmind_qml_dataset.csv,SPY
split_01_2019-01,42,2019-01-30,XLE,ridge_linear,-0.24050964538,,7,5,0.0203564770790691,0.0192843010983494,0.0010721759807197,"ret_1d,volume_ratio_5d,volume_ratio_20d,relative_strength_20d",0.0013314169773366302,8.312499267049134e-05,5.0,False,mktmind-qtm/data/marketmind_qml_dataset.csv,SPY
split_01_2019-01,42,2019-01-30,XLF,ridge_linear,-0.1807118885,0.0,4,10,0.003079486053692,0.0192843010983494,-0.0162048150446574,"ret_1d,volume_ratio_5d,volume_ratio_20d,relative_strength_20d",0.0013314169773366302,8.312499267049134e-05,5.0,False,mktmind-qtm/data/marketmind_qml_dataset.csv,SPY
split_01_2019-01,42,2019-01-30,XLI,ridge_linear,-0.303285980525,1.0,9,3,0.027987557234393,0.0192843010983494,0.0087032561360436,"ret_1d,volume_ratio_5d,volume_ratio_20d,relative_strength_20d",0.0013314169773366302,8.312499267049134e-05,5.0,False,mktmind-qtm/data/marketmind_qml_dataset.csv,SPY
split_01_2019-01,42,2019-01-30,XLK,ridge_linear,-0.4537851628,1.0,11,2,0.0330069050915609,0.0192843010983494,0.0137226039932114,"ret_1d,volume_ratio_5d,volume_ratio_20d,relative_strength_20d",0.0013314169773366302,8.312499267049134e-05,5.0,False,mktmind-qtm/data/marketmind_qml_dataset.csv,SPY
split_01_2019-01,42,2019-01-30,XLP,ridge_linear,-0.089716915874,,2,4,0.0221290634279145,0.0192843010983494,0.002844762329565,"ret_1d,volume_ratio_5d,volume_ratio_20d,relative_strength_20d",0.0013314169773366302,8.312499267049134e-05,5.0,False,mktmind-qtm/data/marketmind_qml_dataset.csv,SPY
split_01_2019-01,42,2019-01-30,XLRE,ridge_linear,-0.244695962044,,8,8,0.0082352780925385,0.0192843010983494,-0.0110490230058108,"ret_1d,volume_ratio_5d,volume_ratio_20d,relative_strength_20d",0.0013314169773366302,8.312499267049134e-05,5.0,False,mktmind-qtm/data/marketmind_qml_dataset.csv,SPY
split_01_2019-01,42,2019-01-30,XLU,ridge_linear,-0.080512436709,,1,6,0.0203246935920202,0.0192843010983494,0.0010403924936708,"ret_1d,volume_ratio_5d,volume_ratio_20d,relative_strength_20d",0.0013314169773366302,8.312499267049134e-05,5.0,False,mktmind-qtm/data/marketmind_qml_dataset.csv,SPY
split_01_2019-01,42,2019-01-30,XLV,ridge_linear,-0.191779457542,,5,7,0.0136237840229362,0.0192843010983494,-0.0056605170754131,"ret_1d,volume_ratio_5d,volume_ratio_20d,relative_strength_20d",0.0013314169773366302,8.312499267049134e-05,5.0,False,mktmind-qtm/data/marketmind_qml_dataset.csv,SPY
split_01_2019-01,42,2019-01-30,XLY,ridge_linear,-0.332933636,0.0,10,9,0.0060295945448385,0.0192843010983494,-0.0132547065535109,"ret_1d,volume_ratio_5d,volume_ratio_20d,relative_strength_20d",0.0013314169773366302,8.312499267049134e-05,5.0,False,mktmind-qtm/data/marketmind_qml_dataset.csv,SPY
split_01_2019-01,42,2019-01-08,XLB,random_forest,0.51292623832,0.0,5,11,-0.009038630373423,0.0139423721028788,-0.0229810024763018,"ret_1d,volume_ratio_5d,volume_ratio_20d,relative_strength_20d",0.10507945797871798,0.003071958984946832,,False,mktmind-qtm/data/marketmind_qml_dataset.csv,SPY
split_01_2019-01,42,2019-01-08,XLC,random_forest,0.454390859923,,8,7,0.011332695473911,0.0139423721028788,-0.0026096766289678,"ret_1d,volume_ratio_5d,volume_ratio_20d,relative_strength_20d",0.10507945797871798,0.003071958984946832,,False,mktmind-qtm/data/marketmind_qml_dataset.csv,SPY
split_01_2019-01,42,2019-01-08,XLE,random_forest,0.452753438952,,10,6,0.0138817538360043,0.0139423721028788,-6.0618266874534754e-05,"ret_1d,volume_ratio_5d,volume_ratio_20d,relative_strength_20d",0.10507945797871798,0.003071958984946832,,False,mktmind-qtm/data/marketmind_qml_dataset.csv,SPY
split_01_2019-01,42,2019-01-08,XLF,random_forest,0.588211716455,1.0,2,1,0.0238583785705013,0.0139423721028788,0.0099160064676224,"ret_1d,volume_ratio_5d,volume_ratio_20d,relative_strength_20d",0.10507945797871798,0.003071958984946832,,False,mktmind-qtm/data/marketmind_qml_dataset.csv,SPY
split_01_2019-01,42,2019-01-08,XLI,random_forest,0.55055793649,,4,5,0.0160707071587802,0.0139423721028788,0.0021283350559013,"ret_1d,volume_ratio_5d,volume_ratio_20d,relative_strength_20d",0.10507945797871798,0.003071958984946832,,False,mktmind-qtm/data/marketmind_qml_dataset.csv,SPY
split_01_2019-01,42,2019-01-08,XLK,random_forest,0.582907618111,1.0,3,3,0.0212564070955756,0.0139423721028788,0.0073140349926967,"ret_1d,volume_ratio_5d,volume_ratio_20d,relative_strength_20d",0.10507945797871798,0.003071958984946832,,False,mktmind-qtm/data/marketmind_qml_dataset.csv,SPY
split_01_2019-01,42,2019-01-08,XLP,random_forest,0.461822907972,0.0,7,9,0.0044520616571981,0.0139423721028788,-0.0094903104456807,"ret_1d,volume_ratio_5d,volume_ratio_20d,relative_strength_20d",0.10507945797871798,0.003071958984946832,,False,mktmind-qtm/data/marketmind_qml_dataset.csv,SPY
split_01_2019-01,42,2019-01-08,XLRE,random_forest,0.325452101969,1.0,11,2,0.0218769464621151,0.0139423721028788,0.0079345743592362,"ret_1d,volume_ratio_5d,volume_ratio_20d,relative_strength_20d",0.10507945797871798,0.003071958984946832,,False,mktmind-qtm/data/marketmind_qml_dataset.csv,SPY
split_01_2019-01,42,2019-01-08,XLU,random_forest,0.61491522106,0.0,1,10,-0.0073500365398779,0.0139423721028788,-0.0212924086427568,"ret_1d,volume_ratio_5d,volume_ratio_20d,relative_strength_20d",0.10507945797871798,0.003071958984946832,,False,mktmind-qtm/data/marketmind_qml_dataset.csv,SPY
split_01_2019-01,42,2019-01-08,XLV,random_forest,0.453097759839,,9,4,0.016559434281725,0.0139423721028788,0.0026170621788461,"ret_1d,volume_ratio_5d,volume_ratio_20d,relative_strength_20d",0.10507945797871798,0.003071958984946832,,False,mktmind-qtm/data/marketmind_qml_dataset.csv,SPY
split_01_2019-01,42,2019-01-08,XLY,random_forest,0.506151479671,,6,8,0.006043143514389,0.0139423721028788,-0.0078992285884897,"ret_1d,volume_ratio_5d,volume_ratio_20d,relative_strength_20d",0.10507945797871798,0.003071958984946832,,False,mktmind-qtm/data/marketmind_qml_dataset.csv,SPY
split_01_2019-01,42,2019-01-15,XLB,random_forest,0.400229815426,,7,4,0.0170774771769637,0.0117536491596008,0.0053238280173628,"ret_1d,volume_ratio_5d,volume_ratio_20d,relative_strength_20d",0.10507945797871798,0.003071958984946832,,False,mktmind-qtm/data/marketmind_qml_dataset.csv,SPY
split_01_2019-01,42,2019-01-15,XLC,random_forest,0.346174612075,0.0,11,11,-0.0174809872209378,0.0117536491596008,-0.0292346363805386,"ret_1d,volume_ratio_5d,volume_ratio_20d,relative_strength_20d",0.10507945797871798,0.003071958984946832,,False,mktmind-qtm/data/marketmind_qml_dataset.csv,SPY
split_01_2019-01,42,2019-01-15,XLE,random_forest,0.481599629986,0.0,2,10,-0.0043490117204717,0.0117536491596008,-0.0161026608800726,"ret_1d,volume_ratio_5d,volume_ratio_20d,relative_strength_20d",0.10507945797871798,0.003071958984946832,,False,mktmind-qtm/data/marketmind_qml_dataset.csv,SPY
split_01_2019-01,42,2019-01-15,XLF,random_forest,0.402781104555,1.0,6,1,0.0337486910617266,0.0117536491596008,0.0219950419021257,"ret_1d,volume_ratio_5d,volume_ratio_20d,relative_strength_20d",0.10507945797871798,0.003071958984946832,,False,mktmind-qtm/data/marketmind_qml_dataset.csv,SPY
split_01_2019-01,42,2019-01-15,XLI,random_forest,0.52428154298,1.0,1,3,0.0175904430238857,0.0117536491596008,0.0058367938642849,"ret_1d,volume_ratio_5d,volume_ratio_20d,relative_strength_20d",0.10507945797871798,0.003071958984946832,,False,mktmind-qtm/data/marketmind_qml_dataset.csv,SPY
split_01_2019-01,42,2019-01-15,XLK,random_forest,0.360707779081,,9,8,0.0089198020613245,0.0117536491596008,-0.0028338470982762,"ret_1d,volume_ratio_5d,volume_ratio_20d,relative_strength_20d",0.10507945797871798,0.003071958984946832,,False,mktmind-qtm/data/marketmind_qml_dataset.csv,SPY
split_01_2019-01,42,2019-01-15,XLP,random_forest,0.405422020244,,5,5,0.0134900753992845,0.0117536491596008,0.0017364262396837,"ret_1d,volume_ratio_5d,volume_ratio_20d,relative_strength_20d",0.10507945797871798,0.003071958984946832,,False,mktmind-qtm/data/marketmind_qml_dataset.csv,SPY
split_01_2019-01,42,2019-01-15,XLRE,random_forest,0.451283590626,,3,7,0.0121003841367905,0.0117536491596008,0.0003467349771897,"ret_1d,volume_ratio_5d,volume_ratio_20d,relative_strength_20d",0.10507945797871798,0.003071958984946832,,False,mktmind-qtm/data/marketmind_qml_dataset.csv,SPY
split_01_2019-01,42,2019-01-15,XLU,random_forest,0.412785807689,1.0,4,2,0.0210744056230594,0.0117536491596008,0.0093207564634585,"ret_1d,volume_ratio_5d,volume_ratio_20d,relative_strength_20d",0.10507945797871798,0.003071958984946832,,False,mktmind-qtm/data/marketmind_qml_dataset.csv,SPY
split_01_2019-01,42,2019-01-15,XLV,random_forest,0.356462821105,,10,6,0.0131219922194314,0.0117536491596008,0.0013683430598305,"ret_1d,volume_ratio_5d,volume_ratio_20d,relative_strength_20d",0.10507945797871798,0.003071958984946832,,False,mktmind-qtm/data/marketmind_qml_dataset.csv,SPY
split_01_2019-01,42,2019-01-15,XLY,random_forest,0.363172610687,0.0,8,9,0.0051486117219579,0.0117536491596008,-0.0066050374376429,"ret_1d,volume_ratio_5d,volume_ratio_20d,relative_strength_20d",0.10507945797871798,0.003071958984946832,,False,mktmind-qtm/data/marketmind_qml_dataset.csv,SPY
split_01_2019-01,42,2019-01-23,XLB,random_forest,0.519756025802,1.0,6,3,0.0333905173034176,0.0158304339817185,0.0175600833216991,"ret_1d,volume_ratio_5d,volume_ratio_20d,relative_strength_20d",0.10507945797871798,0.003071958984946832,,False,mktmind-qtm/data/marketmind_qml_dataset.csv,SPY
split_01_2019-01,42,2019-01-23,XLC,random_forest,0.526602521257,,4,7,0.0109491870108304,0.0158304339817185,-0.004881246970888,"ret_1d,volume_ratio_5d,volume_ratio_20d,relative_strength_20d",0.10507945797871798,0.003071958984946832,,False,mktmind-qtm/data/marketmind_qml_dataset.csv,SPY
split_01_2019-01,42,2019-01-23,XLE,random_forest,0.575347189558,,1,5,0.0252385959360865,0.0158304339817185,0.009408161954368,"ret_1d,volume_ratio_5d,volume_ratio_20d,relative_strength_20d",0.10507945797871798,0.003071958984946832,,False,mktmind-qtm/data/marketmind_qml_dataset.csv,SPY
split_01_2019-01,42,2019-01-23,XLF,random_forest,0.536290290895,,2,8,0.0097161734834008,0.0158304339817185,-0.0061142604983177,"ret_1d,volume_ratio_5d,volume_ratio_20d,relative_strength_20d",0.10507945797871798,0.003071958984946832,,False,mktmind-qtm/data/marketmind_qml_dataset.csv,SPY
split_01_2019-01,42,2019-01-23,XLI,random_forest,0.472195045713,1.0,10,2,0.0380596815405349,0.0158304339817185,0.0222292475588163,"ret_1d,volume_ratio_5d,volume_ratio_20d,relative_strength_20d",0.10507945797871798,0.003071958984946832,,False,mktmind-qtm/data/marketmind_qml_dataset.csv,SPY
split_01_2019-01,42,2019-01-23,XLK,random_forest,0.521105418536,,5,4,0.0291612822002258,0.0158304339817185,0.0133308482185072,"ret_1d,volume_ratio_5d,volume_ratio_20d,relative_strength_20d",0.10507945797871798,0.003071958984946832,,False,mktmind-qtm/data/marketmind_qml_dataset.csv,SPY
split_01_2019-01,42,2019-01-23,XLP,random_forest,0.494427488356,0.0,8,11,-0.0032325010475047,0.0158304339817185,-0.0190629350292232,"ret_1d,volume_ratio_5d,volume_ratio_20d,relative_strength_20d",0.10507945797871798,0.003071958984946832,,False,mktmind-qtm/data/marketmind_qml_dataset.csv,SPY
split_01_2019-01,42,2019-01-23,XLRE,random_forest,0.484085800277,1.0,9,1,0.0423053479600801,0.0158304339817185,0.0264749139783615,"ret_1d,volume_ratio_5d,volume_ratio_20d,relative_strength_20d",0.10507945797871798,0.003071958984946832,,False,mktmind-qtm/data/marketmind_qml_dataset.csv,SPY
split_01_2019-01,42,2019-01-23,XLU,random_forest,0.361887050783,0.0,11,10,-0.0027891521636767,0.0158304339817185,-0.0186195861453952,"ret_1d,volume_ratio_5d,volume_ratio_20d,relative_strength_20d",0.10507945797871798,0.003071958984946832,,False,mktmind-qtm/data/marketmind_qml_dataset.csv,SPY
split_01_2019-01,42,2019-01-23,XLV,random_forest,0.530689209042,0.0,3,9,-0.0001116563114598,0.0158304339817185,-0.0159420902931783,"ret_1d,volume_ratio_5d,volume_ratio_20d,relative_strength_20d",0.10507945797871798,0.003071958984946832,,False,mktmind-qtm/data/marketmind_qml_dataset.csv,SPY
split_01_2019-01,42,2019-01-23,XLY,random_forest,0.506572128638,,7,6,0.022576463155663,0.0158304339817185,0.0067460291739445,"ret_1d,volume_ratio_5d,volume_ratio_20d,relative_strength_20d",0.10507945797871798,0.003071958984946832,,False,mktmind-qtm/data/marketmind_qml_dataset.csv,SPY
split_01_2019-01,42,2019-01-30,XLB,random_forest,0.555082698166,0.0,1,11,-0.0123705823746254,0.0192843010983494,-0.0316548834729748,"ret_1d,volume_ratio_5d,volume_ratio_20d,relative_strength_20d",0.10507945797871798,0.003071958984946832,,False,mktmind-qtm/data/marketmind_qml_dataset.csv,SPY
split_01_2019-01,42,2019-01-30,XLC,random_forest,0.298457810263,1.0,10,1,0.0347471161952233,0.0192843010983494,0.0154628150968738,"ret_1d,volume_ratio_5d,volume_ratio_20d,relative_strength_20d",0.10507945797871798,0.003071958984946832,,False,mktmind-qtm/data/marketmind_qml_dataset.csv,SPY
split_01_2019-01,42,2019-01-30,XLE,random_forest,0.371602043641,,8,5,0.0203564770790691,0.0192843010983494,0.0010721759807197,"ret_1d,volume_ratio_5d,volume_ratio_20d,relative_strength_20d",0.10507945797871798,0.003071958984946832,,False,mktmind-qtm/data/marketmind_qml_dataset.csv,SPY
split_01_2019-01,42,2019-01-30,XLF,random_forest,0.518907034641,0.0,3,10,0.003079486053692,0.0192843010983494,-0.0162048150446574,"ret_1d,volume_ratio_5d,volume_ratio_20d,relative_strength_20d",0.10507945797871798,0.003071958984946832,,False,mktmind-qtm/data/marketmind_qml_dataset.csv,SPY
split_01_2019-01,42,2019-01-30,XLI,random_forest,0.417896006119,1.0,6,3,0.027987557234393,0.0192843010983494,0.0087032561360436,"ret_1d,volume_ratio_5d,volume_ratio_20d,relative_strength_20d",0.10507945797871798,0.003071958984946832,,False,mktmind-qtm/data/marketmind_qml_dataset.csv,SPY
split_01_2019-01,42,2019-01-30,XLK,random_forest,0.273572197428,1.0,11,2,0.0330069050915609,0.0192843010983494,0.0137226039932114,"ret_1d,volume_ratio_5d,volume_ratio_20d,relative_strength_20d",0.10507945797871798,0.003071958984946832,,False,mktmind-qtm/data/marketmind_qml_dataset.csv,SPY
split_01_2019-01,42,2019-01-30,XLP,random_forest,0.506108506931,,4,4,0.0221290634279145,0.0192843010983494,0.002844762329565,"ret_1d,volume_ratio_5d,volume_ratio_20d,relative_strength_20d",0.10507945797871798,0.003071958984946832,,False,mktmind-qtm/data/marketmind_qml_dataset.csv,SPY
split_01_2019-01,42,2019-01-30,XLRE,random_forest,0.522717194281,,2,8,0.0082352780925385,0.0192843010983494,-0.0110490230058108,"ret_1d,volume_ratio_5d,volume_ratio_20d,relative_strength_20d",0.10507945797871798,0.003071958984946832,,False,mktmind-qtm/data/marketmind_qml_dataset.csv,SPY
split_01_2019-01,42,2019-01-30,XLU,random_forest,0.389109843702,,7,6,0.0203246935920202,0.0192843010983494,0.0010403924936708,"ret_1d,volume_ratio_5d,volume_ratio_20d,relative_strength_20d",0.10507945797871798,0.003071958984946832,,False,mktmind-qtm/data/marketmind_qml_dataset.csv,SPY
split_01_2019-01,42,2019-01-30,XLV,random_forest,0.482988425238,,5,7,0.0136237840229362,0.0192843010983494,-0.0056605170754131,"ret_1d,volume_ratio_5d,volume_ratio_20d,relative_strength_20d",0.10507945797871798,0.003071958984946832,,False,mktmind-qtm/data/marketmind_qml_dataset.csv,SPY
split_01_2019-01,42,2019-01-30,XLY,random_forest,0.341446339529,0.0,9,9,0.0060295945448385,0.0192843010983494,-0.0132547065535109,"ret_1d,volume_ratio_5d,volume_ratio_20d,relative_strength_20d",0.10507945797871798,0.003071958984946832,,False,mktmind-qtm/data/marketmind_qml_dataset.csv,SPY
split_01_2019-01,42,2019-01-08,XLB,rbf_svm,-0.454993135281,0.0,11,11,-0.009038630373423,0.0139423721028788,-0.0229810024763018,"ret_1d,volume_ratio_5d,volume_ratio_20d,relative_strength_20d",0.0017475000058766454,0.0006517090077977628,,False,mktmind-qtm/data/marketmind_qml_dataset.csv,SPY
split_01_2019-01,42,2019-01-08,XLC,rbf_svm,0.451192415458,,2,7,0.011332695473911,0.0139423721028788,-0.0026096766289678,"ret_1d,volume_ratio_5d,volume_ratio_20d,relative_strength_20d",0.0017475000058766454,0.0006517090077977628,,False,mktmind-qtm/data/marketmind_qml_dataset.csv,SPY
split_01_2019-01,42,2019-01-08,XLE,rbf_svm,-0.015472774134,,6,6,0.0138817538360043,0.0139423721028788,-6.0618266874534754e-05,"ret_1d,volume_ratio_5d,volume_ratio_20d,relative_strength_20d",0.0017475000058766454,0.0006517090077977628,,False,mktmind-qtm/data/marketmind_qml_dataset.csv,SPY
split_01_2019-01,42,2019-01-08,XLF,rbf_svm,0.774009892147,1.0,1,1,0.0238583785705013,0.0139423721028788,0.0099160064676224,"ret_1d,volume_ratio_5d,volume_ratio_20d,relative_strength_20d",0.0017475000058766454,0.0006517090077977628,,False,mktmind-qtm/data/marketmind_qml_dataset.csv,SPY
split_01_2019-01,42,2019-01-08,XLI,rbf_svm,0.064535858536,,3,5,0.0160707071587802,0.0139423721028788,0.0021283350559013,"ret_1d,volume_ratio_5d,volume_ratio_20d,relative_strength_20d",0.0017475000058766454,0.0006517090077977628,,False,mktmind-qtm/data/marketmind_qml_dataset.csv,SPY
split_01_2019-01,42,2019-01-08,XLK,rbf_svm,-0.018100407795,1.0,7,3,0.0212564070955756,0.0139423721028788,0.0073140349926967,"ret_1d,volume_ratio_5d,volume_ratio_20d,relative_strength_20d",0.0017475000058766454,0.0006517090077977628,,False,mktmind-qtm/data/marketmind_qml_dataset.csv,SPY
split_01_2019-01,42,2019-01-08,XLP,rbf_svm,-0.10507241429,0.0,9,9,0.0044520616571981,0.0139423721028788,-0.0094903104456807,"ret_1d,volume_ratio_5d,volume_ratio_20d,relative_strength_20d",0.0017475000058766454,0.0006517090077977628,,False,mktmind-qtm/data/marketmind_qml_dataset.csv,SPY
split_01_2019-01,42,2019-01-08,XLRE,rbf_svm,-0.0888849548,1.0,8,2,0.0218769464621151,0.0139423721028788,0.0079345743592362,"ret_1d,volume_ratio_5d,volume_ratio_20d,relative_strength_20d",0.0017475000058766454,0.0006517090077977628,,False,mktmind-qtm/data/marketmind_qml_dataset.csv,SPY
split_01_2019-01,42,2019-01-08,XLU,rbf_svm,0.012999195065,0.0,4,10,-0.0073500365398779,0.0139423721028788,-0.0212924086427568,"ret_1d,volume_ratio_5d,volume_ratio_20d,relative_strength_20d",0.0017475000058766454,0.0006517090077977628,,False,mktmind-qtm/data/marketmind_qml_dataset.csv,SPY
split_01_2019-01,42,2019-01-08,XLV,rbf_svm,-0.007153044135,,5,4,0.016559434281725,0.0139423721028788,0.0026170621788461,"ret_1d,volume_ratio_5d,volume_ratio_20d,relative_strength_20d",0.0017475000058766454,0.0006517090077977628,,False,mktmind-qtm/data/marketmind_qml_dataset.csv,SPY
split_01_2019-01,42,2019-01-08,XLY,rbf_svm,-0.390468511268,,10,8,0.006043143514389,0.0139423721028788,-0.0078992285884897,"ret_1d,volume_ratio_5d,volume_ratio_20d,relative_strength_20d",0.0017475000058766454,0.0006517090077977628,,False,mktmind-qtm/data/marketmind_qml_dataset.csv,SPY
split_01_2019-01,42,2019-01-15,XLB,rbf_svm,-0.816829250379,,9,4,0.0170774771769637,0.0117536491596008,0.0053238280173628,"ret_1d,volume_ratio_5d,volume_ratio_20d,relative_strength_20d",0.0017475000058766454,0.0006517090077977628,,False,mktmind-qtm/data/marketmind_qml_dataset.csv,SPY
split_01_2019-01,42,2019-01-15,XLC,rbf_svm,-0.898204528537,0.0,10,11,-0.0174809872209378,0.0117536491596008,-0.0292346363805386,"ret_1d,volume_ratio_5d,volume_ratio_20d,relative_strength_20d",0.0017475000058766454,0.0006517090077977628,,False,mktmind-qtm/data/marketmind_qml_dataset.csv,SPY
split_01_2019-01,42,2019-01-15,XLE,rbf_svm,-0.458051436178,0.0,4,10,-0.0043490117204717,0.0117536491596008,-0.0161026608800726,"ret_1d,volume_ratio_5d,volume_ratio_20d,relative_strength_20d",0.0017475000058766454,0.0006517090077977628,,False,mktmind-qtm/data/marketmind_qml_dataset.csv,SPY
split_01_2019-01,42,2019-01-15,XLF,rbf_svm,-0.519144972673,1.0,5,1,0.0337486910617266,0.0117536491596008,0.0219950419021257,"ret_1d,volume_ratio_5d,volume_ratio_20d,relative_strength_20d",0.0017475000058766454,0.0006517090077977628,,False,mktmind-qtm/data/marketmind_qml_dataset.csv,SPY
split_01_2019-01,42,2019-01-15,XLI,rbf_svm,0.046032109469,1.0,1,3,0.0175904430238857,0.0117536491596008,0.0058367938642849,"ret_1d,volume_ratio_5d,volume_ratio_20d,relative_strength_20d",0.0017475000058766454,0.0006517090077977628,,False,mktmind-qtm/data/marketmind_qml_dataset.csv,SPY
split_01_2019-01,42,2019-01-15,XLK,rbf_svm,-0.627530630976,,6,8,0.0089198020613245,0.0117536491596008,-0.0028338470982762,"ret_1d,volume_ratio_5d,volume_ratio_20d,relative_strength_20d",0.0017475000058766454,0.0006517090077977628,,False,mktmind-qtm/data/marketmind_qml_dataset.csv,SPY
split_01_2019-01,42,2019-01-15,XLP,rbf_svm,-0.029145922428,,2,5,0.0134900753992845,0.0117536491596008,0.0017364262396837,"ret_1d,volume_ratio_5d,volume_ratio_20d,relative_strength_20d",0.0017475000058766454,0.0006517090077977628,,False,mktmind-qtm/data/marketmind_qml_dataset.csv,SPY
split_01_2019-01,42,2019-01-15,XLRE,rbf_svm,-0.341361426585,,3,7,0.0121003841367905,0.0117536491596008,0.0003467349771897,"ret_1d,volume_ratio_5d,volume_ratio_20d,relative_strength_20d",0.0017475000058766454,0.0006517090077977628,,False,mktmind-qtm/data/marketmind_qml_dataset.csv,SPY
split_01_2019-01,42,2019-01-15,XLU,rbf_svm,-1.1350812391,1.0,11,2,0.0210744056230594,0.0117536491596008,0.0093207564634585,"ret_1d,volume_ratio_5d,volume_ratio_20d,relative_strength_20d",0.0017475000058766454,0.0006517090077977628,,False,mktmind-qtm/data/marketmind_qml_dataset.csv,SPY
split_01_2019-01,42,2019-01-15,XLV,rbf_svm,-0.760395498365,,7,6,0.0131219922194314,0.0117536491596008,0.0013683430598305,"ret_1d,volume_ratio_5d,volume_ratio_20d,relative_strength_20d",0.0017475000058766454,0.0006517090077977628,,False,mktmind-qtm/data/marketmind_qml_dataset.csv,SPY
split_01_2019-01,42,2019-01-15,XLY,rbf_svm,-0.802178367698,0.0,8,9,0.0051486117219579,0.0117536491596008,-0.0066050374376429,"ret_1d,volume_ratio_5d,volume_ratio_20d,relative_strength_20d",0.0017475000058766454,0.0006517090077977628,,False,mktmind-qtm/data/marketmind_qml_dataset.csv,SPY
split_01_2019-01,42,2019-01-23,XLB,rbf_svm,-0.914947242194,1.0,10,3,0.0333905173034176,0.0158304339817185,0.0175600833216991,"ret_1d,volume_ratio_5d,volume_ratio_20d,relative_strength_20d",0.0017475000058766454,0.0006517090077977628,,False,mktmind-qtm/data/marketmind_qml_dataset.csv,SPY
split_01_2019-01,42,2019-01-23,XLC,rbf_svm,-0.444818710047,,6,7,0.0109491870108304,0.0158304339817185,-0.004881246970888,"ret_1d,volume_ratio_5d,volume_ratio_20d,relative_strength_20d",0.0017475000058766454,0.0006517090077977628,,False,mktmind-qtm/data/marketmind_qml_dataset.csv,SPY
split_01_2019-01,42,2019-01-23,XLE,rbf_svm,1.211897605014,,1,5,0.0252385959360865,0.0158304339817185,0.009408161954368,"ret_1d,volume_ratio_5d,volume_ratio_20d,relative_strength_20d",0.0017475000058766454,0.0006517090077977628,,False,mktmind-qtm/data/marketmind_qml_dataset.csv,SPY
split_01_2019-01,42,2019-01-23,XLF,rbf_svm,-0.358134067437,,5,8,0.0097161734834008,0.0158304339817185,-0.0061142604983177,"ret_1d,volume_ratio_5d,volume_ratio_20d,relative_strength_20d",0.0017475000058766454,0.0006517090077977628,,False,mktmind-qtm/data/marketmind_qml_dataset.csv,SPY
split_01_2019-01,42,2019-01-23,XLI,rbf_svm,-0.088121863939,1.0,3,2,0.0380596815405349,0.0158304339817185,0.0222292475588163,"ret_1d,volume_ratio_5d,volume_ratio_20d,relative_strength_20d",0.0017475000058766454,0.0006517090077977628,,False,mktmind-qtm/data/marketmind_qml_dataset.csv,SPY
split_01_2019-01,42,2019-01-23,XLK,rbf_svm,-0.460946657083,,7,4,0.0291612822002258,0.0158304339817185,0.0133308482185072,"ret_1d,volume_ratio_5d,volume_ratio_20d,relative_strength_20d",0.0017475000058766454,0.0006517090077977628,,False,mktmind-qtm/data/marketmind_qml_dataset.csv,SPY
split_01_2019-01,42,2019-01-23,XLP,rbf_svm,-0.649595548752,0.0,9,11,-0.0032325010475047,0.0158304339817185,-0.0190629350292232,"ret_1d,volume_ratio_5d,volume_ratio_20d,relative_strength_20d",0.0017475000058766454,0.0006517090077977628,,False,mktmind-qtm/data/marketmind_qml_dataset.csv,SPY
split_01_2019-01,42,2019-01-23,XLRE,rbf_svm,0.01953866287,1.0,2,1,0.0423053479600801,0.0158304339817185,0.0264749139783615,"ret_1d,volume_ratio_5d,volume_ratio_20d,relative_strength_20d",0.0017475000058766454,0.0006517090077977628,,False,mktmind-qtm/data/marketmind_qml_dataset.csv,SPY
split_01_2019-01,42,2019-01-23,XLU,rbf_svm,-1.141129705331,0.0,11,10,-0.0027891521636767,0.0158304339817185,-0.0186195861453952,"ret_1d,volume_ratio_5d,volume_ratio_20d,relative_strength_20d",0.0017475000058766454,0.0006517090077977628,,False,mktmind-qtm/data/marketmind_qml_dataset.csv,SPY
split_01_2019-01,42,2019-01-23,XLV,rbf_svm,-0.485834697872,0.0,8,9,-0.0001116563114598,0.0158304339817185,-0.0159420902931783,"ret_1d,volume_ratio_5d,volume_ratio_20d,relative_strength_20d",0.0017475000058766454,0.0006517090077977628,,False,mktmind-qtm/data/marketmind_qml_dataset.csv,SPY
split_01_2019-01,42,2019-01-23,XLY,rbf_svm,-0.132054288364,,4,6,0.022576463155663,0.0158304339817185,0.0067460291739445,"ret_1d,volume_ratio_5d,volume_ratio_20d,relative_strength_20d",0.0017475000058766454,0.0006517090077977628,,False,mktmind-qtm/data/marketmind_qml_dataset.csv,SPY
split_01_2019-01,42,2019-01-30,XLB,rbf_svm,-0.170306570948,0.0,2,11,-0.0123705823746254,0.0192843010983494,-0.0316548834729748,"ret_1d,volume_ratio_5d,volume_ratio_20d,relative_strength_20d",0.0017475000058766454,0.0006517090077977628,,False,mktmind-qtm/data/marketmind_qml_dataset.csv,SPY
split_01_2019-01,42,2019-01-30,XLC,rbf_svm,-0.179834753027,1.0,3,1,0.0347471161952233,0.0192843010983494,0.0154628150968738,"ret_1d,volume_ratio_5d,volume_ratio_20d,relative_strength_20d",0.0017475000058766454,0.0006517090077977628,,False,mktmind-qtm/data/marketmind_qml_dataset.csv,SPY
split_01_2019-01,42,2019-01-30,XLE,rbf_svm,-0.463052083314,,7,5,0.0203564770790691,0.0192843010983494,0.0010721759807197,"ret_1d,volume_ratio_5d,volume_ratio_20d,relative_strength_20d",0.0017475000058766454,0.0006517090077977628,,False,mktmind-qtm/data/marketmind_qml_dataset.csv,SPY
split_01_2019-01,42,2019-01-30,XLF,rbf_svm,0.251086749843,0.0,1,10,0.003079486053692,0.0192843010983494,-0.0162048150446574,"ret_1d,volume_ratio_5d,volume_ratio_20d,relative_strength_20d",0.0017475000058766454,0.0006517090077977628,,False,mktmind-qtm/data/marketmind_qml_dataset.csv,SPY
split_01_2019-01,42,2019-01-30,XLI,rbf_svm,-0.655373236547,1.0,8,3,0.027987557234393,0.0192843010983494,0.0087032561360436,"ret_1d,volume_ratio_5d,volume_ratio_20d,relative_strength_20d",0.0017475000058766454,0.0006517090077977628,,False,mktmind-qtm/data/marketmind_qml_dataset.csv,SPY
split_01_2019-01,42,2019-01-30,XLK,rbf_svm,-0.840559188259,1.0,10,2,0.0330069050915609,0.0192843010983494,0.0137226039932114,"ret_1d,volume_ratio_5d,volume_ratio_20d,relative_strength_20d",0.0017475000058766454,0.0006517090077977628,,False,mktmind-qtm/data/marketmind_qml_dataset.csv,SPY
split_01_2019-01,42,2019-01-30,XLP,rbf_svm,-0.405026880891,,5,4,0.0221290634279145,0.0192843010983494,0.002844762329565,"ret_1d,volume_ratio_5d,volume_ratio_20d,relative_strength_20d",0.0017475000058766454,0.0006517090077977628,,False,mktmind-qtm/data/marketmind_qml_dataset.csv,SPY
split_01_2019-01,42,2019-01-30,XLRE,rbf_svm,-0.303353777331,,4,8,0.0082352780925385,0.0192843010983494,-0.0110490230058108,"ret_1d,volume_ratio_5d,volume_ratio_20d,relative_strength_20d",0.0017475000058766454,0.0006517090077977628,,False,mktmind-qtm/data/marketmind_qml_dataset.csv,SPY
split_01_2019-01,42,2019-01-30,XLU,rbf_svm,-0.858872666051,,11,6,0.0203246935920202,0.0192843010983494,0.0010403924936708,"ret_1d,volume_ratio_5d,volume_ratio_20d,relative_strength_20d",0.0017475000058766454,0.0006517090077977628,,False,mktmind-qtm/data/marketmind_qml_dataset.csv,SPY
split_01_2019-01,42,2019-01-30,XLV,rbf_svm,-0.409153281322,,6,7,0.0136237840229362,0.0192843010983494,-0.0056605170754131,"ret_1d,volume_ratio_5d,volume_ratio_20d,relative_strength_20d",0.0017475000058766454,0.0006517090077977628,,False,mktmind-qtm/data/marketmind_qml_dataset.csv,SPY
split_01_2019-01,42,2019-01-30,XLY,rbf_svm,-0.70167560174,0.0,9,9,0.0060295945448385,0.0192843010983494,-0.0132547065535109,"ret_1d,volume_ratio_5d,volume_ratio_20d,relative_strength_20d",0.0017475000058766454,0.0006517090077977628,,False,mktmind-qtm/data/marketmind_qml_dataset.csv,SPY
split_01_2019-01,42,2019-01-08,XLB,small_mlp,0.486501618752,0.0,3,11,-0.009038630373423,0.0139423721028788,-0.0229810024763018,"ret_1d,volume_ratio_5d,volume_ratio_20d,relative_strength_20d",0.010602333000861108,0.00010899998596869409,25.0,False,mktmind-qtm/data/marketmind_qml_dataset.csv,SPY
split_01_2019-01,42,2019-01-08,XLC,small_mlp,0.475991920508,,9,7,0.011332695473911,0.0139423721028788,-0.0026096766289678,"ret_1d,volume_ratio_5d,volume_ratio_20d,relative_strength_20d",0.010602333000861108,0.00010899998596869409,25.0,False,mktmind-qtm/data/marketmind_qml_dataset.csv,SPY
split_01_2019-01,42,2019-01-08,XLE,small_mlp,0.48119569954,,5,6,0.0138817538360043,0.0139423721028788,-6.0618266874534754e-05,"ret_1d,volume_ratio_5d,volume_ratio_20d,relative_strength_20d",0.010602333000861108,0.00010899998596869409,25.0,False,mktmind-qtm/data/marketmind_qml_dataset.csv,SPY
split_01_2019-01,42,2019-01-08,XLF,small_mlp,0.49871163217,1.0,1,1,0.0238583785705013,0.0139423721028788,0.0099160064676224,"ret_1d,volume_ratio_5d,volume_ratio_20d,relative_strength_20d",0.010602333000861108,0.00010899998596869409,25.0,False,mktmind-qtm/data/marketmind_qml_dataset.csv,SPY
split_01_2019-01,42,2019-01-08,XLI,small_mlp,0.482894623341,,4,5,0.0160707071587802,0.0139423721028788,0.0021283350559013,"ret_1d,volume_ratio_5d,volume_ratio_20d,relative_strength_20d",0.010602333000861108,0.00010899998596869409,25.0,False,mktmind-qtm/data/marketmind_qml_dataset.csv,SPY
split_01_2019-01,42,2019-01-08,XLK,small_mlp,0.479427150172,1.0,8,3,0.0212564070955756,0.0139423721028788,0.0073140349926967,"ret_1d,volume_ratio_5d,volume_ratio_20d,relative_strength_20d",0.010602333000861108,0.00010899998596869409,25.0,False,mktmind-qtm/data/marketmind_qml_dataset.csv,SPY
split_01_2019-01,42,2019-01-08,XLP,small_mlp,0.481129648366,0.0,6,9,0.0044520616571981,0.0139423721028788,-0.0094903104456807,"ret_1d,volume_ratio_5d,volume_ratio_20d,relative_strength_20d",0.010602333000861108,0.00010899998596869409,25.0,False,mktmind-qtm/data/marketmind_qml_dataset.csv,SPY
split_01_2019-01,42,2019-01-08,XLRE,small_mlp,0.46310983193,1.0,11,2,0.0218769464621151,0.0139423721028788,0.0079345743592362,"ret_1d,volume_ratio_5d,volume_ratio_20d,relative_strength_20d",0.010602333000861108,0.00010899998596869409,25.0,False,mktmind-qtm/data/marketmind_qml_dataset.csv,SPY
split_01_2019-01,42,2019-01-08,XLU,small_mlp,0.469509965235,0.0,10,10,-0.0073500365398779,0.0139423721028788,-0.0212924086427568,"ret_1d,volume_ratio_5d,volume_ratio_20d,relative_strength_20d",0.010602333000861108,0.00010899998596869409,25.0,False,mktmind-qtm/data/marketmind_qml_dataset.csv,SPY
split_01_2019-01,42,2019-01-08,XLV,small_mlp,0.480988835501,,7,4,0.016559434281725,0.0139423721028788,0.0026170621788461,"ret_1d,volume_ratio_5d,volume_ratio_20d,relative_strength_20d",0.010602333000861108,0.00010899998596869409,25.0,False,mktmind-qtm/data/marketmind_qml_dataset.csv,SPY
split_01_2019-01,42,2019-01-08,XLY,small_mlp,0.489619404378,,2,8,0.006043143514389,0.0139423721028788,-0.0078992285884897,"ret_1d,volume_ratio_5d,volume_ratio_20d,relative_strength_20d",0.010602333000861108,0.00010899998596869409,25.0,False,mktmind-qtm/data/marketmind_qml_dataset.csv,SPY
split_01_2019-01,42,2019-01-15,XLB,small_mlp,0.506225709046,,1,4,0.0170774771769637,0.0117536491596008,0.0053238280173628,"ret_1d,volume_ratio_5d,volume_ratio_20d,relative_strength_20d",0.010602333000861108,0.00010899998596869409,25.0,False,mktmind-qtm/data/marketmind_qml_dataset.csv,SPY
split_01_2019-01,42,2019-01-15,XLC,small_mlp,0.473134581858,0.0,6,11,-0.0174809872209378,0.0117536491596008,-0.0292346363805386,"ret_1d,volume_ratio_5d,volume_ratio_20d,relative_strength_20d",0.010602333000861108,0.00010899998596869409,25.0,False,mktmind-qtm/data/marketmind_qml_dataset.csv,SPY
split_01_2019-01,42,2019-01-15,XLE,small_mlp,0.486921358064,0.0,4,10,-0.0043490117204717,0.0117536491596008,-0.0161026608800726,"ret_1d,volume_ratio_5d,volume_ratio_20d,relative_strength_20d",0.010602333000861108,0.00010899998596869409,25.0,False,mktmind-qtm/data/marketmind_qml_dataset.csv,SPY
split_01_2019-01,42,2019-01-15,XLF,small_mlp,0.487817265854,1.0,3,1,0.0337486910617266,0.0117536491596008,0.0219950419021257,"ret_1d,volume_ratio_5d,volume_ratio_20d,relative_strength_20d",0.010602333000861108,0.00010899998596869409,25.0,False,mktmind-qtm/data/marketmind_qml_dataset.csv,SPY
split_01_2019-01,42,2019-01-15,XLI,small_mlp,0.503050307833,1.0,2,3,0.0175904430238857,0.0117536491596008,0.0058367938642849,"ret_1d,volume_ratio_5d,volume_ratio_20d,relative_strength_20d",0.010602333000861108,0.00010899998596869409,25.0,False,mktmind-qtm/data/marketmind_qml_dataset.csv,SPY
split_01_2019-01,42,2019-01-15,XLK,small_mlp,0.469909283922,,7,8,0.0089198020613245,0.0117536491596008,-0.0028338470982762,"ret_1d,volume_ratio_5d,volume_ratio_20d,relative_strength_20d",0.010602333000861108,0.00010899998596869409,25.0,False,mktmind-qtm/data/marketmind_qml_dataset.csv,SPY
split_01_2019-01,42,2019-01-15,XLP,small_mlp,0.468286828819,,8,5,0.0134900753992845,0.0117536491596008,0.0017364262396837,"ret_1d,volume_ratio_5d,volume_ratio_20d,relative_strength_20d",0.010602333000861108,0.00010899998596869409,25.0,False,mktmind-qtm/data/marketmind_qml_dataset.csv,SPY
split_01_2019-01,42,2019-01-15,XLRE,small_mlp,0.468260764384,,9,7,0.0121003841367905,0.0117536491596008,0.0003467349771897,"ret_1d,volume_ratio_5d,volume_ratio_20d,relative_strength_20d",0.010602333000861108,0.00010899998596869409,25.0,False,mktmind-qtm/data/marketmind_qml_dataset.csv,SPY
split_01_2019-01,42,2019-01-15,XLU,small_mlp,0.46782077535,1.0,10,2,0.0210744056230594,0.0117536491596008,0.0093207564634585,"ret_1d,volume_ratio_5d,volume_ratio_20d,relative_strength_20d",0.010602333000861108,0.00010899998596869409,25.0,False,mktmind-qtm/data/marketmind_qml_dataset.csv,SPY
split_01_2019-01,42,2019-01-15,XLV,small_mlp,0.465350314169,,11,6,0.0131219922194314,0.0117536491596008,0.0013683430598305,"ret_1d,volume_ratio_5d,volume_ratio_20d,relative_strength_20d",0.010602333000861108,0.00010899998596869409,25.0,False,mktmind-qtm/data/marketmind_qml_dataset.csv,SPY
split_01_2019-01,42,2019-01-15,XLY,small_mlp,0.481903251073,0.0,5,9,0.0051486117219579,0.0117536491596008,-0.0066050374376429,"ret_1d,volume_ratio_5d,volume_ratio_20d,relative_strength_20d",0.010602333000861108,0.00010899998596869409,25.0,False,mktmind-qtm/data/marketmind_qml_dataset.csv,SPY
split_01_2019-01,42,2019-01-23,XLB,small_mlp,0.501585599591,1.0,4,3,0.0333905173034176,0.0158304339817185,0.0175600833216991,"ret_1d,volume_ratio_5d,volume_ratio_20d,relative_strength_20d",0.010602333000861108,0.00010899998596869409,25.0,False,mktmind-qtm/data/marketmind_qml_dataset.csv,SPY
split_01_2019-01,42,2019-01-23,XLC,small_mlp,0.502816482063,,2,7,0.0109491870108304,0.0158304339817185,-0.004881246970888,"ret_1d,volume_ratio_5d,volume_ratio_20d,relative_strength_20d",0.010602333000861108,0.00010899998596869409,25.0,False,mktmind-qtm/data/marketmind_qml_dataset.csv,SPY
split_01_2019-01,42,2019-01-23,XLE,small_mlp,0.519982285748,,1,5,0.0252385959360865,0.0158304339817185,0.009408161954368,"ret_1d,volume_ratio_5d,volume_ratio_20d,relative_strength_20d",0.010602333000861108,0.00010899998596869409,25.0,False,mktmind-qtm/data/marketmind_qml_dataset.csv,SPY
split_01_2019-01,42,2019-01-23,XLF,small_mlp,0.500565510748,,5,8,0.0097161734834008,0.0158304339817185,-0.0061142604983177,"ret_1d,volume_ratio_5d,volume_ratio_20d,relative_strength_20d",0.010602333000861108,0.00010899998596869409,25.0,False,mktmind-qtm/data/marketmind_qml_dataset.csv,SPY
split_01_2019-01,42,2019-01-23,XLI,small_mlp,0.498343203133,1.0,6,2,0.0380596815405349,0.0158304339817185,0.0222292475588163,"ret_1d,volume_ratio_5d,volume_ratio_20d,relative_strength_20d",0.010602333000861108,0.00010899998596869409,25.0,False,mktmind-qtm/data/marketmind_qml_dataset.csv,SPY
split_01_2019-01,42,2019-01-23,XLK,small_mlp,0.487679438207,,8,4,0.0291612822002258,0.0158304339817185,0.0133308482185072,"ret_1d,volume_ratio_5d,volume_ratio_20d,relative_strength_20d",0.010602333000861108,0.00010899998596869409,25.0,False,mktmind-qtm/data/marketmind_qml_dataset.csv,SPY
split_01_2019-01,42,2019-01-23,XLP,small_mlp,0.476592636175,0.0,10,11,-0.0032325010475047,0.0158304339817185,-0.0190629350292232,"ret_1d,volume_ratio_5d,volume_ratio_20d,relative_strength_20d",0.010602333000861108,0.00010899998596869409,25.0,False,mktmind-qtm/data/marketmind_qml_dataset.csv,SPY
split_01_2019-01,42,2019-01-23,XLRE,small_mlp,0.482882757322,1.0,9,1,0.0423053479600801,0.0158304339817185,0.0264749139783615,"ret_1d,volume_ratio_5d,volume_ratio_20d,relative_strength_20d",0.010602333000861108,0.00010899998596869409,25.0,False,mktmind-qtm/data/marketmind_qml_dataset.csv,SPY
split_01_2019-01,42,2019-01-23,XLU,small_mlp,0.460832258912,0.0,11,10,-0.0027891521636767,0.0158304339817185,-0.0186195861453952,"ret_1d,volume_ratio_5d,volume_ratio_20d,relative_strength_20d",0.010602333000861108,0.00010899998596869409,25.0,False,mktmind-qtm/data/marketmind_qml_dataset.csv,SPY
split_01_2019-01,42,2019-01-23,XLV,small_mlp,0.490461574259,0.0,7,9,-0.0001116563114598,0.0158304339817185,-0.0159420902931783,"ret_1d,volume_ratio_5d,volume_ratio_20d,relative_strength_20d",0.010602333000861108,0.00010899998596869409,25.0,False,mktmind-qtm/data/marketmind_qml_dataset.csv,SPY
split_01_2019-01,42,2019-01-23,XLY,small_mlp,0.502472402899,,3,6,0.022576463155663,0.0158304339817185,0.0067460291739445,"ret_1d,volume_ratio_5d,volume_ratio_20d,relative_strength_20d",0.010602333000861108,0.00010899998596869409,25.0,False,mktmind-qtm/data/marketmind_qml_dataset.csv,SPY
split_01_2019-01,42,2019-01-30,XLB,small_mlp,0.481070263181,0.0,4,11,-0.0123705823746254,0.0192843010983494,-0.0316548834729748,"ret_1d,volume_ratio_5d,volume_ratio_20d,relative_strength_20d",0.010602333000861108,0.00010899998596869409,25.0,False,mktmind-qtm/data/marketmind_qml_dataset.csv,SPY
split_01_2019-01,42,2019-01-30,XLC,small_mlp,0.47324962985,1.0,9,1,0.0347471161952233,0.0192843010983494,0.0154628150968738,"ret_1d,volume_ratio_5d,volume_ratio_20d,relative_strength_20d",0.010602333000861108,0.00010899998596869409,25.0,False,mktmind-qtm/data/marketmind_qml_dataset.csv,SPY
split_01_2019-01,42,2019-01-30,XLE,small_mlp,0.480988569638,,5,5,0.0203564770790691,0.0192843010983494,0.0010721759807197,"ret_1d,volume_ratio_5d,volume_ratio_20d,relative_strength_20d",0.010602333000861108,0.00010899998596869409,25.0,False,mktmind-qtm/data/marketmind_qml_dataset.csv,SPY
split_01_2019-01,42,2019-01-30,XLF,small_mlp,0.496348373445,0.0,1,10,0.003079486053692,0.0192843010983494,-0.0162048150446574,"ret_1d,volume_ratio_5d,volume_ratio_20d,relative_strength_20d",0.010602333000861108,0.00010899998596869409,25.0,False,mktmind-qtm/data/marketmind_qml_dataset.csv,SPY
split_01_2019-01,42,2019-01-30,XLI,small_mlp,0.485174194779,1.0,3,3,0.027987557234393,0.0192843010983494,0.0087032561360436,"ret_1d,volume_ratio_5d,volume_ratio_20d,relative_strength_20d",0.010602333000861108,0.00010899998596869409,25.0,False,mktmind-qtm/data/marketmind_qml_dataset.csv,SPY
split_01_2019-01,42,2019-01-30,XLK,small_mlp,0.458446220637,1.0,11,2,0.0330069050915609,0.0192843010983494,0.0137226039932114,"ret_1d,volume_ratio_5d,volume_ratio_20d,relative_strength_20d",0.010602333000861108,0.00010899998596869409,25.0,False,mktmind-qtm/data/marketmind_qml_dataset.csv,SPY
split_01_2019-01,42,2019-01-30,XLP,small_mlp,0.478780489835,,6,4,0.0221290634279145,0.0192843010983494,0.002844762329565,"ret_1d,volume_ratio_5d,volume_ratio_20d,relative_strength_20d",0.010602333000861108,0.00010899998596869409,25.0,False,mktmind-qtm/data/marketmind_qml_dataset.csv,SPY
split_01_2019-01,42,2019-01-30,XLRE,small_mlp,0.490539874983,,2,8,0.0082352780925385,0.0192843010983494,-0.0110490230058108,"ret_1d,volume_ratio_5d,volume_ratio_20d,relative_strength_20d",0.010602333000861108,0.00010899998596869409,25.0,False,mktmind-qtm/data/marketmind_qml_dataset.csv,SPY
split_01_2019-01,42,2019-01-30,XLU,small_mlp,0.475259588532,,7,6,0.0203246935920202,0.0192843010983494,0.0010403924936708,"ret_1d,volume_ratio_5d,volume_ratio_20d,relative_strength_20d",0.010602333000861108,0.00010899998596869409,25.0,False,mktmind-qtm/data/marketmind_qml_dataset.csv,SPY
split_01_2019-01,42,2019-01-30,XLV,small_mlp,0.472354997941,,10,7,0.0136237840229362,0.0192843010983494,-0.0056605170754131,"ret_1d,volume_ratio_5d,volume_ratio_20d,relative_strength_20d",0.010602333000861108,0.00010899998596869409,25.0,False,mktmind-qtm/data/marketmind_qml_dataset.csv,SPY
split_01_2019-01,42,2019-01-30,XLY,small_mlp,0.474054608558,0.0,8,9,0.0060295945448385,0.0192843010983494,-0.0132547065535109,"ret_1d,volume_ratio_5d,volume_ratio_20d,relative_strength_20d",0.010602333000861108,0.00010899998596869409,25.0,False,mktmind-qtm/data/marketmind_qml_dataset.csv,SPY
split_01_2019-01,42,2019-01-08,XLB,xgboost,0.453279018402,0.0,7,11,-0.009038630373423,0.0139423721028788,-0.0229810024763018,"ret_1d,volume_ratio_5d,volume_ratio_20d,relative_strength_20d",0.008860542002366856,0.0005185829941183329,,False,mktmind-qtm/data/marketmind_qml_dataset.csv,SPY
split_01_2019-01,42,2019-01-08,XLC,xgboost,0.447869241238,,8,7,0.011332695473911,0.0139423721028788,-0.0026096766289678,"ret_1d,volume_ratio_5d,volume_ratio_20d,relative_strength_20d",0.008860542002366856,0.0005185829941183329,,False,mktmind-qtm/data/marketmind_qml_dataset.csv,SPY
split_01_2019-01,42,2019-01-08,XLE,xgboost,0.446255207062,,9,6,0.0138817538360043,0.0139423721028788,-6.0618266874534754e-05,"ret_1d,volume_ratio_5d,volume_ratio_20d,relative_strength_20d",0.008860542002366856,0.0005185829941183329,,False,mktmind-qtm/data/marketmind_qml_dataset.csv,SPY
split_01_2019-01,42,2019-01-08,XLF,xgboost,0.589343488216,1.0,1,1,0.0238583785705013,0.0139423721028788,0.0099160064676224,"ret_1d,volume_ratio_5d,volume_ratio_20d,relative_strength_20d",0.008860542002366856,0.0005185829941183329,,False,mktmind-qtm/data/marketmind_qml_dataset.csv,SPY
split_01_2019-01,42,2019-01-08,XLI,xgboost,0.578169763088,,2,5,0.0160707071587802,0.0139423721028788,0.0021283350559013,"ret_1d,volume_ratio_5d,volume_ratio_20d,relative_strength_20d",0.008860542002366856,0.0005185829941183329,,False,mktmind-qtm/data/marketmind_qml_dataset.csv,SPY
split_01_2019-01,42,2019-01-08,XLK,xgboost,0.576176464558,1.0,3,3,0.0212564070955756,0.0139423721028788,0.0073140349926967,"ret_1d,volume_ratio_5d,volume_ratio_20d,relative_strength_20d",0.008860542002366856,0.0005185829941183329,,False,mktmind-qtm/data/marketmind_qml_dataset.csv,SPY
split_01_2019-01,42,2019-01-08,XLP,xgboost,0.538129925728,0.0,6,9,0.0044520616571981,0.0139423721028788,-0.0094903104456807,"ret_1d,volume_ratio_5d,volume_ratio_20d,relative_strength_20d",0.008860542002366856,0.0005185829941183329,,False,mktmind-qtm/data/marketmind_qml_dataset.csv,SPY
split_01_2019-01,42,2019-01-08,XLRE,xgboost,0.229771286249,1.0,11,2,0.0218769464621151,0.0139423721028788,0.0079345743592362,"ret_1d,volume_ratio_5d,volume_ratio_20d,relative_strength_20d",0.008860542002366856,0.0005185829941183329,,False,mktmind-qtm/data/marketmind_qml_dataset.csv,SPY
split_01_2019-01,42,2019-01-08,XLU,xgboost,0.54639685154,0.0,5,10,-0.0073500365398779,0.0139423721028788,-0.0212924086427568,"ret_1d,volume_ratio_5d,volume_ratio_20d,relative_strength_20d",0.008860542002366856,0.0005185829941183329,,False,mktmind-qtm/data/marketmind_qml_dataset.csv,SPY
split_01_2019-01,42,2019-01-08,XLV,xgboost,0.417618900537,,10,4,0.016559434281725,0.0139423721028788,0.0026170621788461,"ret_1d,volume_ratio_5d,volume_ratio_20d,relative_strength_20d",0.008860542002366856,0.0005185829941183329,,False,mktmind-qtm/data/marketmind_qml_dataset.csv,SPY
split_01_2019-01,42,2019-01-08,XLY,xgboost,0.565854489803,,4,8,0.006043143514389,0.0139423721028788,-0.0078992285884897,"ret_1d,volume_ratio_5d,volume_ratio_20d,relative_strength_20d",0.008860542002366856,0.0005185829941183329,,False,mktmind-qtm/data/marketmind_qml_dataset.csv,SPY
split_01_2019-01,42,2019-01-15,XLB,xgboost,0.361247450113,,8,4,0.0170774771769637,0.0117536491596008,0.0053238280173628,"ret_1d,volume_ratio_5d,volume_ratio_20d,relative_strength_20d",0.008860542002366856,0.0005185829941183329,,False,mktmind-qtm/data/marketmind_qml_dataset.csv,SPY
split_01_2019-01,42,2019-01-15,XLC,xgboost,0.305888235569,0.0,9,11,-0.0174809872209378,0.0117536491596008,-0.0292346363805386,"ret_1d,volume_ratio_5d,volume_ratio_20d,relative_strength_20d",0.008860542002366856,0.0005185829941183329,,False,mktmind-qtm/data/marketmind_qml_dataset.csv,SPY
split_01_2019-01,42,2019-01-15,XLE,xgboost,0.51573574543,0.0,2,10,-0.0043490117204717,0.0117536491596008,-0.0161026608800726,"ret_1d,volume_ratio_5d,volume_ratio_20d,relative_strength_20d",0.008860542002366856,0.0005185829941183329,,False,mktmind-qtm/data/marketmind_qml_dataset.csv,SPY
split_01_2019-01,42,2019-01-15,XLF,xgboost,0.418923586607,1.0,6,1,0.0337486910617266,0.0117536491596008,0.0219950419021257,"ret_1d,volume_ratio_5d,volume_ratio_20d,relative_strength_20d",0.008860542002366856,0.0005185829941183329,,False,mktmind-qtm/data/marketmind_qml_dataset.csv,SPY
split_01_2019-01,42,2019-01-15,XLI,xgboost,0.550279259682,1.0,1,3,0.0175904430238857,0.0117536491596008,0.0058367938642849,"ret_1d,volume_ratio_5d,volume_ratio_20d,relative_strength_20d",0.008860542002366856,0.0005185829941183329,,False,mktmind-qtm/data/marketmind_qml_dataset.csv,SPY
split_01_2019-01,42,2019-01-15,XLK,xgboost,0.28441131115,,10,8,0.0089198020613245,0.0117536491596008,-0.0028338470982762,"ret_1d,volume_ratio_5d,volume_ratio_20d,relative_strength_20d",0.008860542002366856,0.0005185829941183329,,False,mktmind-qtm/data/marketmind_qml_dataset.csv,SPY
split_01_2019-01,42,2019-01-15,XLP,xgboost,0.446207016706,,5,5,0.0134900753992845,0.0117536491596008,0.0017364262396837,"ret_1d,volume_ratio_5d,volume_ratio_20d,relative_strength_20d",0.008860542002366856,0.0005185829941183329,,False,mktmind-qtm/data/marketmind_qml_dataset.csv,SPY
split_01_2019-01,42,2019-01-15,XLRE,xgboost,0.493707507849,,3,7,0.0121003841367905,0.0117536491596008,0.0003467349771897,"ret_1d,volume_ratio_5d,volume_ratio_20d,relative_strength_20d",0.008860542002366856,0.0005185829941183329,,False,mktmind-qtm/data/marketmind_qml_dataset.csv,SPY
split_01_2019-01,42,2019-01-15,XLU,xgboost,0.473340153694,1.0,4,2,0.0210744056230594,0.0117536491596008,0.0093207564634585,"ret_1d,volume_ratio_5d,volume_ratio_20d,relative_strength_20d",0.008860542002366856,0.0005185829941183329,,False,mktmind-qtm/data/marketmind_qml_dataset.csv,SPY
split_01_2019-01,42,2019-01-15,XLV,xgboost,0.265033215284,,11,6,0.0131219922194314,0.0117536491596008,0.0013683430598305,"ret_1d,volume_ratio_5d,volume_ratio_20d,relative_strength_20d",0.008860542002366856,0.0005185829941183329,,False,mktmind-qtm/data/marketmind_qml_dataset.csv,SPY
split_01_2019-01,42,2019-01-15,XLY,xgboost,0.363488823175,0.0,7,9,0.0051486117219579,0.0117536491596008,-0.0066050374376429,"ret_1d,volume_ratio_5d,volume_ratio_20d,relative_strength_20d",0.008860542002366856,0.0005185829941183329,,False,mktmind-qtm/data/marketmind_qml_dataset.csv,SPY
split_01_2019-01,42,2019-01-23,XLB,xgboost,0.440465897322,1.0,10,3,0.0333905173034176,0.0158304339817185,0.0175600833216991,"ret_1d,volume_ratio_5d,volume_ratio_20d,relative_strength_20d",0.008860542002366856,0.0005185829941183329,,False,mktmind-qtm/data/marketmind_qml_dataset.csv,SPY
split_01_2019-01,42,2019-01-23,XLC,xgboost,0.494844555855,,7,7,0.0109491870108304,0.0158304339817185,-0.004881246970888,"ret_1d,volume_ratio_5d,volume_ratio_20d,relative_strength_20d",0.008860542002366856,0.0005185829941183329,,False,mktmind-qtm/data/marketmind_qml_dataset.csv,SPY
split_01_2019-01,42,2019-01-23,XLE,xgboost,0.543066263199,,3,5,0.0252385959360865,0.0158304339817185,0.009408161954368,"ret_1d,volume_ratio_5d,volume_ratio_20d,relative_strength_20d",0.008860542002366856,0.0005185829941183329,,False,mktmind-qtm/data/marketmind_qml_dataset.csv,SPY
split_01_2019-01,42,2019-01-23,XLF,xgboost,0.538182914257,,5,8,0.0097161734834008,0.0158304339817185,-0.0061142604983177,"ret_1d,volume_ratio_5d,volume_ratio_20d,relative_strength_20d",0.008860542002366856,0.0005185829941183329,,False,mktmind-qtm/data/marketmind_qml_dataset.csv,SPY
split_01_2019-01,42,2019-01-23,XLI,xgboost,0.455299139023,1.0,9,2,0.0380596815405349,0.0158304339817185,0.0222292475588163,"ret_1d,volume_ratio_5d,volume_ratio_20d,relative_strength_20d",0.008860542002366856,0.0005185829941183329,,False,mktmind-qtm/data/marketmind_qml_dataset.csv,SPY
split_01_2019-01,42,2019-01-23,XLK,xgboost,0.514105916023,,6,4,0.0291612822002258,0.0158304339817185,0.0133308482185072,"ret_1d,volume_ratio_5d,volume_ratio_20d,relative_strength_20d",0.008860542002366856,0.0005185829941183329,,False,mktmind-qtm/data/marketmind_qml_dataset.csv,SPY
split_01_2019-01,42,2019-01-23,XLP,xgboost,0.617603957653,0.0,1,11,-0.0032325010475047,0.0158304339817185,-0.0190629350292232,"ret_1d,volume_ratio_5d,volume_ratio_20d,relative_strength_20d",0.008860542002366856,0.0005185829941183329,,False,mktmind-qtm/data/marketmind_qml_dataset.csv,SPY
split_01_2019-01,42,2019-01-23,XLRE,xgboost,0.481580853462,1.0,8,1,0.0423053479600801,0.0158304339817185,0.0264749139783615,"ret_1d,volume_ratio_5d,volume_ratio_20d,relative_strength_20d",0.008860542002366856,0.0005185829941183329,,False,mktmind-qtm/data/marketmind_qml_dataset.csv,SPY
split_01_2019-01,42,2019-01-23,XLU,xgboost,0.372172266245,0.0,11,10,-0.0027891521636767,0.0158304339817185,-0.0186195861453952,"ret_1d,volume_ratio_5d,volume_ratio_20d,relative_strength_20d",0.008860542002366856,0.0005185829941183329,,False,mktmind-qtm/data/marketmind_qml_dataset.csv,SPY
split_01_2019-01,42,2019-01-23,XLV,xgboost,0.582296907902,0.0,2,9,-0.0001116563114598,0.0158304339817185,-0.0159420902931783,"ret_1d,volume_ratio_5d,volume_ratio_20d,relative_strength_20d",0.008860542002366856,0.0005185829941183329,,False,mktmind-qtm/data/marketmind_qml_dataset.csv,SPY
split_01_2019-01,42,2019-01-23,XLY,xgboost,0.539844572544,,4,6,0.022576463155663,0.0158304339817185,0.0067460291739445,"ret_1d,volume_ratio_5d,volume_ratio_20d,relative_strength_20d",0.008860542002366856,0.0005185829941183329,,False,mktmind-qtm/data/marketmind_qml_dataset.csv,SPY
split_01_2019-01,42,2019-01-30,XLB,xgboost,0.521524250507,0.0,2,11,-0.0123705823746254,0.0192843010983494,-0.0316548834729748,"ret_1d,volume_ratio_5d,volume_ratio_20d,relative_strength_20d",0.008860542002366856,0.0005185829941183329,,False,mktmind-qtm/data/marketmind_qml_dataset.csv,SPY
split_01_2019-01,42,2019-01-30,XLC,xgboost,0.230317234993,1.0,11,1,0.0347471161952233,0.0192843010983494,0.0154628150968738,"ret_1d,volume_ratio_5d,volume_ratio_20d,relative_strength_20d",0.008860542002366856,0.0005185829941183329,,False,mktmind-qtm/data/marketmind_qml_dataset.csv,SPY
split_01_2019-01,42,2019-01-30,XLE,xgboost,0.323256075382,,9,5,0.0203564770790691,0.0192843010983494,0.0010721759807197,"ret_1d,volume_ratio_5d,volume_ratio_20d,relative_strength_20d",0.008860542002366856,0.0005185829941183329,,False,mktmind-qtm/data/marketmind_qml_dataset.csv,SPY
split_01_2019-01,42,2019-01-30,XLF,xgboost,0.516042053699,0.0,4,10,0.003079486053692,0.0192843010983494,-0.0162048150446574,"ret_1d,volume_ratio_5d,volume_ratio_20d,relative_strength_20d",0.008860542002366856,0.0005185829941183329,,False,mktmind-qtm/data/marketmind_qml_dataset.csv,SPY
split_01_2019-01,42,2019-01-30,XLI,xgboost,0.394901275635,1.0,7,3,0.027987557234393,0.0192843010983494,0.0087032561360436,"ret_1d,volume_ratio_5d,volume_ratio_20d,relative_strength_20d",0.008860542002366856,0.0005185829941183329,,False,mktmind-qtm/data/marketmind_qml_dataset.csv,SPY
split_01_2019-01,42,2019-01-30,XLK,xgboost,0.25416430831,1.0,10,2,0.0330069050915609,0.0192843010983494,0.0137226039932114,"ret_1d,volume_ratio_5d,volume_ratio_20d,relative_strength_20d",0.008860542002366856,0.0005185829941183329,,False,mktmind-qtm/data/marketmind_qml_dataset.csv,SPY
split_01_2019-01,42,2019-01-30,XLP,xgboost,0.519607305527,,3,4,0.0221290634279145,0.0192843010983494,0.002844762329565,"ret_1d,volume_ratio_5d,volume_ratio_20d,relative_strength_20d",0.008860542002366856,0.0005185829941183329,,False,mktmind-qtm/data/marketmind_qml_dataset.csv,SPY
split_01_2019-01,42,2019-01-30,XLRE,xgboost,0.487896770239,,5,8,0.0082352780925385,0.0192843010983494,-0.0110490230058108,"ret_1d,volume_ratio_5d,volume_ratio_20d,relative_strength_20d",0.008860542002366856,0.0005185829941183329,,False,mktmind-qtm/data/marketmind_qml_dataset.csv,SPY
split_01_2019-01,42,2019-01-30,XLU,xgboost,0.459218978882,,6,6,0.0203246935920202,0.0192843010983494,0.0010403924936708,"ret_1d,volume_ratio_5d,volume_ratio_20d,relative_strength_20d",0.008860542002366856,0.0005185829941183329,,False,mktmind-qtm/data/marketmind_qml_dataset.csv,SPY
split_01_2019-01,42,2019-01-30,XLV,xgboost,0.584280788898,,1,7,0.0136237840229362,0.0192843010983494,-0.0056605170754131,"ret_1d,volume_ratio_5d,volume_ratio_20d,relative_strength_20d",0.008860542002366856,0.0005185829941183329,,False,mktmind-qtm/data/marketmind_qml_dataset.csv,SPY
split_01_2019-01,42,2019-01-30,XLY,xgboost,0.333831787109,0.0,8,9,0.0060295945448385,0.0192843010983494,-0.0132547065535109,"ret_1d,volume_ratio_5d,volume_ratio_20d,relative_strength_20d",0.008860542002366856,0.0005185829941183329,,False,mktmind-qtm/data/marketmind_qml_dataset.csv,SPY
split_01_2019-01,42,2019-01-08,XLB,pennylane_qnn,-0.053933037996,0.0,5,11,-0.009038630373423,0.0139423721028788,-0.0229810024763018,"ret_1d,volume_ratio_5d,volume_ratio_20d,relative_strength_20d",23.114291875011986,0.12781062501017004,13.0,False,mktmind-qtm/data/marketmind_qml_dataset.csv,SPY
split_01_2019-01,42,2019-01-08,XLC,pennylane_qnn,-0.370101546012,,10,7,0.011332695473911,0.0139423721028788,-0.0026096766289678,"ret_1d,volume_ratio_5d,volume_ratio_20d,relative_strength_20d",23.114291875011986,0.12781062501017004,13.0,False,mktmind-qtm/data/marketmind_qml_dataset.csv,SPY
split_01_2019-01,42,2019-01-08,XLE,pennylane_qnn,-0.167224664399,,6,6,0.0138817538360043,0.0139423721028788,-6.0618266874534754e-05,"ret_1d,volume_ratio_5d,volume_ratio_20d,relative_strength_20d",23.114291875011986,0.12781062501017004,13.0,False,mktmind-qtm/data/marketmind_qml_dataset.csv,SPY
split_01_2019-01,42,2019-01-08,XLF,pennylane_qnn,0.211573105915,1.0,2,1,0.0238583785705013,0.0139423721028788,0.0099160064676224,"ret_1d,volume_ratio_5d,volume_ratio_20d,relative_strength_20d",23.114291875011986,0.12781062501017004,13.0,False,mktmind-qtm/data/marketmind_qml_dataset.csv,SPY
split_01_2019-01,42,2019-01-08,XLI,pennylane_qnn,0.570360751196,,1,5,0.0160707071587802,0.0139423721028788,0.0021283350559013,"ret_1d,volume_ratio_5d,volume_ratio_20d,relative_strength_20d",23.114291875011986,0.12781062501017004,13.0,False,mktmind-qtm/data/marketmind_qml_dataset.csv,SPY
split_01_2019-01,42,2019-01-08,XLK,pennylane_qnn,-0.387300614928,1.0,11,3,0.0212564070955756,0.0139423721028788,0.0073140349926967,"ret_1d,volume_ratio_5d,volume_ratio_20d,relative_strength_20d",23.114291875011986,0.12781062501017004,13.0,False,mktmind-qtm/data/marketmind_qml_dataset.csv,SPY
split_01_2019-01,42,2019-01-08,XLP,pennylane_qnn,-0.019998738077,0.0,4,9,0.0044520616571981,0.0139423721028788,-0.0094903104456807,"ret_1d,volume_ratio_5d,volume_ratio_20d,relative_strength_20d",23.114291875011986,0.12781062501017004,13.0,False,mktmind-qtm/data/marketmind_qml_dataset.csv,SPY
split_01_2019-01,42,2019-01-08,XLRE,pennylane_qnn,-0.315332838166,1.0,8,2,0.0218769464621151,0.0139423721028788,0.0079345743592362,"ret_1d,volume_ratio_5d,volume_ratio_20d,relative_strength_20d",23.114291875011986,0.12781062501017004,13.0,False,mktmind-qtm/data/marketmind_qml_dataset.csv,SPY
split_01_2019-01,42,2019-01-08,XLU,pennylane_qnn,-0.343742902027,0.0,9,10,-0.0073500365398779,0.0139423721028788,-0.0212924086427568,"ret_1d,volume_ratio_5d,volume_ratio_20d,relative_strength_20d",23.114291875011986,0.12781062501017004,13.0,False,mktmind-qtm/data/marketmind_qml_dataset.csv,SPY
split_01_2019-01,42,2019-01-08,XLV,pennylane_qnn,-0.194164239667,,7,4,0.016559434281725,0.0139423721028788,0.0026170621788461,"ret_1d,volume_ratio_5d,volume_ratio_20d,relative_strength_20d",23.114291875011986,0.12781062501017004,13.0,False,mktmind-qtm/data/marketmind_qml_dataset.csv,SPY
split_01_2019-01,42,2019-01-08,XLY,pennylane_qnn,0.053947960603,,3,8,0.006043143514389,0.0139423721028788,-0.0078992285884897,"ret_1d,volume_ratio_5d,volume_ratio_20d,relative_strength_20d",23.114291875011986,0.12781062501017004,13.0,False,mktmind-qtm/data/marketmind_qml_dataset.csv,SPY
split_01_2019-01,42,2019-01-15,XLB,pennylane_qnn,-0.35005266504,,6,4,0.0170774771769637,0.0117536491596008,0.0053238280173628,"ret_1d,volume_ratio_5d,volume_ratio_20d,relative_strength_20d",23.114291875011986,0.12781062501017004,13.0,False,mktmind-qtm/data/marketmind_qml_dataset.csv,SPY
split_01_2019-01,42,2019-01-15,XLC,pennylane_qnn,-0.319499400305,0.0,5,11,-0.0174809872209378,0.0117536491596008,-0.0292346363805386,"ret_1d,volume_ratio_5d,volume_ratio_20d,relative_strength_20d",23.114291875011986,0.12781062501017004,13.0,False,mktmind-qtm/data/marketmind_qml_dataset.csv,SPY
split_01_2019-01,42,2019-01-15,XLE,pennylane_qnn,-0.360568615612,0.0,7,10,-0.0043490117204717,0.0117536491596008,-0.0161026608800726,"ret_1d,volume_ratio_5d,volume_ratio_20d,relative_strength_20d",23.114291875011986,0.12781062501017004,13.0,False,mktmind-qtm/data/marketmind_qml_dataset.csv,SPY
split_01_2019-01,42,2019-01-15,XLF,pennylane_qnn,-0.151104280004,1.0,2,1,0.0337486910617266,0.0117536491596008,0.0219950419021257,"ret_1d,volume_ratio_5d,volume_ratio_20d,relative_strength_20d",23.114291875011986,0.12781062501017004,13.0,False,mktmind-qtm/data/marketmind_qml_dataset.csv,SPY
split_01_2019-01,42,2019-01-15,XLI,pennylane_qnn,-0.123948419055,1.0,1,3,0.0175904430238857,0.0117536491596008,0.0058367938642849,"ret_1d,volume_ratio_5d,volume_ratio_20d,relative_strength_20d",23.114291875011986,0.12781062501017004,13.0,False,mktmind-qtm/data/marketmind_qml_dataset.csv,SPY
split_01_2019-01,42,2019-01-15,XLK,pennylane_qnn,-0.240693775609,,3,8,0.0089198020613245,0.0117536491596008,-0.0028338470982762,"ret_1d,volume_ratio_5d,volume_ratio_20d,relative_strength_20d",23.114291875011986,0.12781062501017004,13.0,False,mktmind-qtm/data/marketmind_qml_dataset.csv,SPY
split_01_2019-01,42,2019-01-15,XLP,pennylane_qnn,-0.383763907523,,8,5,0.0134900753992845,0.0117536491596008,0.0017364262396837,"ret_1d,volume_ratio_5d,volume_ratio_20d,relative_strength_20d",23.114291875011986,0.12781062501017004,13.0,False,mktmind-qtm/data/marketmind_qml_dataset.csv,SPY
split_01_2019-01,42,2019-01-15,XLRE,pennylane_qnn,-0.473038942896,,9,7,0.0121003841367905,0.0117536491596008,0.0003467349771897,"ret_1d,volume_ratio_5d,volume_ratio_20d,relative_strength_20d",23.114291875011986,0.12781062501017004,13.0,False,mktmind-qtm/data/marketmind_qml_dataset.csv,SPY
split_01_2019-01,42,2019-01-15,XLU,pennylane_qnn,-0.921656701413,1.0,11,2,0.0210744056230594,0.0117536491596008,0.0093207564634585,"ret_1d,volume_ratio_5d,volume_ratio_20d,relative_strength_20d",23.114291875011986,0.12781062501017004,13.0,False,mktmind-qtm/data/marketmind_qml_dataset.csv,SPY
split_01_2019-01,42,2019-01-15,XLV,pennylane_qnn,-0.280222447457,,4,6,0.0131219922194314,0.0117536491596008,0.0013683430598305,"ret_1d,volume_ratio_5d,volume_ratio_20d,relative_strength_20d",23.114291875011986,0.12781062501017004,13.0,False,mktmind-qtm/data/marketmind_qml_dataset.csv,SPY
split_01_2019-01,42,2019-01-15,XLY,pennylane_qnn,-0.59695011041,0.0,10,9,0.0051486117219579,0.0117536491596008,-0.0066050374376429,"ret_1d,volume_ratio_5d,volume_ratio_20d,relative_strength_20d",23.114291875011986,0.12781062501017004,13.0,False,mktmind-qtm/data/marketmind_qml_dataset.csv,SPY
split_01_2019-01,42,2019-01-23,XLB,pennylane_qnn,-0.373683830567,1.0,9,3,0.0333905173034176,0.0158304339817185,0.0175600833216991,"ret_1d,volume_ratio_5d,volume_ratio_20d,relative_strength_20d",23.114291875011986,0.12781062501017004,13.0,False,mktmind-qtm/data/marketmind_qml_dataset.csv,SPY
split_01_2019-01,42,2019-01-23,XLC,pennylane_qnn,-0.422845326311,,10,7,0.0109491870108304,0.0158304339817185,-0.004881246970888,"ret_1d,volume_ratio_5d,volume_ratio_20d,relative_strength_20d",23.114291875011986,0.12781062501017004,13.0,False,mktmind-qtm/data/marketmind_qml_dataset.csv,SPY
split_01_2019-01,42,2019-01-23,XLE,pennylane_qnn,0.172508151069,,1,5,0.0252385959360865,0.0158304339817185,0.009408161954368,"ret_1d,volume_ratio_5d,volume_ratio_20d,relative_strength_20d",23.114291875011986,0.12781062501017004,13.0,False,mktmind-qtm/data/marketmind_qml_dataset.csv,SPY
split_01_2019-01,42,2019-01-23,XLF,pennylane_qnn,-0.370954144172,,8,8,0.0097161734834008,0.0158304339817185,-0.0061142604983177,"ret_1d,volume_ratio_5d,volume_ratio_20d,relative_strength_20d",23.114291875011986,0.12781062501017004,13.0,False,mktmind-qtm/data/marketmind_qml_dataset.csv,SPY
split_01_2019-01,42,2019-01-23,XLI,pennylane_qnn,-0.205639804222,1.0,3,2,0.0380596815405349,0.0158304339817185,0.0222292475588163,"ret_1d,volume_ratio_5d,volume_ratio_20d,relative_strength_20d",23.114291875011986,0.12781062501017004,13.0,False,mktmind-qtm/data/marketmind_qml_dataset.csv,SPY
split_01_2019-01,42,2019-01-23,XLK,pennylane_qnn,-0.370885696947,,7,4,0.0291612822002258,0.0158304339817185,0.0133308482185072,"ret_1d,volume_ratio_5d,volume_ratio_20d,relative_strength_20d",23.114291875011986,0.12781062501017004,13.0,False,mktmind-qtm/data/marketmind_qml_dataset.csv,SPY
split_01_2019-01,42,2019-01-23,XLP,pennylane_qnn,-0.367731721183,0.0,6,11,-0.0032325010475047,0.0158304339817185,-0.0190629350292232,"ret_1d,volume_ratio_5d,volume_ratio_20d,relative_strength_20d",23.114291875011986,0.12781062501017004,13.0,False,mktmind-qtm/data/marketmind_qml_dataset.csv,SPY
split_01_2019-01,42,2019-01-23,XLRE,pennylane_qnn,-0.341520189226,1.0,4,1,0.0423053479600801,0.0158304339817185,0.0264749139783615,"ret_1d,volume_ratio_5d,volume_ratio_20d,relative_strength_20d",23.114291875011986,0.12781062501017004,13.0,False,mktmind-qtm/data/marketmind_qml_dataset.csv,SPY
split_01_2019-01,42,2019-01-23,XLU,pennylane_qnn,-0.444689381546,0.0,11,10,-0.0027891521636767,0.0158304339817185,-0.0186195861453952,"ret_1d,volume_ratio_5d,volume_ratio_20d,relative_strength_20d",23.114291875011986,0.12781062501017004,13.0,False,mktmind-qtm/data/marketmind_qml_dataset.csv,SPY
split_01_2019-01,42,2019-01-23,XLV,pennylane_qnn,-0.367626250346,0.0,5,9,-0.0001116563114598,0.0158304339817185,-0.0159420902931783,"ret_1d,volume_ratio_5d,volume_ratio_20d,relative_strength_20d",23.114291875011986,0.12781062501017004,13.0,False,mktmind-qtm/data/marketmind_qml_dataset.csv,SPY
split_01_2019-01,42,2019-01-23,XLY,pennylane_qnn,0.012056366846,,2,6,0.022576463155663,0.0158304339817185,0.0067460291739445,"ret_1d,volume_ratio_5d,volume_ratio_20d,relative_strength_20d",23.114291875011986,0.12781062501017004,13.0,False,mktmind-qtm/data/marketmind_qml_dataset.csv,SPY
split_01_2019-01,42,2019-01-30,XLB,pennylane_qnn,0.099677024772,0.0,4,11,-0.0123705823746254,0.0192843010983494,-0.0316548834729748,"ret_1d,volume_ratio_5d,volume_ratio_20d,relative_strength_20d",23.114291875011986,0.12781062501017004,13.0,False,mktmind-qtm/data/marketmind_qml_dataset.csv,SPY
split_01_2019-01,42,2019-01-30,XLC,pennylane_qnn,-0.264731212562,1.0,9,1,0.0347471161952233,0.0192843010983494,0.0154628150968738,"ret_1d,volume_ratio_5d,volume_ratio_20d,relative_strength_20d",23.114291875011986,0.12781062501017004,13.0,False,mktmind-qtm/data/marketmind_qml_dataset.csv,SPY
split_01_2019-01,42,2019-01-30,XLE,pennylane_qnn,-0.203001632712,,8,5,0.0203564770790691,0.0192843010983494,0.0010721759807197,"ret_1d,volume_ratio_5d,volume_ratio_20d,relative_strength_20d",23.114291875011986,0.12781062501017004,13.0,False,mktmind-qtm/data/marketmind_qml_dataset.csv,SPY
split_01_2019-01,42,2019-01-30,XLF,pennylane_qnn,0.305632448028,0.0,2,10,0.003079486053692,0.0192843010983494,-0.0162048150446574,"ret_1d,volume_ratio_5d,volume_ratio_20d,relative_strength_20d",23.114291875011986,0.12781062501017004,13.0,False,mktmind-qtm/data/marketmind_qml_dataset.csv,SPY
split_01_2019-01,42,2019-01-30,XLI,pennylane_qnn,0.022048972635,1.0,6,3,0.027987557234393,0.0192843010983494,0.0087032561360436,"ret_1d,volume_ratio_5d,volume_ratio_20d,relative_strength_20d",23.114291875011986,0.12781062501017004,13.0,False,mktmind-qtm/data/marketmind_qml_dataset.csv,SPY
split_01_2019-01,42,2019-01-30,XLK,pennylane_qnn,0.230668979482,1.0,3,2,0.0330069050915609,0.0192843010983494,0.0137226039932114,"ret_1d,volume_ratio_5d,volume_ratio_20d,relative_strength_20d",23.114291875011986,0.12781062501017004,13.0,False,mktmind-qtm/data/marketmind_qml_dataset.csv,SPY
split_01_2019-01,42,2019-01-30,XLP,pennylane_qnn,-0.268641597522,,10,4,0.0221290634279145,0.0192843010983494,0.002844762329565,"ret_1d,volume_ratio_5d,volume_ratio_20d,relative_strength_20d",23.114291875011986,0.12781062501017004,13.0,False,mktmind-qtm/data/marketmind_qml_dataset.csv,SPY
split_01_2019-01,42,2019-01-30,XLRE,pennylane_qnn,0.022733760194,,5,8,0.0082352780925385,0.0192843010983494,-0.0110490230058108,"ret_1d,volume_ratio_5d,volume_ratio_20d,relative_strength_20d",23.114291875011986,0.12781062501017004,13.0,False,mktmind-qtm/data/marketmind_qml_dataset.csv,SPY
split_01_2019-01,42,2019-01-30,XLU,pennylane_qnn,-0.570755369228,,11,6,0.0203246935920202,0.0192843010983494,0.0010403924936708,"ret_1d,volume_ratio_5d,volume_ratio_20d,relative_strength_20d",23.114291875011986,0.12781062501017004,13.0,False,mktmind-qtm/data/marketmind_qml_dataset.csv,SPY
split_01_2019-01,42,2019-01-30,XLV,pennylane_qnn,-0.102528606804,,7,7,0.0136237840229362,0.0192843010983494,-0.0056605170754131,"ret_1d,volume_ratio_5d,volume_ratio_20d,relative_strength_20d",23.114291875011986,0.12781062501017004,13.0,False,mktmind-qtm/data/marketmind_qml_dataset.csv,SPY
split_01_2019-01,42,2019-01-30,XLY,pennylane_qnn,0.311245843764,0.0,1,9,0.0060295945448385,0.0192843010983494,-0.0132547065535109,"ret_1d,volume_ratio_5d,volume_ratio_20d,relative_strength_20d",23.114291875011986,0.12781062501017004,13.0,False,mktmind-qtm/data/marketmind_qml_dataset.csv,SPY
split_02_2019-02,42,2019-02-06,XLB,naive_momentum,-0.033542027512,,11,6,0.0100954439758633,0.0082494280517981,0.0018460159240651,relative_strength_20d,0.0,0.0,0.0,False,mktmind-qtm/data/marketmind_qml_dataset.csv,SPY
split_02_2019-02,42,2019-02-06,XLC,naive_momentum,-0.022757930814,0.0,8,11,-0.0010903695850825,0.0082494280517981,-0.0093397976368807,relative_strength_20d,0.0,0.0,0.0,False,mktmind-qtm/data/marketmind_qml_dataset.csv,SPY
split_02_2019-02,42,2019-02-06,XLE,naive_momentum,-0.006177894649,0.0,5,10,0.0027838449611745,0.0082494280517981,-0.0054655830906236,relative_strength_20d,0.0,0.0,0.0,False,mktmind-qtm/data/marketmind_qml_dataset.csv,SPY
split_02_2019-02,42,2019-02-06,XLF,naive_momentum,0.009791143365,0.0,4,9,0.0053721359749694,0.0082494280517981,-0.0028772920768287,relative_strength_20d,0.0,0.0,0.0,False,mktmind-qtm/data/marketmind_qml_dataset.csv,SPY
split_02_2019-02,42,2019-02-06,XLI,naive_momentum,0.041138464411,1.0,1,1,0.0215084731892198,0.0082494280517981,0.0132590451374217,relative_strength_20d,0.0,0.0,0.0,False,mktmind-qtm/data/marketmind_qml_dataset.csv,SPY
split_02_2019-02,42,2019-02-06,XLK,naive_momentum,0.033217671584,,2,7,0.0059815444699991,0.0082494280517981,-0.002267883581799,relative_strength_20d,0.0,0.0,0.0,False,mktmind-qtm/data/marketmind_qml_dataset.csv,SPY
split_02_2019-02,42,2019-02-06,XLP,naive_momentum,-0.025029749049,1.0,9,3,0.0162373480223039,0.0082494280517981,0.0079879199705057,relative_strength_20d,0.0,0.0,0.0,False,mktmind-qtm/data/marketmind_qml_dataset.csv,SPY
split_02_2019-02,42,2019-02-06,XLRE,naive_momentum,0.024677750074,,3,5,0.0110852706214616,0.0082494280517981,0.0028358425696635,relative_strength_20d,0.0,0.0,0.0,False,mktmind-qtm/data/marketmind_qml_dataset.csv,SPY
split_02_2019-02,42,2019-02-06,XLU,naive_momentum,-0.0309103638,1.0,10,2,0.0166299587460554,0.0082494280517981,0.0083805306942572,relative_strength_20d,0.0,0.0,0.0,False,mktmind-qtm/data/marketmind_qml_dataset.csv,SPY
split_02_2019-02,42,2019-02-06,XLV,naive_momentum,-0.018382591159,,6,8,0.0053982259546954,0.0082494280517981,-0.0028512020971027,relative_strength_20d,0.0,0.0,0.0,False,mktmind-qtm/data/marketmind_qml_dataset.csv,SPY
split_02_2019-02,42,2019-02-06,XLY,naive_momentum,-0.021908243361,,7,4,0.0116184423301117,0.0082494280517981,0.0033690142783135,relative_strength_20d,0.0,0.0,0.0,False,mktmind-qtm/data/marketmind_qml_dataset.csv,SPY
split_02_2019-02,42,2019-02-13,XLB,naive_momentum,-0.007716293302,1.0,7,1,0.0279473856554812,0.008836681840848,0.0191107038146332,relative_strength_20d,0.0,0.0,0.0,False,mktmind-qtm/data/marketmind_qml_dataset.csv,SPY
split_02_2019-02,42,2019-02-13,XLC,naive_momentum,-0.029562365466,0.0,11,11,-0.0037109640382516,0.008836681840848,-0.0125476458790997,relative_strength_20d,0.0,0.0,0.0,False,mktmind-qtm/data/marketmind_qml_dataset.csv,SPY
split_02_2019-02,42,2019-02-13,XLE,naive_momentum,-0.011773153743,,9,5,0.0112585461337919,0.008836681840848,0.0024218642929438,relative_strength_20d,0.0,0.0,0.0,False,mktmind-qtm/data/marketmind_qml_dataset.csv,SPY
split_02_2019-02,42,2019-02-13,XLF,naive_momentum,-0.003600213086,,5,4,0.0114502675390615,0.008836681840848,0.0026135856982134,relative_strength_20d,0.0,0.0,0.0,False,mktmind-qtm/data/marketmind_qml_dataset.csv,SPY
split_02_2019-02,42,2019-02-13,XLI,naive_momentum,0.053007115499,,1,6,0.008928177454117,0.008836681840848,9.149561326893264e-05,relative_strength_20d,0.0,0.0,0.0,False,mktmind-qtm/data/marketmind_qml_dataset.csv,SPY
split_02_2019-02,42,2019-02-13,XLK,naive_momentum,0.022797516919,1.0,2,3,0.0116026296142082,0.008836681840848,0.0027659477733601,relative_strength_20d,0.0,0.0,0.0,False,mktmind-qtm/data/marketmind_qml_dataset.csv,SPY
split_02_2019-02,42,2019-02-13,XLP,naive_momentum,-0.006896755895,0.0,6,10,0.0044076112732998,0.008836681840848,-0.0044290705675482,relative_strength_20d,0.0,0.0,0.0,False,mktmind-qtm/data/marketmind_qml_dataset.csv,SPY
split_02_2019-02,42,2019-02-13,XLRE,naive_momentum,0.019163538844,,3,8,0.006347351687119,0.008836681840848,-0.0024893301537289,relative_strength_20d,0.0,0.0,0.0,False,mktmind-qtm/data/marketmind_qml_dataset.csv,SPY
split_02_2019-02,42,2019-02-13,XLU,naive_momentum,-3.3157243e-05,1.0,4,2,0.0192341244959395,0.008836681840848,0.0103974426550914,relative_strength_20d,0.0,0.0,0.0,False,mktmind-qtm/data/marketmind_qml_dataset.csv,SPY
split_02_2019-02,42,2019-02-13,XLV,naive_momentum,-0.023879159065,0.0,10,9,0.0049309361407339,0.008836681840848,-0.0039057457001141,relative_strength_20d,0.0,0.0,0.0,False,mktmind-qtm/data/marketmind_qml_dataset.csv,SPY
split_02_2019-02,42,2019-02-13,XLY,naive_momentum,-0.010179297052,,8,7,0.0072916875000417,0.008836681840848,-0.0015449943408063,relative_strength_20d,0.0,0.0,0.0,False,mktmind-qtm/data/marketmind_qml_dataset.csv,SPY
split_02_2019-02,42,2019-02-21,XLB,naive_momentum,0.006534809875,0.0,5,11,-0.0088225873503738,0.004541877835684,-0.0133644651860579,relative_strength_20d,0.0,0.0,0.0,False,mktmind-qtm/data/marketmind_qml_dataset.csv,SPY
split_02_2019-02,42,2019-02-21,XLC,naive_momentum,-0.01212836854,1.0,8,3,0.0061346790642227,0.004541877835684,0.0015928012285386,relative_strength_20d,0.0,0.0,0.0,False,mktmind-qtm/data/marketmind_qml_dataset.csv,SPY
split_02_2019-02,42,2019-02-21,XLE,naive_momentum,0.007644704911,0.0,4,9,-0.0048803189593892,0.004541877835684,-0.0094221967950732,relative_strength_20d,0.0,0.0,0.0,False,mktmind-qtm/data/marketmind_qml_dataset.csv,SPY
split_02_2019-02,42,2019-02-21,XLF,naive_momentum,-0.023260751396,,10,5,0.0007549297756741,0.004541877835684,-0.0037869480600098,relative_strength_20d,0.0,0.0,0.0,False,mktmind-qtm/data/marketmind_qml_dataset.csv,SPY
split_02_2019-02,42,2019-02-21,XLI,naive_momentum,0.046609890193,1.0,1,2,0.0083216281564928,0.004541877835684,0.0037797503208087,relative_strength_20d,0.0,0.0,0.0,False,mktmind-qtm/data/marketmind_qml_dataset.csv,SPY
split_02_2019-02,42,2019-02-21,XLK,naive_momentum,0.028711975799,1.0,2,1,0.0159142525635915,0.004541877835684,0.0113723747279075,relative_strength_20d,0.0,0.0,0.0,False,mktmind-qtm/data/marketmind_qml_dataset.csv,SPY
split_02_2019-02,42,2019-02-21,XLP,naive_momentum,-0.01325524706,0.0,9,10,-0.0063997920536577,0.004541877835684,-0.0109416698893417,relative_strength_20d,0.0,0.0,0.0,False,mktmind-qtm/data/marketmind_qml_dataset.csv,SPY
split_02_2019-02,42,2019-02-21,XLRE,naive_momentum,0.01609592286,,3,8,-0.0048737441726782,0.004541877835684,-0.0094156220083623,relative_strength_20d,0.0,0.0,0.0,False,mktmind-qtm/data/marketmind_qml_dataset.csv,SPY
split_02_2019-02,42,2019-02-21,XLU,naive_momentum,0.001108458885,,6,4,0.005467349301486,0.004541877835684,0.000925471465802,relative_strength_20d,0.0,0.0,0.0,False,mktmind-qtm/data/marketmind_qml_dataset.csv,SPY
split_02_2019-02,42,2019-02-21,XLV,naive_momentum,-0.029180493875,,11,6,-0.0006543263362442,0.004541877835684,-0.0051962041719283,relative_strength_20d,0.0,0.0,0.0,False,mktmind-qtm/data/marketmind_qml_dataset.csv,SPY
split_02_2019-02,42,2019-02-21,XLY,naive_momentum,-0.004903807758,,7,7,-0.0027144873880705,0.004541877835684,-0.0072563652237546,relative_strength_20d,0.0,0.0,0.0,False,mktmind-qtm/data/marketmind_qml_dataset.csv,SPY
split_02_2019-02,42,2019-02-28,XLB,naive_momentum,-0.025050212913,,11,5,-0.0074478171441554,-0.0131694072738053,0.0057215901296499,relative_strength_20d,0.0,0.0,0.0,False,mktmind-qtm/data/marketmind_qml_dataset.csv,SPY
split_02_2019-02,42,2019-02-28,XLC,naive_momentum,-0.005382583778,1.0,5,1,0.0060978086078242,-0.0131694072738053,0.0192672158816296,relative_strength_20d,0.0,0.0,0.0,False,mktmind-qtm/data/marketmind_qml_dataset.csv,SPY
split_02_2019-02,42,2019-02-28,XLE,naive_momentum,-0.011816155515,,6,4,-0.0019922264486067,-0.0131694072738053,0.0111771808251985,relative_strength_20d,0.0,0.0,0.0,False,mktmind-qtm/data/marketmind_qml_dataset.csv,SPY
split_02_2019-02,42,2019-02-28,XLF,naive_momentum,-0.020697674085,0.0,10,9,-0.02036219856948,-0.0131694072738053,-0.0071927912956747,relative_strength_20d,0.0,0.0,0.0,False,mktmind-qtm/data/marketmind_qml_dataset.csv,SPY
split_02_2019-02,42,2019-02-28,XLI,naive_momentum,0.026806895699,0.0,1,11,-0.0251509039591877,-0.0131694072738053,-0.0119814966853823,relative_strength_20d,0.0,0.0,0.0,False,mktmind-qtm/data/marketmind_qml_dataset.csv,SPY
split_02_2019-02,42,2019-02-28,XLK,naive_momentum,0.026489810219,,2,8,-0.0146769623833118,-0.0131694072738053,-0.0015075551095065,relative_strength_20d,0.0,0.0,0.0,False,mktmind-qtm/data/marketmind_qml_dataset.csv,SPY
split_02_2019-02,42,2019-02-28,XLP,naive_momentum,-0.004856010666,,4,7,-0.0121455120934628,-0.0131694072738053,0.0010238951803425,relative_strength_20d,0.0,0.0,0.0,False,mktmind-qtm/data/marketmind_qml_dataset.csv,SPY
split_02_2019-02,42,2019-02-28,XLRE,naive_momentum,-0.020600593759,1.0,9,3,0.002304796460758,-0.0131694072738053,0.0154742037345634,relative_strength_20d,0.0,0.0,0.0,False,mktmind-qtm/data/marketmind_qml_dataset.csv,SPY
split_02_2019-02,42,2019-02-28,XLU,naive_momentum,0.021541279932,1.0,3,2,0.0059639629006584,-0.0131694072738053,0.0191333701744638,relative_strength_20d,0.0,0.0,0.0,False,mktmind-qtm/data/marketmind_qml_dataset.csv,SPY
split_02_2019-02,42,2019-02-28,XLV,naive_momentum,-0.018032569596,0.0,7,10,-0.0224767726479284,-0.0131694072738053,-0.0093073653741231,relative_strength_20d,0.0,0.0,0.0,False,mktmind-qtm/data/marketmind_qml_dataset.csv,SPY
split_02_2019-02,42,2019-02-28,XLY,naive_momentum,-0.019126862983,,8,6,-0.0094367146833717,-0.0131694072738053,0.0037326925904336,relative_strength_20d,0.0,0.0,0.0,False,mktmind-qtm/data/marketmind_qml_dataset.csv,SPY
split_02_2019-02,42,2019-02-06,XLB,logistic_regression,0.163488934184,,6,6,0.0100954439758633,0.0082494280517981,0.0018460159240651,"ret_1d,volume_ratio_5d,volume_ratio_20d,relative_strength_20d",0.0016093750018626451,8.741699275560677e-05,5.0,False,mktmind-qtm/data/marketmind_qml_dataset.csv,SPY
split_02_2019-02,42,2019-02-06,XLC,logistic_regression,0.417575679825,0.0,1,11,-0.0010903695850825,0.0082494280517981,-0.0093397976368807,"ret_1d,volume_ratio_5d,volume_ratio_20d,relative_strength_20d",0.0016093750018626451,8.741699275560677e-05,5.0,False,mktmind-qtm/data/marketmind_qml_dataset.csv,SPY
split_02_2019-02,42,2019-02-06,XLE,logistic_regression,0.284569449523,0.0,3,10,0.0027838449611745,0.0082494280517981,-0.0054655830906236,"ret_1d,volume_ratio_5d,volume_ratio_20d,relative_strength_20d",0.0016093750018626451,8.741699275560677e-05,5.0,False,mktmind-qtm/data/marketmind_qml_dataset.csv,SPY
split_02_2019-02,42,2019-02-06,XLF,logistic_regression,-0.126927565589,0.0,10,9,0.0053721359749694,0.0082494280517981,-0.0028772920768287,"ret_1d,volume_ratio_5d,volume_ratio_20d,relative_strength_20d",0.0016093750018626451,8.741699275560677e-05,5.0,False,mktmind-qtm/data/marketmind_qml_dataset.csv,SPY
split_02_2019-02,42,2019-02-06,XLI,logistic_regression,-0.281218586896,1.0,11,1,0.0215084731892198,0.0082494280517981,0.0132590451374217,"ret_1d,volume_ratio_5d,volume_ratio_20d,relative_strength_20d",0.0016093750018626451,8.741699275560677e-05,5.0,False,mktmind-qtm/data/marketmind_qml_dataset.csv,SPY
split_02_2019-02,42,2019-02-06,XLK,logistic_regression,-0.044526115041,,8,7,0.0059815444699991,0.0082494280517981,-0.002267883581799,"ret_1d,volume_ratio_5d,volume_ratio_20d,relative_strength_20d",0.0016093750018626451,8.741699275560677e-05,5.0,False,mktmind-qtm/data/marketmind_qml_dataset.csv,SPY
split_02_2019-02,42,2019-02-06,XLP,logistic_regression,-0.114980101638,1.0,9,3,0.0162373480223039,0.0082494280517981,0.0079879199705057,"ret_1d,volume_ratio_5d,volume_ratio_20d,relative_strength_20d",0.0016093750018626451,8.741699275560677e-05,5.0,False,mktmind-qtm/data/marketmind_qml_dataset.csv,SPY
split_02_2019-02,42,2019-02-06,XLRE,logistic_regression,0.359224297054,,2,5,0.0110852706214616,0.0082494280517981,0.0028358425696635,"ret_1d,volume_ratio_5d,volume_ratio_20d,relative_strength_20d",0.0016093750018626451,8.741699275560677e-05,5.0,False,mktmind-qtm/data/marketmind_qml_dataset.csv,SPY
split_02_2019-02,42,2019-02-06,XLU,logistic_regression,0.187824701968,1.0,5,2,0.0166299587460554,0.0082494280517981,0.0083805306942572,"ret_1d,volume_ratio_5d,volume_ratio_20d,relative_strength_20d",0.0016093750018626451,8.741699275560677e-05,5.0,False,mktmind-qtm/data/marketmind_qml_dataset.csv,SPY
split_02_2019-02,42,2019-02-06,XLV,logistic_regression,0.086552020939,,7,8,0.0053982259546954,0.0082494280517981,-0.0028512020971027,"ret_1d,volume_ratio_5d,volume_ratio_20d,relative_strength_20d",0.0016093750018626451,8.741699275560677e-05,5.0,False,mktmind-qtm/data/marketmind_qml_dataset.csv,SPY
split_02_2019-02,42,2019-02-06,XLY,logistic_regression,0.22278289101,,4,4,0.0116184423301117,0.0082494280517981,0.0033690142783135,"ret_1d,volume_ratio_5d,volume_ratio_20d,relative_strength_20d",0.0016093750018626451,8.741699275560677e-05,5.0,False,mktmind-qtm/data/marketmind_qml_dataset.csv,SPY
split_02_2019-02,42,2019-02-13,XLB,logistic_regression,-0.130661838196,1.0,8,1,0.0279473856554812,0.008836681840848,0.0191107038146332,"ret_1d,volume_ratio_5d,volume_ratio_20d,relative_strength_20d",0.0016093750018626451,8.741699275560677e-05,5.0,False,mktmind-qtm/data/marketmind_qml_dataset.csv,SPY
split_02_2019-02,42,2019-02-13,XLC,logistic_regression,-0.384413511515,0.0,11,11,-0.0037109640382516,0.008836681840848,-0.0125476458790997,"ret_1d,volume_ratio_5d,volume_ratio_20d,relative_strength_20d",0.0016093750018626451,8.741699275560677e-05,5.0,False,mktmind-qtm/data/marketmind_qml_dataset.csv,SPY
split_02_2019-02,42,2019-02-13,XLE,logistic_regression,-0.282250817461,,10,5,0.0112585461337919,0.008836681840848,0.0024218642929438,"ret_1d,volume_ratio_5d,volume_ratio_20d,relative_strength_20d",0.0016093750018626451,8.741699275560677e-05,5.0,False,mktmind-qtm/data/marketmind_qml_dataset.csv,SPY
split_02_2019-02,42,2019-02-13,XLF,logistic_regression,0.044565266778,,2,4,0.0114502675390615,0.008836681840848,0.0026135856982134,"ret_1d,volume_ratio_5d,volume_ratio_20d,relative_strength_20d",0.0016093750018626451,8.741699275560677e-05,5.0,False,mktmind-qtm/data/marketmind_qml_dataset.csv,SPY
split_02_2019-02,42,2019-02-13,XLI,logistic_regression,-0.075484551955,,6,6,0.008928177454117,0.008836681840848,9.149561326893264e-05,"ret_1d,volume_ratio_5d,volume_ratio_20d,relative_strength_20d",0.0016093750018626451,8.741699275560677e-05,5.0,False,mktmind-qtm/data/marketmind_qml_dataset.csv,SPY
split_02_2019-02,42,2019-02-13,XLK,logistic_regression,-0.066854379666,1.0,5,3,0.0116026296142082,0.008836681840848,0.0027659477733601,"ret_1d,volume_ratio_5d,volume_ratio_20d,relative_strength_20d",0.0016093750018626451,8.741699275560677e-05,5.0,False,mktmind-qtm/data/marketmind_qml_dataset.csv,SPY
split_02_2019-02,42,2019-02-13,XLP,logistic_regression,-0.117417879136,0.0,7,10,0.0044076112732998,0.008836681840848,-0.0044290705675482,"ret_1d,volume_ratio_5d,volume_ratio_20d,relative_strength_20d",0.0016093750018626451,8.741699275560677e-05,5.0,False,mktmind-qtm/data/marketmind_qml_dataset.csv,SPY
split_02_2019-02,42,2019-02-13,XLRE,logistic_regression,-0.051365201156,,4,8,0.006347351687119,0.008836681840848,-0.0024893301537289,"ret_1d,volume_ratio_5d,volume_ratio_20d,relative_strength_20d",0.0016093750018626451,8.741699275560677e-05,5.0,False,mktmind-qtm/data/marketmind_qml_dataset.csv,SPY
split_02_2019-02,42,2019-02-13,XLU,logistic_regression,0.049869242717,1.0,1,2,0.0192341244959395,0.008836681840848,0.0103974426550914,"ret_1d,volume_ratio_5d,volume_ratio_20d,relative_strength_20d",0.0016093750018626451,8.741699275560677e-05,5.0,False,mktmind-qtm/data/marketmind_qml_dataset.csv,SPY
split_02_2019-02,42,2019-02-13,XLV,logistic_regression,-0.03078818543,0.0,3,9,0.0049309361407339,0.008836681840848,-0.0039057457001141,"ret_1d,volume_ratio_5d,volume_ratio_20d,relative_strength_20d",0.0016093750018626451,8.741699275560677e-05,5.0,False,mktmind-qtm/data/marketmind_qml_dataset.csv,SPY
split_02_2019-02,42,2019-02-13,XLY,logistic_regression,-0.190030131435,,9,7,0.0072916875000417,0.008836681840848,-0.0015449943408063,"ret_1d,volume_ratio_5d,volume_ratio_20d,relative_strength_20d",0.0016093750018626451,8.741699275560677e-05,5.0,False,mktmind-qtm/data/marketmind_qml_dataset.csv,SPY
split_02_2019-02,42,2019-02-21,XLB,logistic_regression,0.181097464507,0.0,3,11,-0.0088225873503738,0.004541877835684,-0.0133644651860579,"ret_1d,volume_ratio_5d,volume_ratio_20d,relative_strength_20d",0.0016093750018626451,8.741699275560677e-05,5.0,False,mktmind-qtm/data/marketmind_qml_dataset.csv,SPY
split_02_2019-02,42,2019-02-21,XLC,logistic_regression,0.208019324641,1.0,1,3,0.0061346790642227,0.004541877835684,0.0015928012285386,"ret_1d,volume_ratio_5d,volume_ratio_20d,relative_strength_20d",0.0016093750018626451,8.741699275560677e-05,5.0,False,mktmind-qtm/data/marketmind_qml_dataset.csv,SPY
split_02_2019-02,42,2019-02-21,XLE,logistic_regression,0.125888642682,0.0,4,9,-0.0048803189593892,0.004541877835684,-0.0094221967950732,"ret_1d,volume_ratio_5d,volume_ratio_20d,relative_strength_20d",0.0016093750018626451,8.741699275560677e-05,5.0,False,mktmind-qtm/data/marketmind_qml_dataset.csv,SPY
split_02_2019-02,42,2019-02-21,XLF,logistic_regression,-0.088698251966,,8,5,0.0007549297756741,0.004541877835684,-0.0037869480600098,"ret_1d,volume_ratio_5d,volume_ratio_20d,relative_strength_20d",0.0016093750018626451,8.741699275560677e-05,5.0,False,mktmind-qtm/data/marketmind_qml_dataset.csv,SPY
split_02_2019-02,42,2019-02-21,XLI,logistic_regression,0.074933851248,1.0,5,2,0.0083216281564928,0.004541877835684,0.0037797503208087,"ret_1d,volume_ratio_5d,volume_ratio_20d,relative_strength_20d",0.0016093750018626451,8.741699275560677e-05,5.0,False,mktmind-qtm/data/marketmind_qml_dataset.csv,SPY
split_02_2019-02,42,2019-02-21,XLK,logistic_regression,-0.154712374261,1.0,9,1,0.0159142525635915,0.004541877835684,0.0113723747279075,"ret_1d,volume_ratio_5d,volume_ratio_20d,relative_strength_20d",0.0016093750018626451,8.741699275560677e-05,5.0,False,mktmind-qtm/data/marketmind_qml_dataset.csv,SPY
split_02_2019-02,42,2019-02-21,XLP,logistic_regression,0.039179984754,0.0,7,10,-0.0063997920536577,0.004541877835684,-0.0109416698893417,"ret_1d,volume_ratio_5d,volume_ratio_20d,relative_strength_20d",0.0016093750018626451,8.741699275560677e-05,5.0,False,mktmind-qtm/data/marketmind_qml_dataset.csv,SPY
split_02_2019-02,42,2019-02-21,XLRE,logistic_regression,-0.284674363767,,11,8,-0.0048737441726782,0.004541877835684,-0.0094156220083623,"ret_1d,volume_ratio_5d,volume_ratio_20d,relative_strength_20d",0.0016093750018626451,8.741699275560677e-05,5.0,False,mktmind-qtm/data/marketmind_qml_dataset.csv,SPY
split_02_2019-02,42,2019-02-21,XLU,logistic_regression,-0.282517145791,,10,4,0.005467349301486,0.004541877835684,0.000925471465802,"ret_1d,volume_ratio_5d,volume_ratio_20d,relative_strength_20d",0.0016093750018626451,8.741699275560677e-05,5.0,False,mktmind-qtm/data/marketmind_qml_dataset.csv,SPY
split_02_2019-02,42,2019-02-21,XLV,logistic_regression,0.041758123616,,6,6,-0.0006543263362442,0.004541877835684,-0.0051962041719283,"ret_1d,volume_ratio_5d,volume_ratio_20d,relative_strength_20d",0.0016093750018626451,8.741699275560677e-05,5.0,False,mktmind-qtm/data/marketmind_qml_dataset.csv,SPY
split_02_2019-02,42,2019-02-21,XLY,logistic_regression,0.197265977458,,2,7,-0.0027144873880705,0.004541877835684,-0.0072563652237546,"ret_1d,volume_ratio_5d,volume_ratio_20d,relative_strength_20d",0.0016093750018626451,8.741699275560677e-05,5.0,False,mktmind-qtm/data/marketmind_qml_dataset.csv,SPY
split_02_2019-02,42,2019-02-28,XLB,logistic_regression,-0.050643537408,,8,5,-0.0074478171441554,-0.0131694072738053,0.0057215901296499,"ret_1d,volume_ratio_5d,volume_ratio_20d,relative_strength_20d",0.0016093750018626451,8.741699275560677e-05,5.0,False,mktmind-qtm/data/marketmind_qml_dataset.csv,SPY
split_02_2019-02,42,2019-02-28,XLC,logistic_regression,0.158909157309,1.0,4,1,0.0060978086078242,-0.0131694072738053,0.0192672158816296,"ret_1d,volume_ratio_5d,volume_ratio_20d,relative_strength_20d",0.0016093750018626451,8.741699275560677e-05,5.0,False,mktmind-qtm/data/marketmind_qml_dataset.csv,SPY
split_02_2019-02,42,2019-02-28,XLE,logistic_regression,0.198883907691,,3,4,-0.0019922264486067,-0.0131694072738053,0.0111771808251985,"ret_1d,volume_ratio_5d,volume_ratio_20d,relative_strength_20d",0.0016093750018626451,8.741699275560677e-05,5.0,False,mktmind-qtm/data/marketmind_qml_dataset.csv,SPY
split_02_2019-02,42,2019-02-28,XLF,logistic_regression,-0.086773987655,0.0,9,9,-0.02036219856948,-0.0131694072738053,-0.0071927912956747,"ret_1d,volume_ratio_5d,volume_ratio_20d,relative_strength_20d",0.0016093750018626451,8.741699275560677e-05,5.0,False,mktmind-qtm/data/marketmind_qml_dataset.csv,SPY
split_02_2019-02,42,2019-02-28,XLI,logistic_regression,0.05295549659,0.0,6,11,-0.0251509039591877,-0.0131694072738053,-0.0119814966853823,"ret_1d,volume_ratio_5d,volume_ratio_20d,relative_strength_20d",0.0016093750018626451,8.741699275560677e-05,5.0,False,mktmind-qtm/data/marketmind_qml_dataset.csv,SPY
split_02_2019-02,42,2019-02-28,XLK,logistic_regression,0.210260626868,,2,8,-0.0146769623833118,-0.0131694072738053,-0.0015075551095065,"ret_1d,volume_ratio_5d,volume_ratio_20d,relative_strength_20d",0.0016093750018626451,8.741699275560677e-05,5.0,False,mktmind-qtm/data/marketmind_qml_dataset.csv,SPY
split_02_2019-02,42,2019-02-28,XLP,logistic_regression,0.130212834414,,5,7,-0.0121455120934628,-0.0131694072738053,0.0010238951803425,"ret_1d,volume_ratio_5d,volume_ratio_20d,relative_strength_20d",0.0016093750018626451,8.741699275560677e-05,5.0,False,mktmind-qtm/data/marketmind_qml_dataset.csv,SPY
split_02_2019-02,42,2019-02-28,XLRE,logistic_regression,-0.332384059767,1.0,11,3,0.002304796460758,-0.0131694072738053,0.0154742037345634,"ret_1d,volume_ratio_5d,volume_ratio_20d,relative_strength_20d",0.0016093750018626451,8.741699275560677e-05,5.0,False,mktmind-qtm/data/marketmind_qml_dataset.csv,SPY
split_02_2019-02,42,2019-02-28,XLU,logistic_regression,-0.156407745868,1.0,10,2,0.0059639629006584,-0.0131694072738053,0.0191333701744638,"ret_1d,volume_ratio_5d,volume_ratio_20d,relative_strength_20d",0.0016093750018626451,8.741699275560677e-05,5.0,False,mktmind-qtm/data/marketmind_qml_dataset.csv,SPY
split_02_2019-02,42,2019-02-28,XLV,logistic_regression,-0.021400456088,0.0,7,10,-0.0224767726479284,-0.0131694072738053,-0.0093073653741231,"ret_1d,volume_ratio_5d,volume_ratio_20d,relative_strength_20d",0.0016093750018626451,8.741699275560677e-05,5.0,False,mktmind-qtm/data/marketmind_qml_dataset.csv,SPY
split_02_2019-02,42,2019-02-28,XLY,logistic_regression,0.250567220434,,1,6,-0.0094367146833717,-0.0131694072738053,0.0037326925904336,"ret_1d,volume_ratio_5d,volume_ratio_20d,relative_strength_20d",0.0016093750018626451,8.741699275560677e-05,5.0,False,mktmind-qtm/data/marketmind_qml_dataset.csv,SPY
split_02_2019-02,42,2019-02-06,XLB,ridge_linear,0.079395126225,,6,6,0.0100954439758633,0.0082494280517981,0.0018460159240651,"ret_1d,volume_ratio_5d,volume_ratio_20d,relative_strength_20d",0.001253750000614673,8.237498695962131e-05,5.0,False,mktmind-qtm/data/marketmind_qml_dataset.csv,SPY
split_02_2019-02,42,2019-02-06,XLC,ridge_linear,0.204514630314,0.0,1,11,-0.0010903695850825,0.0082494280517981,-0.0093397976368807,"ret_1d,volume_ratio_5d,volume_ratio_20d,relative_strength_20d",0.001253750000614673,8.237498695962131e-05,5.0,False,mktmind-qtm/data/marketmind_qml_dataset.csv,SPY
split_02_2019-02,42,2019-02-06,XLE,ridge_linear,0.141162679468,0.0,3,10,0.0027838449611745,0.0082494280517981,-0.0054655830906236,"ret_1d,volume_ratio_5d,volume_ratio_20d,relative_strength_20d",0.001253750000614673,8.237498695962131e-05,5.0,False,mktmind-qtm/data/marketmind_qml_dataset.csv,SPY
split_02_2019-02,42,2019-02-06,XLF,ridge_linear,-0.065162207013,0.0,10,9,0.0053721359749694,0.0082494280517981,-0.0028772920768287,"ret_1d,volume_ratio_5d,volume_ratio_20d,relative_strength_20d",0.001253750000614673,8.237498695962131e-05,5.0,False,mktmind-qtm/data/marketmind_qml_dataset.csv,SPY
split_02_2019-02,42,2019-02-06,XLI,ridge_linear,-0.142003795832,1.0,11,1,0.0215084731892198,0.0082494280517981,0.0132590451374217,"ret_1d,volume_ratio_5d,volume_ratio_20d,relative_strength_20d",0.001253750000614673,8.237498695962131e-05,5.0,False,mktmind-qtm/data/marketmind_qml_dataset.csv,SPY
split_02_2019-02,42,2019-02-06,XLK,ridge_linear,-0.020954359142,,8,7,0.0059815444699991,0.0082494280517981,-0.002267883581799,"ret_1d,volume_ratio_5d,volume_ratio_20d,relative_strength_20d",0.001253750000614673,8.237498695962131e-05,5.0,False,mktmind-qtm/data/marketmind_qml_dataset.csv,SPY
split_02_2019-02,42,2019-02-06,XLP,ridge_linear,-0.058876460124,1.0,9,3,0.0162373480223039,0.0082494280517981,0.0079879199705057,"ret_1d,volume_ratio_5d,volume_ratio_20d,relative_strength_20d",0.001253750000614673,8.237498695962131e-05,5.0,False,mktmind-qtm/data/marketmind_qml_dataset.csv,SPY
split_02_2019-02,42,2019-02-06,XLRE,ridge_linear,0.180565486725,,2,5,0.0110852706214616,0.0082494280517981,0.0028358425696635,"ret_1d,volume_ratio_5d,volume_ratio_20d,relative_strength_20d",0.001253750000614673,8.237498695962131e-05,5.0,False,mktmind-qtm/data/marketmind_qml_dataset.csv,SPY
split_02_2019-02,42,2019-02-06,XLU,ridge_linear,0.093440420076,1.0,5,2,0.0166299587460554,0.0082494280517981,0.0083805306942572,"ret_1d,volume_ratio_5d,volume_ratio_20d,relative_strength_20d",0.001253750000614673,8.237498695962131e-05,5.0,False,mktmind-qtm/data/marketmind_qml_dataset.csv,SPY
split_02_2019-02,42,2019-02-06,XLV,ridge_linear,0.044267594085,,7,8,0.0053982259546954,0.0082494280517981,-0.0028512020971027,"ret_1d,volume_ratio_5d,volume_ratio_20d,relative_strength_20d",0.001253750000614673,8.237498695962131e-05,5.0,False,mktmind-qtm/data/marketmind_qml_dataset.csv,SPY
split_02_2019-02,42,2019-02-06,XLY,ridge_linear,0.110590312329,,4,4,0.0116184423301117,0.0082494280517981,0.0033690142783135,"ret_1d,volume_ratio_5d,volume_ratio_20d,relative_strength_20d",0.001253750000614673,8.237498695962131e-05,5.0,False,mktmind-qtm/data/marketmind_qml_dataset.csv,SPY
split_02_2019-02,42,2019-02-13,XLB,ridge_linear,-0.066541235883,1.0,8,1,0.0279473856554812,0.008836681840848,0.0191107038146332,"ret_1d,volume_ratio_5d,volume_ratio_20d,relative_strength_20d",0.001253750000614673,8.237498695962131e-05,5.0,False,mktmind-qtm/data/marketmind_qml_dataset.csv,SPY
split_02_2019-02,42,2019-02-13,XLC,ridge_linear,-0.197520942214,0.0,11,11,-0.0037109640382516,0.008836681840848,-0.0125476458790997,"ret_1d,volume_ratio_5d,volume_ratio_20d,relative_strength_20d",0.001253750000614673,8.237498695962131e-05,5.0,False,mktmind-qtm/data/marketmind_qml_dataset.csv,SPY
split_02_2019-02,42,2019-02-13,XLE,ridge_linear,-0.140193623142,,10,5,0.0112585461337919,0.008836681840848,0.0024218642929438,"ret_1d,volume_ratio_5d,volume_ratio_20d,relative_strength_20d",0.001253750000614673,8.237498695962131e-05,5.0,False,mktmind-qtm/data/marketmind_qml_dataset.csv,SPY
split_02_2019-02,42,2019-02-13,XLF,ridge_linear,0.023035974018,,2,4,0.0114502675390615,0.008836681840848,0.0026135856982134,"ret_1d,volume_ratio_5d,volume_ratio_20d,relative_strength_20d",0.001253750000614673,8.237498695962131e-05,5.0,False,mktmind-qtm/data/marketmind_qml_dataset.csv,SPY
split_02_2019-02,42,2019-02-13,XLI,ridge_linear,-0.036005476094,,6,6,0.008928177454117,0.008836681840848,9.149561326893264e-05,"ret_1d,volume_ratio_5d,volume_ratio_20d,relative_strength_20d",0.001253750000614673,8.237498695962131e-05,5.0,False,mktmind-qtm/data/marketmind_qml_dataset.csv,SPY
split_02_2019-02,42,2019-02-13,XLK,ridge_linear,-0.033629433308,1.0,5,3,0.0116026296142082,0.008836681840848,0.0027659477733601,"ret_1d,volume_ratio_5d,volume_ratio_20d,relative_strength_20d",0.001253750000614673,8.237498695962131e-05,5.0,False,mktmind-qtm/data/marketmind_qml_dataset.csv,SPY
split_02_2019-02,42,2019-02-13,XLP,ridge_linear,-0.060269432825,0.0,7,10,0.0044076112732998,0.008836681840848,-0.0044290705675482,"ret_1d,volume_ratio_5d,volume_ratio_20d,relative_strength_20d",0.001253750000614673,8.237498695962131e-05,5.0,False,mktmind-qtm/data/marketmind_qml_dataset.csv,SPY
split_02_2019-02,42,2019-02-13,XLRE,ridge_linear,-0.024163788016,,4,8,0.006347351687119,0.008836681840848,-0.0024893301537289,"ret_1d,volume_ratio_5d,volume_ratio_20d,relative_strength_20d",0.001253750000614673,8.237498695962131e-05,5.0,False,mktmind-qtm/data/marketmind_qml_dataset.csv,SPY
split_02_2019-02,42,2019-02-13,XLU,ridge_linear,0.023894298534,1.0,1,2,0.0192341244959395,0.008836681840848,0.0103974426550914,"ret_1d,volume_ratio_5d,volume_ratio_20d,relative_strength_20d",0.001253750000614673,8.237498695962131e-05,5.0,False,mktmind-qtm/data/marketmind_qml_dataset.csv,SPY
split_02_2019-02,42,2019-02-13,XLV,ridge_linear,-0.016566733944,0.0,3,9,0.0049309361407339,0.008836681840848,-0.0039057457001141,"ret_1d,volume_ratio_5d,volume_ratio_20d,relative_strength_20d",0.001253750000614673,8.237498695962131e-05,5.0,False,mktmind-qtm/data/marketmind_qml_dataset.csv,SPY
split_02_2019-02,42,2019-02-13,XLY,ridge_linear,-0.09577501483,,9,7,0.0072916875000417,0.008836681840848,-0.0015449943408063,"ret_1d,volume_ratio_5d,volume_ratio_20d,relative_strength_20d",0.001253750000614673,8.237498695962131e-05,5.0,False,mktmind-qtm/data/marketmind_qml_dataset.csv,SPY
split_02_2019-02,42,2019-02-21,XLB,ridge_linear,0.091838429394,0.0,3,11,-0.0088225873503738,0.004541877835684,-0.0133644651860579,"ret_1d,volume_ratio_5d,volume_ratio_20d,relative_strength_20d",0.001253750000614673,8.237498695962131e-05,5.0,False,mktmind-qtm/data/marketmind_qml_dataset.csv,SPY
split_02_2019-02,42,2019-02-21,XLC,ridge_linear,0.102110549521,1.0,1,3,0.0061346790642227,0.004541877835684,0.0015928012285386,"ret_1d,volume_ratio_5d,volume_ratio_20d,relative_strength_20d",0.001253750000614673,8.237498695962131e-05,5.0,False,mktmind-qtm/data/marketmind_qml_dataset.csv,SPY
split_02_2019-02,42,2019-02-21,XLE,ridge_linear,0.058973373253,0.0,4,9,-0.0048803189593892,0.004541877835684,-0.0094221967950732,"ret_1d,volume_ratio_5d,volume_ratio_20d,relative_strength_20d",0.001253750000614673,8.237498695962131e-05,5.0,False,mktmind-qtm/data/marketmind_qml_dataset.csv,SPY
split_02_2019-02,42,2019-02-21,XLF,ridge_linear,-0.048058283134,,8,5,0.0007549297756741,0.004541877835684,-0.0037869480600098,"ret_1d,volume_ratio_5d,volume_ratio_20d,relative_strength_20d",0.001253750000614673,8.237498695962131e-05,5.0,False,mktmind-qtm/data/marketmind_qml_dataset.csv,SPY
split_02_2019-02,42,2019-02-21,XLI,ridge_linear,0.037048404583,1.0,5,2,0.0083216281564928,0.004541877835684,0.0037797503208087,"ret_1d,volume_ratio_5d,volume_ratio_20d,relative_strength_20d",0.001253750000614673,8.237498695962131e-05,5.0,False,mktmind-qtm/data/marketmind_qml_dataset.csv,SPY
split_02_2019-02,42,2019-02-21,XLK,ridge_linear,-0.07838754551,1.0,9,1,0.0159142525635915,0.004541877835684,0.0113723747279075,"ret_1d,volume_ratio_5d,volume_ratio_20d,relative_strength_20d",0.001253750000614673,8.237498695962131e-05,5.0,False,mktmind-qtm/data/marketmind_qml_dataset.csv,SPY
split_02_2019-02,42,2019-02-21,XLP,ridge_linear,0.020244744557,0.0,6,10,-0.0063997920536577,0.004541877835684,-0.0109416698893417,"ret_1d,volume_ratio_5d,volume_ratio_20d,relative_strength_20d",0.001253750000614673,8.237498695962131e-05,5.0,False,mktmind-qtm/data/marketmind_qml_dataset.csv,SPY
split_02_2019-02,42,2019-02-21,XLRE,ridge_linear,-0.144666376888,,11,8,-0.0048737441726782,0.004541877835684,-0.0094156220083623,"ret_1d,volume_ratio_5d,volume_ratio_20d,relative_strength_20d",0.001253750000614673,8.237498695962131e-05,5.0,False,mktmind-qtm/data/marketmind_qml_dataset.csv,SPY
split_02_2019-02,42,2019-02-21,XLU,ridge_linear,-0.141269960562,,10,4,0.005467349301486,0.004541877835684,0.000925471465802,"ret_1d,volume_ratio_5d,volume_ratio_20d,relative_strength_20d",0.001253750000614673,8.237498695962131e-05,5.0,False,mktmind-qtm/data/marketmind_qml_dataset.csv,SPY
split_02_2019-02,42,2019-02-21,XLV,ridge_linear,0.017158143052,,7,6,-0.0006543263362442,0.004541877835684,-0.0051962041719283,"ret_1d,volume_ratio_5d,volume_ratio_20d,relative_strength_20d",0.001253750000614673,8.237498695962131e-05,5.0,False,mktmind-qtm/data/marketmind_qml_dataset.csv,SPY
split_02_2019-02,42,2019-02-21,XLY,ridge_linear,0.099057933102,,2,7,-0.0027144873880705,0.004541877835684,-0.0072563652237546,"ret_1d,volume_ratio_5d,volume_ratio_20d,relative_strength_20d",0.001253750000614673,8.237498695962131e-05,5.0,False,mktmind-qtm/data/marketmind_qml_dataset.csv,SPY
split_02_2019-02,42,2019-02-28,XLB,ridge_linear,-0.030451845527,,8,5,-0.0074478171441554,-0.0131694072738053,0.0057215901296499,"ret_1d,volume_ratio_5d,volume_ratio_20d,relative_strength_20d",0.001253750000614673,8.237498695962131e-05,5.0,False,mktmind-qtm/data/marketmind_qml_dataset.csv,SPY
split_02_2019-02,42,2019-02-28,XLC,ridge_linear,0.080491516898,1.0,4,1,0.0060978086078242,-0.0131694072738053,0.0192672158816296,"ret_1d,volume_ratio_5d,volume_ratio_20d,relative_strength_20d",0.001253750000614673,8.237498695962131e-05,5.0,False,mktmind-qtm/data/marketmind_qml_dataset.csv,SPY
split_02_2019-02,42,2019-02-28,XLE,ridge_linear,0.097546812475,,3,4,-0.0019922264486067,-0.0131694072738053,0.0111771808251985,"ret_1d,volume_ratio_5d,volume_ratio_20d,relative_strength_20d",0.001253750000614673,8.237498695962131e-05,5.0,False,mktmind-qtm/data/marketmind_qml_dataset.csv,SPY
split_02_2019-02,42,2019-02-28,XLF,ridge_linear,-0.04625668233,0.0,9,9,-0.02036219856948,-0.0131694072738053,-0.0071927912956747,"ret_1d,volume_ratio_5d,volume_ratio_20d,relative_strength_20d",0.001253750000614673,8.237498695962131e-05,5.0,False,mktmind-qtm/data/marketmind_qml_dataset.csv,SPY
split_02_2019-02,42,2019-02-28,XLI,ridge_linear,0.026056396467,0.0,6,11,-0.0251509039591877,-0.0131694072738053,-0.0119814966853823,"ret_1d,volume_ratio_5d,volume_ratio_20d,relative_strength_20d",0.001253750000614673,8.237498695962131e-05,5.0,False,mktmind-qtm/data/marketmind_qml_dataset.csv,SPY
split_02_2019-02,42,2019-02-28,XLK,ridge_linear,0.106786378209,,2,8,-0.0146769623833118,-0.0131694072738053,-0.0015075551095065,"ret_1d,volume_ratio_5d,volume_ratio_20d,relative_strength_20d",0.001253750000614673,8.237498695962131e-05,5.0,False,mktmind-qtm/data/marketmind_qml_dataset.csv,SPY
split_02_2019-02,42,2019-02-28,XLP,ridge_linear,0.067013725574,,5,7,-0.0121455120934628,-0.0131694072738053,0.0010238951803425,"ret_1d,volume_ratio_5d,volume_ratio_20d,relative_strength_20d",0.001253750000614673,8.237498695962131e-05,5.0,False,mktmind-qtm/data/marketmind_qml_dataset.csv,SPY
split_02_2019-02,42,2019-02-28,XLRE,ridge_linear,-0.169376240855,1.0,11,3,0.002304796460758,-0.0131694072738053,0.0154742037345634,"ret_1d,volume_ratio_5d,volume_ratio_20d,relative_strength_20d",0.001253750000614673,8.237498695962131e-05,5.0,False,mktmind-qtm/data/marketmind_qml_dataset.csv,SPY
split_02_2019-02,42,2019-02-28,XLU,ridge_linear,-0.077661017623,1.0,10,2,0.0059639629006584,-0.0131694072738053,0.0191333701744638,"ret_1d,volume_ratio_5d,volume_ratio_20d,relative_strength_20d",0.001253750000614673,8.237498695962131e-05,5.0,False,mktmind-qtm/data/marketmind_qml_dataset.csv,SPY
split_02_2019-02,42,2019-02-28,XLV,ridge_linear,-0.012198791018,0.0,7,10,-0.0224767726479284,-0.0131694072738053,-0.0093073653741231,"ret_1d,volume_ratio_5d,volume_ratio_20d,relative_strength_20d",0.001253750000614673,8.237498695962131e-05,5.0,False,mktmind-qtm/data/marketmind_qml_dataset.csv,SPY
split_02_2019-02,42,2019-02-28,XLY,ridge_linear,0.125234056576,,1,6,-0.0094367146833717,-0.0131694072738053,0.0037326925904336,"ret_1d,volume_ratio_5d,volume_ratio_20d,relative_strength_20d",0.001253750000614673,8.237498695962131e-05,5.0,False,mktmind-qtm/data/marketmind_qml_dataset.csv,SPY
split_02_2019-02,42,2019-02-06,XLB,random_forest,0.43784329077,,9,6,0.0100954439758633,0.0082494280517981,0.0018460159240651,"ret_1d,volume_ratio_5d,volume_ratio_20d,relative_strength_20d",0.10586562499520369,0.0028990829887334257,,False,mktmind-qtm/data/marketmind_qml_dataset.csv,SPY
split_02_2019-02,42,2019-02-06,XLC,random_forest,0.608912209543,0.0,1,11,-0.0010903695850825,0.0082494280517981,-0.0093397976368807,"ret_1d,volume_ratio_5d,volume_ratio_20d,relative_strength_20d",0.10586562499520369,0.0028990829887334257,,False,mktmind-qtm/data/marketmind_qml_dataset.csv,SPY
split_02_2019-02,42,2019-02-06,XLE,random_forest,0.413191410608,0.0,11,10,0.0027838449611745,0.0082494280517981,-0.0054655830906236,"ret_1d,volume_ratio_5d,volume_ratio_20d,relative_strength_20d",0.10586562499520369,0.0028990829887334257,,False,mktmind-qtm/data/marketmind_qml_dataset.csv,SPY
split_02_2019-02,42,2019-02-06,XLF,random_forest,0.590799639707,0.0,3,9,0.0053721359749694,0.0082494280517981,-0.0028772920768287,"ret_1d,volume_ratio_5d,volume_ratio_20d,relative_strength_20d",0.10586562499520369,0.0028990829887334257,,False,mktmind-qtm/data/marketmind_qml_dataset.csv,SPY
split_02_2019-02,42,2019-02-06,XLI,random_forest,0.559282789822,1.0,5,1,0.0215084731892198,0.0082494280517981,0.0132590451374217,"ret_1d,volume_ratio_5d,volume_ratio_20d,relative_strength_20d",0.10586562499520369,0.0028990829887334257,,False,mktmind-qtm/data/marketmind_qml_dataset.csv,SPY
split_02_2019-02,42,2019-02-06,XLK,random_forest,0.575940550247,,4,7,0.0059815444699991,0.0082494280517981,-0.002267883581799,"ret_1d,volume_ratio_5d,volume_ratio_20d,relative_strength_20d",0.10586562499520369,0.0028990829887334257,,False,mktmind-qtm/data/marketmind_qml_dataset.csv,SPY
split_02_2019-02,42,2019-02-06,XLP,random_forest,0.592648380319,1.0,2,3,0.0162373480223039,0.0082494280517981,0.0079879199705057,"ret_1d,volume_ratio_5d,volume_ratio_20d,relative_strength_20d",0.10586562499520369,0.0028990829887334257,,False,mktmind-qtm/data/marketmind_qml_dataset.csv,SPY
split_02_2019-02,42,2019-02-06,XLRE,random_forest,0.429510666903,,10,5,0.0110852706214616,0.0082494280517981,0.0028358425696635,"ret_1d,volume_ratio_5d,volume_ratio_20d,relative_strength_20d",0.10586562499520369,0.0028990829887334257,,False,mktmind-qtm/data/marketmind_qml_dataset.csv,SPY
split_02_2019-02,42,2019-02-06,XLU,random_forest,0.472189530986,1.0,8,2,0.0166299587460554,0.0082494280517981,0.0083805306942572,"ret_1d,volume_ratio_5d,volume_ratio_20d,relative_strength_20d",0.10586562499520369,0.0028990829887334257,,False,mktmind-qtm/data/marketmind_qml_dataset.csv,SPY
split_02_2019-02,42,2019-02-06,XLV,random_forest,0.547916349276,,6,8,0.0053982259546954,0.0082494280517981,-0.0028512020971027,"ret_1d,volume_ratio_5d,volume_ratio_20d,relative_strength_20d",0.10586562499520369,0.0028990829887334257,,False,mktmind-qtm/data/marketmind_qml_dataset.csv,SPY
split_02_2019-02,42,2019-02-06,XLY,random_forest,0.502626449653,,7,4,0.0116184423301117,0.0082494280517981,0.0033690142783135,"ret_1d,volume_ratio_5d,volume_ratio_20d,relative_strength_20d",0.10586562499520369,0.0028990829887334257,,False,mktmind-qtm/data/marketmind_qml_dataset.csv,SPY
split_02_2019-02,42,2019-02-13,XLB,random_forest,0.612015819011,1.0,2,1,0.0279473856554812,0.008836681840848,0.0191107038146332,"ret_1d,volume_ratio_5d,volume_ratio_20d,relative_strength_20d",0.10586562499520369,0.0028990829887334257,,False,mktmind-qtm/data/marketmind_qml_dataset.csv,SPY
split_02_2019-02,42,2019-02-13,XLC,random_forest,0.583526713703,0.0,3,11,-0.0037109640382516,0.008836681840848,-0.0125476458790997,"ret_1d,volume_ratio_5d,volume_ratio_20d,relative_strength_20d",0.10586562499520369,0.0028990829887334257,,False,mktmind-qtm/data/marketmind_qml_dataset.csv,SPY
split_02_2019-02,42,2019-02-13,XLE,random_forest,0.633900433036,,1,5,0.0112585461337919,0.008836681840848,0.0024218642929438,"ret_1d,volume_ratio_5d,volume_ratio_20d,relative_strength_20d",0.10586562499520369,0.0028990829887334257,,False,mktmind-qtm/data/marketmind_qml_dataset.csv,SPY
split_02_2019-02,42,2019-02-13,XLF,random_forest,0.531936627192,,4,4,0.0114502675390615,0.008836681840848,0.0026135856982134,"ret_1d,volume_ratio_5d,volume_ratio_20d,relative_strength_20d",0.10586562499520369,0.0028990829887334257,,False,mktmind-qtm/data/marketmind_qml_dataset.csv,SPY
split_02_2019-02,42,2019-02-13,XLI,random_forest,0.528108342881,,5,6,0.008928177454117,0.008836681840848,9.149561326893264e-05,"ret_1d,volume_ratio_5d,volume_ratio_20d,relative_strength_20d",0.10586562499520369,0.0028990829887334257,,False,mktmind-qtm/data/marketmind_qml_dataset.csv,SPY
split_02_2019-02,42,2019-02-13,XLK,random_forest,0.460510190197,1.0,10,3,0.0116026296142082,0.008836681840848,0.0027659477733601,"ret_1d,volume_ratio_5d,volume_ratio_20d,relative_strength_20d",0.10586562499520369,0.0028990829887334257,,False,mktmind-qtm/data/marketmind_qml_dataset.csv,SPY
split_02_2019-02,42,2019-02-13,XLP,random_forest,0.494323672309,0.0,6,10,0.0044076112732998,0.008836681840848,-0.0044290705675482,"ret_1d,volume_ratio_5d,volume_ratio_20d,relative_strength_20d",0.10586562499520369,0.0028990829887334257,,False,mktmind-qtm/data/marketmind_qml_dataset.csv,SPY
split_02_2019-02,42,2019-02-13,XLRE,random_forest,0.47561432915,,9,8,0.006347351687119,0.008836681840848,-0.0024893301537289,"ret_1d,volume_ratio_5d,volume_ratio_20d,relative_strength_20d",0.10586562499520369,0.0028990829887334257,,False,mktmind-qtm/data/marketmind_qml_dataset.csv,SPY
split_02_2019-02,42,2019-02-13,XLU,random_forest,0.481514200151,1.0,7,2,0.0192341244959395,0.008836681840848,0.0103974426550914,"ret_1d,volume_ratio_5d,volume_ratio_20d,relative_strength_20d",0.10586562499520369,0.0028990829887334257,,False,mktmind-qtm/data/marketmind_qml_dataset.csv,SPY
split_02_2019-02,42,2019-02-13,XLV,random_forest,0.477444866681,0.0,8,9,0.0049309361407339,0.008836681840848,-0.0039057457001141,"ret_1d,volume_ratio_5d,volume_ratio_20d,relative_strength_20d",0.10586562499520369,0.0028990829887334257,,False,mktmind-qtm/data/marketmind_qml_dataset.csv,SPY
split_02_2019-02,42,2019-02-13,XLY,random_forest,0.444037559606,,11,7,0.0072916875000417,0.008836681840848,-0.0015449943408063,"ret_1d,volume_ratio_5d,volume_ratio_20d,relative_strength_20d",0.10586562499520369,0.0028990829887334257,,False,mktmind-qtm/data/marketmind_qml_dataset.csv,SPY
split_02_2019-02,42,2019-02-21,XLB,random_forest,0.587263720074,0.0,2,11,-0.0088225873503738,0.004541877835684,-0.0133644651860579,"ret_1d,volume_ratio_5d,volume_ratio_20d,relative_strength_20d",0.10586562499520369,0.0028990829887334257,,False,mktmind-qtm/data/marketmind_qml_dataset.csv,SPY
split_02_2019-02,42,2019-02-21,XLC,random_forest,0.514887621287,1.0,11,3,0.0061346790642227,0.004541877835684,0.0015928012285386,"ret_1d,volume_ratio_5d,volume_ratio_20d,relative_strength_20d",0.10586562499520369,0.0028990829887334257,,False,mktmind-qtm/data/marketmind_qml_dataset.csv,SPY
split_02_2019-02,42,2019-02-21,XLE,random_forest,0.576165696155,0.0,5,9,-0.0048803189593892,0.004541877835684,-0.0094221967950732,"ret_1d,volume_ratio_5d,volume_ratio_20d,relative_strength_20d",0.10586562499520369,0.0028990829887334257,,False,mktmind-qtm/data/marketmind_qml_dataset.csv,SPY
split_02_2019-02,42,2019-02-21,XLF,random_forest,0.592362004059,,1,5,0.0007549297756741,0.004541877835684,-0.0037869480600098,"ret_1d,volume_ratio_5d,volume_ratio_20d,relative_strength_20d",0.10586562499520369,0.0028990829887334257,,False,mktmind-qtm/data/marketmind_qml_dataset.csv,SPY
split_02_2019-02,42,2019-02-21,XLI,random_forest,0.554736034854,1.0,9,2,0.0083216281564928,0.004541877835684,0.0037797503208087,"ret_1d,volume_ratio_5d,volume_ratio_20d,relative_strength_20d",0.10586562499520369,0.0028990829887334257,,False,mktmind-qtm/data/marketmind_qml_dataset.csv,SPY
split_02_2019-02,42,2019-02-21,XLK,random_forest,0.573470778515,1.0,6,1,0.0159142525635915,0.004541877835684,0.0113723747279075,"ret_1d,volume_ratio_5d,volume_ratio_20d,relative_strength_20d",0.10586562499520369,0.0028990829887334257,,False,mktmind-qtm/data/marketmind_qml_dataset.csv,SPY
split_02_2019-02,42,2019-02-21,XLP,random_forest,0.585231429727,0.0,3,10,-0.0063997920536577,0.004541877835684,-0.0109416698893417,"ret_1d,volume_ratio_5d,volume_ratio_20d,relative_strength_20d",0.10586562499520369,0.0028990829887334257,,False,mktmind-qtm/data/marketmind_qml_dataset.csv,SPY
split_02_2019-02,42,2019-02-21,XLRE,random_forest,0.576433582641,,4,8,-0.0048737441726782,0.004541877835684,-0.0094156220083623,"ret_1d,volume_ratio_5d,volume_ratio_20d,relative_strength_20d",0.10586562499520369,0.0028990829887334257,,False,mktmind-qtm/data/marketmind_qml_dataset.csv,SPY
split_02_2019-02,42,2019-02-21,XLU,random_forest,0.554973992762,,8,4,0.005467349301486,0.004541877835684,0.000925471465802,"ret_1d,volume_ratio_5d,volume_ratio_20d,relative_strength_20d",0.10586562499520369,0.0028990829887334257,,False,mktmind-qtm/data/marketmind_qml_dataset.csv,SPY
split_02_2019-02,42,2019-02-21,XLV,random_forest,0.533109512375,,10,6,-0.0006543263362442,0.004541877835684,-0.0051962041719283,"ret_1d,volume_ratio_5d,volume_ratio_20d,relative_strength_20d",0.10586562499520369,0.0028990829887334257,,False,mktmind-qtm/data/marketmind_qml_dataset.csv,SPY
split_02_2019-02,42,2019-02-21,XLY,random_forest,0.559035055221,,7,7,-0.0027144873880705,0.004541877835684,-0.0072563652237546,"ret_1d,volume_ratio_5d,volume_ratio_20d,relative_strength_20d",0.10586562499520369,0.0028990829887334257,,False,mktmind-qtm/data/marketmind_qml_dataset.csv,SPY
split_02_2019-02,42,2019-02-28,XLB,random_forest,0.57065377705,,5,5,-0.0074478171441554,-0.0131694072738053,0.0057215901296499,"ret_1d,volume_ratio_5d,volume_ratio_20d,relative_strength_20d",0.10586562499520369,0.0028990829887334257,,False,mktmind-qtm/data/marketmind_qml_dataset.csv,SPY
split_02_2019-02,42,2019-02-28,XLC,random_forest,0.552386292565,1.0,8,1,0.0060978086078242,-0.0131694072738053,0.0192672158816296,"ret_1d,volume_ratio_5d,volume_ratio_20d,relative_strength_20d",0.10586562499520369,0.0028990829887334257,,False,mktmind-qtm/data/marketmind_qml_dataset.csv,SPY
split_02_2019-02,42,2019-02-28,XLE,random_forest,0.587060472112,,4,4,-0.0019922264486067,-0.0131694072738053,0.0111771808251985,"ret_1d,volume_ratio_5d,volume_ratio_20d,relative_strength_20d",0.10586562499520369,0.0028990829887334257,,False,mktmind-qtm/data/marketmind_qml_dataset.csv,SPY
split_02_2019-02,42,2019-02-28,XLF,random_forest,0.605019098296,0.0,2,9,-0.02036219856948,-0.0131694072738053,-0.0071927912956747,"ret_1d,volume_ratio_5d,volume_ratio_20d,relative_strength_20d",0.10586562499520369,0.0028990829887334257,,False,mktmind-qtm/data/marketmind_qml_dataset.csv,SPY
split_02_2019-02,42,2019-02-28,XLI,random_forest,0.452551843559,0.0,11,11,-0.0251509039591877,-0.0131694072738053,-0.0119814966853823,"ret_1d,volume_ratio_5d,volume_ratio_20d,relative_strength_20d",0.10586562499520369,0.0028990829887334257,,False,mktmind-qtm/data/marketmind_qml_dataset.csv,SPY
split_02_2019-02,42,2019-02-28,XLK,random_forest,0.557186440641,,7,8,-0.0146769623833118,-0.0131694072738053,-0.0015075551095065,"ret_1d,volume_ratio_5d,volume_ratio_20d,relative_strength_20d",0.10586562499520369,0.0028990829887334257,,False,mktmind-qtm/data/marketmind_qml_dataset.csv,SPY
split_02_2019-02,42,2019-02-28,XLP,random_forest,0.560486624298,,6,7,-0.0121455120934628,-0.0131694072738053,0.0010238951803425,"ret_1d,volume_ratio_5d,volume_ratio_20d,relative_strength_20d",0.10586562499520369,0.0028990829887334257,,False,mktmind-qtm/data/marketmind_qml_dataset.csv,SPY
split_02_2019-02,42,2019-02-28,XLRE,random_forest,0.618054857911,1.0,1,3,0.002304796460758,-0.0131694072738053,0.0154742037345634,"ret_1d,volume_ratio_5d,volume_ratio_20d,relative_strength_20d",0.10586562499520369,0.0028990829887334257,,False,mktmind-qtm/data/marketmind_qml_dataset.csv,SPY
split_02_2019-02,42,2019-02-28,XLU,random_forest,0.485859253483,1.0,10,2,0.0059639629006584,-0.0131694072738053,0.0191333701744638,"ret_1d,volume_ratio_5d,volume_ratio_20d,relative_strength_20d",0.10586562499520369,0.0028990829887334257,,False,mktmind-qtm/data/marketmind_qml_dataset.csv,SPY
split_02_2019-02,42,2019-02-28,XLV,random_forest,0.59110087021,0.0,3,10,-0.0224767726479284,-0.0131694072738053,-0.0093073653741231,"ret_1d,volume_ratio_5d,volume_ratio_20d,relative_strength_20d",0.10586562499520369,0.0028990829887334257,,False,mktmind-qtm/data/marketmind_qml_dataset.csv,SPY
split_02_2019-02,42,2019-02-28,XLY,random_forest,0.529033094564,,9,6,-0.0094367146833717,-0.0131694072738053,0.0037326925904336,"ret_1d,volume_ratio_5d,volume_ratio_20d,relative_strength_20d",0.10586562499520369,0.0028990829887334257,,False,mktmind-qtm/data/marketmind_qml_dataset.csv,SPY
split_02_2019-02,42,2019-02-06,XLB,rbf_svm,-0.785097864011,,10,6,0.0100954439758633,0.0082494280517981,0.0018460159240651,"ret_1d,volume_ratio_5d,volume_ratio_20d,relative_strength_20d",0.0020250419911462814,0.0007022919890005141,,False,mktmind-qtm/data/marketmind_qml_dataset.csv,SPY
split_02_2019-02,42,2019-02-06,XLC,rbf_svm,0.488869806725,0.0,2,11,-0.0010903695850825,0.0082494280517981,-0.0093397976368807,"ret_1d,volume_ratio_5d,volume_ratio_20d,relative_strength_20d",0.0020250419911462814,0.0007022919890005141,,False,mktmind-qtm/data/marketmind_qml_dataset.csv,SPY
split_02_2019-02,42,2019-02-06,XLE,rbf_svm,-0.889875710726,0.0,11,10,0.0027838449611745,0.0082494280517981,-0.0054655830906236,"ret_1d,volume_ratio_5d,volume_ratio_20d,relative_strength_20d",0.0020250419911462814,0.0007022919890005141,,False,mktmind-qtm/data/marketmind_qml_dataset.csv,SPY
split_02_2019-02,42,2019-02-06,XLF,rbf_svm,0.413022839311,0.0,3,9,0.0053721359749694,0.0082494280517981,-0.0028772920768287,"ret_1d,volume_ratio_5d,volume_ratio_20d,relative_strength_20d",0.0020250419911462814,0.0007022919890005141,,False,mktmind-qtm/data/marketmind_qml_dataset.csv,SPY
split_02_2019-02,42,2019-02-06,XLI,rbf_svm,0.389242267821,1.0,4,1,0.0215084731892198,0.0082494280517981,0.0132590451374217,"ret_1d,volume_ratio_5d,volume_ratio_20d,relative_strength_20d",0.0020250419911462814,0.0007022919890005141,,False,mktmind-qtm/data/marketmind_qml_dataset.csv,SPY
split_02_2019-02,42,2019-02-06,XLK,rbf_svm,0.255659462179,,6,7,0.0059815444699991,0.0082494280517981,-0.002267883581799,"ret_1d,volume_ratio_5d,volume_ratio_20d,relative_strength_20d",0.0020250419911462814,0.0007022919890005141,,False,mktmind-qtm/data/marketmind_qml_dataset.csv,SPY
split_02_2019-02,42,2019-02-06,XLP,rbf_svm,0.641147462894,1.0,1,3,0.0162373480223039,0.0082494280517981,0.0079879199705057,"ret_1d,volume_ratio_5d,volume_ratio_20d,relative_strength_20d",0.0020250419911462814,0.0007022919890005141,,False,mktmind-qtm/data/marketmind_qml_dataset.csv,SPY
split_02_2019-02,42,2019-02-06,XLRE,rbf_svm,-0.619052952188,,9,5,0.0110852706214616,0.0082494280517981,0.0028358425696635,"ret_1d,volume_ratio_5d,volume_ratio_20d,relative_strength_20d",0.0020250419911462814,0.0007022919890005141,,False,mktmind-qtm/data/marketmind_qml_dataset.csv,SPY
split_02_2019-02,42,2019-02-06,XLU,rbf_svm,-0.108059992565,1.0,7,2,0.0166299587460554,0.0082494280517981,0.0083805306942572,"ret_1d,volume_ratio_5d,volume_ratio_20d,relative_strength_20d",0.0020250419911462814,0.0007022919890005141,,False,mktmind-qtm/data/marketmind_qml_dataset.csv,SPY
split_02_2019-02,42,2019-02-06,XLV,rbf_svm,0.308644660382,,5,8,0.0053982259546954,0.0082494280517981,-0.0028512020971027,"ret_1d,volume_ratio_5d,volume_ratio_20d,relative_strength_20d",0.0020250419911462814,0.0007022919890005141,,False,mktmind-qtm/data/marketmind_qml_dataset.csv,SPY
split_02_2019-02,42,2019-02-06,XLY,rbf_svm,-0.548779332313,,8,4,0.0116184423301117,0.0082494280517981,0.0033690142783135,"ret_1d,volume_ratio_5d,volume_ratio_20d,relative_strength_20d",0.0020250419911462814,0.0007022919890005141,,False,mktmind-qtm/data/marketmind_qml_dataset.csv,SPY
split_02_2019-02,42,2019-02-13,XLB,rbf_svm,0.536449389102,1.0,1,1,0.0279473856554812,0.008836681840848,0.0191107038146332,"ret_1d,volume_ratio_5d,volume_ratio_20d,relative_strength_20d",0.0020250419911462814,0.0007022919890005141,,False,mktmind-qtm/data/marketmind_qml_dataset.csv,SPY
split_02_2019-02,42,2019-02-13,XLC,rbf_svm,-0.065120897328,0.0,6,11,-0.0037109640382516,0.008836681840848,-0.0125476458790997,"ret_1d,volume_ratio_5d,volume_ratio_20d,relative_strength_20d",0.0020250419911462814,0.0007022919890005141,,False,mktmind-qtm/data/marketmind_qml_dataset.csv,SPY
split_02_2019-02,42,2019-02-13,XLE,rbf_svm,0.102799504378,,5,5,0.0112585461337919,0.008836681840848,0.0024218642929438,"ret_1d,volume_ratio_5d,volume_ratio_20d,relative_strength_20d",0.0020250419911462814,0.0007022919890005141,,False,mktmind-qtm/data/marketmind_qml_dataset.csv,SPY
split_02_2019-02,42,2019-02-13,XLF,rbf_svm,0.154935515662,,4,4,0.0114502675390615,0.008836681840848,0.0026135856982134,"ret_1d,volume_ratio_5d,volume_ratio_20d,relative_strength_20d",0.0020250419911462814,0.0007022919890005141,,False,mktmind-qtm/data/marketmind_qml_dataset.csv,SPY
split_02_2019-02,42,2019-02-13,XLI,rbf_svm,0.509755782005,,2,6,0.008928177454117,0.008836681840848,9.149561326893264e-05,"ret_1d,volume_ratio_5d,volume_ratio_20d,relative_strength_20d",0.0020250419911462814,0.0007022919890005141,,False,mktmind-qtm/data/marketmind_qml_dataset.csv,SPY
split_02_2019-02,42,2019-02-13,XLK,rbf_svm,-0.09025220089,1.0,7,3,0.0116026296142082,0.008836681840848,0.0027659477733601,"ret_1d,volume_ratio_5d,volume_ratio_20d,relative_strength_20d",0.0020250419911462814,0.0007022919890005141,,False,mktmind-qtm/data/marketmind_qml_dataset.csv,SPY
split_02_2019-02,42,2019-02-13,XLP,rbf_svm,-0.258423172066,0.0,10,10,0.0044076112732998,0.008836681840848,-0.0044290705675482,"ret_1d,volume_ratio_5d,volume_ratio_20d,relative_strength_20d",0.0020250419911462814,0.0007022919890005141,,False,mktmind-qtm/data/marketmind_qml_dataset.csv,SPY
split_02_2019-02,42,2019-02-13,XLRE,rbf_svm,0.164150093029,,3,8,0.006347351687119,0.008836681840848,-0.0024893301537289,"ret_1d,volume_ratio_5d,volume_ratio_20d,relative_strength_20d",0.0020250419911462814,0.0007022919890005141,,False,mktmind-qtm/data/marketmind_qml_dataset.csv,SPY
split_02_2019-02,42,2019-02-13,XLU,rbf_svm,-0.205698512341,1.0,9,2,0.0192341244959395,0.008836681840848,0.0103974426550914,"ret_1d,volume_ratio_5d,volume_ratio_20d,relative_strength_20d",0.0020250419911462814,0.0007022919890005141,,False,mktmind-qtm/data/marketmind_qml_dataset.csv,SPY
split_02_2019-02,42,2019-02-13,XLV,rbf_svm,-0.331481003694,0.0,11,9,0.0049309361407339,0.008836681840848,-0.0039057457001141,"ret_1d,volume_ratio_5d,volume_ratio_20d,relative_strength_20d",0.0020250419911462814,0.0007022919890005141,,False,mktmind-qtm/data/marketmind_qml_dataset.csv,SPY
split_02_2019-02,42,2019-02-13,XLY,rbf_svm,-0.202578376984,,8,7,0.0072916875000417,0.008836681840848,-0.0015449943408063,"ret_1d,volume_ratio_5d,volume_ratio_20d,relative_strength_20d",0.0020250419911462814,0.0007022919890005141,,False,mktmind-qtm/data/marketmind_qml_dataset.csv,SPY
split_02_2019-02,42,2019-02-21,XLB,rbf_svm,0.885349680201,0.0,1,11,-0.0088225873503738,0.004541877835684,-0.0133644651860579,"ret_1d,volume_ratio_5d,volume_ratio_20d,relative_strength_20d",0.0020250419911462814,0.0007022919890005141,,False,mktmind-qtm/data/marketmind_qml_dataset.csv,SPY
split_02_2019-02,42,2019-02-21,XLC,rbf_svm,-0.32337929244,1.0,10,3,0.0061346790642227,0.004541877835684,0.0015928012285386,"ret_1d,volume_ratio_5d,volume_ratio_20d,relative_strength_20d",0.0020250419911462814,0.0007022919890005141,,False,mktmind-qtm/data/marketmind_qml_dataset.csv,SPY
split_02_2019-02,42,2019-02-21,XLE,rbf_svm,0.638333554229,0.0,2,9,-0.0048803189593892,0.004541877835684,-0.0094221967950732,"ret_1d,volume_ratio_5d,volume_ratio_20d,relative_strength_20d",0.0020250419911462814,0.0007022919890005141,,False,mktmind-qtm/data/marketmind_qml_dataset.csv,SPY
split_02_2019-02,42,2019-02-21,XLF,rbf_svm,0.326304201042,,4,5,0.0007549297756741,0.004541877835684,-0.0037869480600098,"ret_1d,volume_ratio_5d,volume_ratio_20d,relative_strength_20d",0.0020250419911462814,0.0007022919890005141,,False,mktmind-qtm/data/marketmind_qml_dataset.csv,SPY
split_02_2019-02,42,2019-02-21,XLI,rbf_svm,-0.422881782186,1.0,11,2,0.0083216281564928,0.004541877835684,0.0037797503208087,"ret_1d,volume_ratio_5d,volume_ratio_20d,relative_strength_20d",0.0020250419911462814,0.0007022919890005141,,False,mktmind-qtm/data/marketmind_qml_dataset.csv,SPY
split_02_2019-02,42,2019-02-21,XLK,rbf_svm,0.130940472128,1.0,8,1,0.0159142525635915,0.004541877835684,0.0113723747279075,"ret_1d,volume_ratio_5d,volume_ratio_20d,relative_strength_20d",0.0020250419911462814,0.0007022919890005141,,False,mktmind-qtm/data/marketmind_qml_dataset.csv,SPY
split_02_2019-02,42,2019-02-21,XLP,rbf_svm,0.278191614923,0.0,5,10,-0.0063997920536577,0.004541877835684,-0.0109416698893417,"ret_1d,volume_ratio_5d,volume_ratio_20d,relative_strength_20d",0.0020250419911462814,0.0007022919890005141,,False,mktmind-qtm/data/marketmind_qml_dataset.csv,SPY
split_02_2019-02,42,2019-02-21,XLRE,rbf_svm,0.270574414889,,6,8,-0.0048737441726782,0.004541877835684,-0.0094156220083623,"ret_1d,volume_ratio_5d,volume_ratio_20d,relative_strength_20d",0.0020250419911462814,0.0007022919890005141,,False,mktmind-qtm/data/marketmind_qml_dataset.csv,SPY
split_02_2019-02,42,2019-02-21,XLU,rbf_svm,0.529270069123,,3,4,0.005467349301486,0.004541877835684,0.000925471465802,"ret_1d,volume_ratio_5d,volume_ratio_20d,relative_strength_20d",0.0020250419911462814,0.0007022919890005141,,False,mktmind-qtm/data/marketmind_qml_dataset.csv,SPY
split_02_2019-02,42,2019-02-21,XLV,rbf_svm,0.136548203708,,7,6,-0.0006543263362442,0.004541877835684,-0.0051962041719283,"ret_1d,volume_ratio_5d,volume_ratio_20d,relative_strength_20d",0.0020250419911462814,0.0007022919890005141,,False,mktmind-qtm/data/marketmind_qml_dataset.csv,SPY
split_02_2019-02,42,2019-02-21,XLY,rbf_svm,-0.301867397862,,9,7,-0.0027144873880705,0.004541877835684,-0.0072563652237546,"ret_1d,volume_ratio_5d,volume_ratio_20d,relative_strength_20d",0.0020250419911462814,0.0007022919890005141,,False,mktmind-qtm/data/marketmind_qml_dataset.csv,SPY
split_02_2019-02,42,2019-02-28,XLB,rbf_svm,0.832161638671,,1,5,-0.0074478171441554,-0.0131694072738053,0.0057215901296499,"ret_1d,volume_ratio_5d,volume_ratio_20d,relative_strength_20d",0.0020250419911462814,0.0007022919890005141,,False,mktmind-qtm/data/marketmind_qml_dataset.csv,SPY
split_02_2019-02,42,2019-02-28,XLC,rbf_svm,0.019564883283,1.0,8,1,0.0060978086078242,-0.0131694072738053,0.0192672158816296,"ret_1d,volume_ratio_5d,volume_ratio_20d,relative_strength_20d",0.0020250419911462814,0.0007022919890005141,,False,mktmind-qtm/data/marketmind_qml_dataset.csv,SPY
split_02_2019-02,42,2019-02-28,XLE,rbf_svm,0.153180181628,,5,4,-0.0019922264486067,-0.0131694072738053,0.0111771808251985,"ret_1d,volume_ratio_5d,volume_ratio_20d,relative_strength_20d",0.0020250419911462814,0.0007022919890005141,,False,mktmind-qtm/data/marketmind_qml_dataset.csv,SPY
split_02_2019-02,42,2019-02-28,XLF,rbf_svm,0.05096697323,0.0,7,9,-0.02036219856948,-0.0131694072738053,-0.0071927912956747,"ret_1d,volume_ratio_5d,volume_ratio_20d,relative_strength_20d",0.0020250419911462814,0.0007022919890005141,,False,mktmind-qtm/data/marketmind_qml_dataset.csv,SPY
split_02_2019-02,42,2019-02-28,XLI,rbf_svm,-0.288856341198,0.0,11,11,-0.0251509039591877,-0.0131694072738053,-0.0119814966853823,"ret_1d,volume_ratio_5d,volume_ratio_20d,relative_strength_20d",0.0020250419911462814,0.0007022919890005141,,False,mktmind-qtm/data/marketmind_qml_dataset.csv,SPY
split_02_2019-02,42,2019-02-28,XLK,rbf_svm,-0.073180737144,,9,8,-0.0146769623833118,-0.0131694072738053,-0.0015075551095065,"ret_1d,volume_ratio_5d,volume_ratio_20d,relative_strength_20d",0.0020250419911462814,0.0007022919890005141,,False,mktmind-qtm/data/marketmind_qml_dataset.csv,SPY
split_02_2019-02,42,2019-02-28,XLP,rbf_svm,0.400598880908,,3,7,-0.0121455120934628,-0.0131694072738053,0.0010238951803425,"ret_1d,volume_ratio_5d,volume_ratio_20d,relative_strength_20d",0.0020250419911462814,0.0007022919890005141,,False,mktmind-qtm/data/marketmind_qml_dataset.csv,SPY
split_02_2019-02,42,2019-02-28,XLRE,rbf_svm,0.294761901479,1.0,4,3,0.002304796460758,-0.0131694072738053,0.0154742037345634,"ret_1d,volume_ratio_5d,volume_ratio_20d,relative_strength_20d",0.0020250419911462814,0.0007022919890005141,,False,mktmind-qtm/data/marketmind_qml_dataset.csv,SPY
split_02_2019-02,42,2019-02-28,XLU,rbf_svm,0.135895688973,1.0,6,2,0.0059639629006584,-0.0131694072738053,0.0191333701744638,"ret_1d,volume_ratio_5d,volume_ratio_20d,relative_strength_20d",0.0020250419911462814,0.0007022919890005141,,False,mktmind-qtm/data/marketmind_qml_dataset.csv,SPY
split_02_2019-02,42,2019-02-28,XLV,rbf_svm,0.759928463563,0.0,2,10,-0.0224767726479284,-0.0131694072738053,-0.0093073653741231,"ret_1d,volume_ratio_5d,volume_ratio_20d,relative_strength_20d",0.0020250419911462814,0.0007022919890005141,,False,mktmind-qtm/data/marketmind_qml_dataset.csv,SPY
split_02_2019-02,42,2019-02-28,XLY,rbf_svm,-0.099029662808,,10,6,-0.0094367146833717,-0.0131694072738053,0.0037326925904336,"ret_1d,volume_ratio_5d,volume_ratio_20d,relative_strength_20d",0.0020250419911462814,0.0007022919890005141,,False,mktmind-qtm/data/marketmind_qml_dataset.csv,SPY
split_02_2019-02,42,2019-02-06,XLB,small_mlp,0.482706139187,,8,6,0.0100954439758633,0.0082494280517981,0.0018460159240651,"ret_1d,volume_ratio_5d,volume_ratio_20d,relative_strength_20d",0.01028804198722355,0.00010804098565131426,25.0,False,mktmind-qtm/data/marketmind_qml_dataset.csv,SPY
split_02_2019-02,42,2019-02-06,XLC,small_mlp,0.508568062029,0.0,1,11,-0.0010903695850825,0.0082494280517981,-0.0093397976368807,"ret_1d,volume_ratio_5d,volume_ratio_20d,relative_strength_20d",0.01028804198722355,0.00010804098565131426,25.0,False,mktmind-qtm/data/marketmind_qml_dataset.csv,SPY
split_02_2019-02,42,2019-02-06,XLE,small_mlp,0.496844272459,0.0,4,10,0.0027838449611745,0.0082494280517981,-0.0054655830906236,"ret_1d,volume_ratio_5d,volume_ratio_20d,relative_strength_20d",0.01028804198722355,0.00010804098565131426,25.0,False,mktmind-qtm/data/marketmind_qml_dataset.csv,SPY
split_02_2019-02,42,2019-02-06,XLF,small_mlp,0.49235608724,0.0,6,9,0.0053721359749694,0.0082494280517981,-0.0028772920768287,"ret_1d,volume_ratio_5d,volume_ratio_20d,relative_strength_20d",0.01028804198722355,0.00010804098565131426,25.0,False,mktmind-qtm/data/marketmind_qml_dataset.csv,SPY
split_02_2019-02,42,2019-02-06,XLI,small_mlp,0.501424064271,1.0,3,1,0.0215084731892198,0.0082494280517981,0.0132590451374217,"ret_1d,volume_ratio_5d,volume_ratio_20d,relative_strength_20d",0.01028804198722355,0.00010804098565131426,25.0,False,mktmind-qtm/data/marketmind_qml_dataset.csv,SPY
split_02_2019-02,42,2019-02-06,XLK,small_mlp,0.496000880082,,5,7,0.0059815444699991,0.0082494280517981,-0.002267883581799,"ret_1d,volume_ratio_5d,volume_ratio_20d,relative_strength_20d",0.01028804198722355,0.00010804098565131426,25.0,False,mktmind-qtm/data/marketmind_qml_dataset.csv,SPY
split_02_2019-02,42,2019-02-06,XLP,small_mlp,0.473620496943,1.0,11,3,0.0162373480223039,0.0082494280517981,0.0079879199705057,"ret_1d,volume_ratio_5d,volume_ratio_20d,relative_strength_20d",0.01028804198722355,0.00010804098565131426,25.0,False,mktmind-qtm/data/marketmind_qml_dataset.csv,SPY
split_02_2019-02,42,2019-02-06,XLRE,small_mlp,0.508380923937,,2,5,0.0110852706214616,0.0082494280517981,0.0028358425696635,"ret_1d,volume_ratio_5d,volume_ratio_20d,relative_strength_20d",0.01028804198722355,0.00010804098565131426,25.0,False,mktmind-qtm/data/marketmind_qml_dataset.csv,SPY
split_02_2019-02,42,2019-02-06,XLU,small_mlp,0.47713487992,1.0,9,2,0.0166299587460554,0.0082494280517981,0.0083805306942572,"ret_1d,volume_ratio_5d,volume_ratio_20d,relative_strength_20d",0.01028804198722355,0.00010804098565131426,25.0,False,mktmind-qtm/data/marketmind_qml_dataset.csv,SPY
split_02_2019-02,42,2019-02-06,XLV,small_mlp,0.473883142847,,10,8,0.0053982259546954,0.0082494280517981,-0.0028512020971027,"ret_1d,volume_ratio_5d,volume_ratio_20d,relative_strength_20d",0.01028804198722355,0.00010804098565131426,25.0,False,mktmind-qtm/data/marketmind_qml_dataset.csv,SPY
split_02_2019-02,42,2019-02-06,XLY,small_mlp,0.485081301441,,7,4,0.0116184423301117,0.0082494280517981,0.0033690142783135,"ret_1d,volume_ratio_5d,volume_ratio_20d,relative_strength_20d",0.01028804198722355,0.00010804098565131426,25.0,False,mktmind-qtm/data/marketmind_qml_dataset.csv,SPY
split_02_2019-02,42,2019-02-13,XLB,small_mlp,0.480709515248,1.0,7,1,0.0279473856554812,0.008836681840848,0.0191107038146332,"ret_1d,volume_ratio_5d,volume_ratio_20d,relative_strength_20d",0.01028804198722355,0.00010804098565131426,25.0,False,mktmind-qtm/data/marketmind_qml_dataset.csv,SPY
split_02_2019-02,42,2019-02-13,XLC,small_mlp,0.474651358967,0.0,8,11,-0.0037109640382516,0.008836681840848,-0.0125476458790997,"ret_1d,volume_ratio_5d,volume_ratio_20d,relative_strength_20d",0.01028804198722355,0.00010804098565131426,25.0,False,mktmind-qtm/data/marketmind_qml_dataset.csv,SPY
split_02_2019-02,42,2019-02-13,XLE,small_mlp,0.462781210141,,11,5,0.0112585461337919,0.008836681840848,0.0024218642929438,"ret_1d,volume_ratio_5d,volume_ratio_20d,relative_strength_20d",0.01028804198722355,0.00010804098565131426,25.0,False,mktmind-qtm/data/marketmind_qml_dataset.csv,SPY
split_02_2019-02,42,2019-02-13,XLF,small_mlp,0.481561746115,,6,4,0.0114502675390615,0.008836681840848,0.0026135856982134,"ret_1d,volume_ratio_5d,volume_ratio_20d,relative_strength_20d",0.01028804198722355,0.00010804098565131426,25.0,False,mktmind-qtm/data/marketmind_qml_dataset.csv,SPY
split_02_2019-02,42,2019-02-13,XLI,small_mlp,0.501710598582,,1,6,0.008928177454117,0.008836681840848,9.149561326893264e-05,"ret_1d,volume_ratio_5d,volume_ratio_20d,relative_strength_20d",0.01028804198722355,0.00010804098565131426,25.0,False,mktmind-qtm/data/marketmind_qml_dataset.csv,SPY
split_02_2019-02,42,2019-02-13,XLK,small_mlp,0.495262685989,1.0,2,3,0.0116026296142082,0.008836681840848,0.0027659477733601,"ret_1d,volume_ratio_5d,volume_ratio_20d,relative_strength_20d",0.01028804198722355,0.00010804098565131426,25.0,False,mktmind-qtm/data/marketmind_qml_dataset.csv,SPY
split_02_2019-02,42,2019-02-13,XLP,small_mlp,0.482060301316,0.0,5,10,0.0044076112732998,0.008836681840848,-0.0044290705675482,"ret_1d,volume_ratio_5d,volume_ratio_20d,relative_strength_20d",0.01028804198722355,0.00010804098565131426,25.0,False,mktmind-qtm/data/marketmind_qml_dataset.csv,SPY
split_02_2019-02,42,2019-02-13,XLRE,small_mlp,0.486064717224,,4,8,0.006347351687119,0.008836681840848,-0.0024893301537289,"ret_1d,volume_ratio_5d,volume_ratio_20d,relative_strength_20d",0.01028804198722355,0.00010804098565131426,25.0,False,mktmind-qtm/data/marketmind_qml_dataset.csv,SPY
split_02_2019-02,42,2019-02-13,XLU,small_mlp,0.491436413404,1.0,3,2,0.0192341244959395,0.008836681840848,0.0103974426550914,"ret_1d,volume_ratio_5d,volume_ratio_20d,relative_strength_20d",0.01028804198722355,0.00010804098565131426,25.0,False,mktmind-qtm/data/marketmind_qml_dataset.csv,SPY
split_02_2019-02,42,2019-02-13,XLV,small_mlp,0.47462069448,0.0,9,9,0.0049309361407339,0.008836681840848,-0.0039057457001141,"ret_1d,volume_ratio_5d,volume_ratio_20d,relative_strength_20d",0.01028804198722355,0.00010804098565131426,25.0,False,mktmind-qtm/data/marketmind_qml_dataset.csv,SPY
split_02_2019-02,42,2019-02-13,XLY,small_mlp,0.473507026359,,10,7,0.0072916875000417,0.008836681840848,-0.0015449943408063,"ret_1d,volume_ratio_5d,volume_ratio_20d,relative_strength_20d",0.01028804198722355,0.00010804098565131426,25.0,False,mktmind-qtm/data/marketmind_qml_dataset.csv,SPY
split_02_2019-02,42,2019-02-21,XLB,small_mlp,0.49286693221,0.0,5,11,-0.0088225873503738,0.004541877835684,-0.0133644651860579,"ret_1d,volume_ratio_5d,volume_ratio_20d,relative_strength_20d",0.01028804198722355,0.00010804098565131426,25.0,False,mktmind-qtm/data/marketmind_qml_dataset.csv,SPY
split_02_2019-02,42,2019-02-21,XLC,small_mlp,0.495498168018,1.0,4,3,0.0061346790642227,0.004541877835684,0.0015928012285386,"ret_1d,volume_ratio_5d,volume_ratio_20d,relative_strength_20d",0.01028804198722355,0.00010804098565131426,25.0,False,mktmind-qtm/data/marketmind_qml_dataset.csv,SPY
split_02_2019-02,42,2019-02-21,XLE,small_mlp,0.510778976547,0.0,2,9,-0.0048803189593892,0.004541877835684,-0.0094221967950732,"ret_1d,volume_ratio_5d,volume_ratio_20d,relative_strength_20d",0.01028804198722355,0.00010804098565131426,25.0,False,mktmind-qtm/data/marketmind_qml_dataset.csv,SPY
split_02_2019-02,42,2019-02-21,XLF,small_mlp,0.484302043523,,9,5,0.0007549297756741,0.004541877835684,-0.0037869480600098,"ret_1d,volume_ratio_5d,volume_ratio_20d,relative_strength_20d",0.01028804198722355,0.00010804098565131426,25.0,False,mktmind-qtm/data/marketmind_qml_dataset.csv,SPY
split_02_2019-02,42,2019-02-21,XLI,small_mlp,0.513363817738,1.0,1,2,0.0083216281564928,0.004541877835684,0.0037797503208087,"ret_1d,volume_ratio_5d,volume_ratio_20d,relative_strength_20d",0.01028804198722355,0.00010804098565131426,25.0,False,mktmind-qtm/data/marketmind_qml_dataset.csv,SPY
split_02_2019-02,42,2019-02-21,XLK,small_mlp,0.498545301092,1.0,3,1,0.0159142525635915,0.004541877835684,0.0113723747279075,"ret_1d,volume_ratio_5d,volume_ratio_20d,relative_strength_20d",0.01028804198722355,0.00010804098565131426,25.0,False,mktmind-qtm/data/marketmind_qml_dataset.csv,SPY
split_02_2019-02,42,2019-02-21,XLP,small_mlp,0.476657227485,0.0,10,10,-0.0063997920536577,0.004541877835684,-0.0109416698893417,"ret_1d,volume_ratio_5d,volume_ratio_20d,relative_strength_20d",0.01028804198722355,0.00010804098565131426,25.0,False,mktmind-qtm/data/marketmind_qml_dataset.csv,SPY
split_02_2019-02,42,2019-02-21,XLRE,small_mlp,0.49125462487,,6,8,-0.0048737441726782,0.004541877835684,-0.0094156220083623,"ret_1d,volume_ratio_5d,volume_ratio_20d,relative_strength_20d",0.01028804198722355,0.00010804098565131426,25.0,False,mktmind-qtm/data/marketmind_qml_dataset.csv,SPY
split_02_2019-02,42,2019-02-21,XLU,small_mlp,0.474537774528,,11,4,0.005467349301486,0.004541877835684,0.000925471465802,"ret_1d,volume_ratio_5d,volume_ratio_20d,relative_strength_20d",0.01028804198722355,0.00010804098565131426,25.0,False,mktmind-qtm/data/marketmind_qml_dataset.csv,SPY
split_02_2019-02,42,2019-02-21,XLV,small_mlp,0.486793016092,,8,6,-0.0006543263362442,0.004541877835684,-0.0051962041719283,"ret_1d,volume_ratio_5d,volume_ratio_20d,relative_strength_20d",0.01028804198722355,0.00010804098565131426,25.0,False,mktmind-qtm/data/marketmind_qml_dataset.csv,SPY
split_02_2019-02,42,2019-02-21,XLY,small_mlp,0.488416203386,,7,7,-0.0027144873880705,0.004541877835684,-0.0072563652237546,"ret_1d,volume_ratio_5d,volume_ratio_20d,relative_strength_20d",0.01028804198722355,0.00010804098565131426,25.0,False,mktmind-qtm/data/marketmind_qml_dataset.csv,SPY
split_02_2019-02,42,2019-02-28,XLB,small_mlp,0.491446345944,,4,5,-0.0074478171441554,-0.0131694072738053,0.0057215901296499,"ret_1d,volume_ratio_5d,volume_ratio_20d,relative_strength_20d",0.01028804198722355,0.00010804098565131426,25.0,False,mktmind-qtm/data/marketmind_qml_dataset.csv,SPY
split_02_2019-02,42,2019-02-28,XLC,small_mlp,0.484104040017,1.0,7,1,0.0060978086078242,-0.0131694072738053,0.0192672158816296,"ret_1d,volume_ratio_5d,volume_ratio_20d,relative_strength_20d",0.01028804198722355,0.00010804098565131426,25.0,False,mktmind-qtm/data/marketmind_qml_dataset.csv,SPY
split_02_2019-02,42,2019-02-28,XLE,small_mlp,0.495807269885,,3,4,-0.0019922264486067,-0.0131694072738053,0.0111771808251985,"ret_1d,volume_ratio_5d,volume_ratio_20d,relative_strength_20d",0.01028804198722355,0.00010804098565131426,25.0,False,mktmind-qtm/data/marketmind_qml_dataset.csv,SPY
split_02_2019-02,42,2019-02-28,XLF,small_mlp,0.481930753761,0.0,8,9,-0.02036219856948,-0.0131694072738053,-0.0071927912956747,"ret_1d,volume_ratio_5d,volume_ratio_20d,relative_strength_20d",0.01028804198722355,0.00010804098565131426,25.0,False,mktmind-qtm/data/marketmind_qml_dataset.csv,SPY
split_02_2019-02,42,2019-02-28,XLI,small_mlp,0.503627101221,0.0,1,11,-0.0251509039591877,-0.0131694072738053,-0.0119814966853823,"ret_1d,volume_ratio_5d,volume_ratio_20d,relative_strength_20d",0.01028804198722355,0.00010804098565131426,25.0,False,mktmind-qtm/data/marketmind_qml_dataset.csv,SPY
split_02_2019-02,42,2019-02-28,XLK,small_mlp,0.501714321529,,2,8,-0.0146769623833118,-0.0131694072738053,-0.0015075551095065,"ret_1d,volume_ratio_5d,volume_ratio_20d,relative_strength_20d",0.01028804198722355,0.00010804098565131426,25.0,False,mktmind-qtm/data/marketmind_qml_dataset.csv,SPY
split_02_2019-02,42,2019-02-28,XLP,small_mlp,0.479126332784,,10,7,-0.0121455120934628,-0.0131694072738053,0.0010238951803425,"ret_1d,volume_ratio_5d,volume_ratio_20d,relative_strength_20d",0.01028804198722355,0.00010804098565131426,25.0,False,mktmind-qtm/data/marketmind_qml_dataset.csv,SPY
split_02_2019-02,42,2019-02-28,XLRE,small_mlp,0.473477651171,1.0,11,3,0.002304796460758,-0.0131694072738053,0.0154742037345634,"ret_1d,volume_ratio_5d,volume_ratio_20d,relative_strength_20d",0.01028804198722355,0.00010804098565131426,25.0,False,mktmind-qtm/data/marketmind_qml_dataset.csv,SPY
split_02_2019-02,42,2019-02-28,XLU,small_mlp,0.487693471561,1.0,5,2,0.0059639629006584,-0.0131694072738053,0.0191333701744638,"ret_1d,volume_ratio_5d,volume_ratio_20d,relative_strength_20d",0.01028804198722355,0.00010804098565131426,25.0,False,mktmind-qtm/data/marketmind_qml_dataset.csv,SPY
split_02_2019-02,42,2019-02-28,XLV,small_mlp,0.481593052966,0.0,9,10,-0.0224767726479284,-0.0131694072738053,-0.0093073653741231,"ret_1d,volume_ratio_5d,volume_ratio_20d,relative_strength_20d",0.01028804198722355,0.00010804098565131426,25.0,False,mktmind-qtm/data/marketmind_qml_dataset.csv,SPY
split_02_2019-02,42,2019-02-28,XLY,small_mlp,0.486024637122,,6,6,-0.0094367146833717,-0.0131694072738053,0.0037326925904336,"ret_1d,volume_ratio_5d,volume_ratio_20d,relative_strength_20d",0.01028804198722355,0.00010804098565131426,25.0,False,mktmind-qtm/data/marketmind_qml_dataset.csv,SPY
split_02_2019-02,42,2019-02-06,XLB,xgboost,0.397732645273,,9,6,0.0100954439758633,0.0082494280517981,0.0018460159240651,"ret_1d,volume_ratio_5d,volume_ratio_20d,relative_strength_20d",0.008934124984079972,0.0004146670107729733,,False,mktmind-qtm/data/marketmind_qml_dataset.csv,SPY
split_02_2019-02,42,2019-02-06,XLC,xgboost,0.610337257385,0.0,2,11,-0.0010903695850825,0.0082494280517981,-0.0093397976368807,"ret_1d,volume_ratio_5d,volume_ratio_20d,relative_strength_20d",0.008934124984079972,0.0004146670107729733,,False,mktmind-qtm/data/marketmind_qml_dataset.csv,SPY
split_02_2019-02,42,2019-02-06,XLE,xgboost,0.367733716965,0.0,11,10,0.0027838449611745,0.0082494280517981,-0.0054655830906236,"ret_1d,volume_ratio_5d,volume_ratio_20d,relative_strength_20d",0.008934124984079972,0.0004146670107729733,,False,mktmind-qtm/data/marketmind_qml_dataset.csv,SPY
split_02_2019-02,42,2019-02-06,XLF,xgboost,0.582833647728,0.0,3,9,0.0053721359749694,0.0082494280517981,-0.0028772920768287,"ret_1d,volume_ratio_5d,volume_ratio_20d,relative_strength_20d",0.008934124984079972,0.0004146670107729733,,False,mktmind-qtm/data/marketmind_qml_dataset.csv,SPY
split_02_2019-02,42,2019-02-06,XLI,xgboost,0.581455767155,1.0,4,1,0.0215084731892198,0.0082494280517981,0.0132590451374217,"ret_1d,volume_ratio_5d,volume_ratio_20d,relative_strength_20d",0.008934124984079972,0.0004146670107729733,,False,mktmind-qtm/data/marketmind_qml_dataset.csv,SPY
split_02_2019-02,42,2019-02-06,XLK,xgboost,0.621890068054,,1,7,0.0059815444699991,0.0082494280517981,-0.002267883581799,"ret_1d,volume_ratio_5d,volume_ratio_20d,relative_strength_20d",0.008934124984079972,0.0004146670107729733,,False,mktmind-qtm/data/marketmind_qml_dataset.csv,SPY
split_02_2019-02,42,2019-02-06,XLP,xgboost,0.581003844738,1.0,5,3,0.0162373480223039,0.0082494280517981,0.0079879199705057,"ret_1d,volume_ratio_5d,volume_ratio_20d,relative_strength_20d",0.008934124984079972,0.0004146670107729733,,False,mktmind-qtm/data/marketmind_qml_dataset.csv,SPY
split_02_2019-02,42,2019-02-06,XLRE,xgboost,0.382397860289,,10,5,0.0110852706214616,0.0082494280517981,0.0028358425696635,"ret_1d,volume_ratio_5d,volume_ratio_20d,relative_strength_20d",0.008934124984079972,0.0004146670107729733,,False,mktmind-qtm/data/marketmind_qml_dataset.csv,SPY
split_02_2019-02,42,2019-02-06,XLU,xgboost,0.463286697865,1.0,8,2,0.0166299587460554,0.0082494280517981,0.0083805306942572,"ret_1d,volume_ratio_5d,volume_ratio_20d,relative_strength_20d",0.008934124984079972,0.0004146670107729733,,False,mktmind-qtm/data/marketmind_qml_dataset.csv,SPY
split_02_2019-02,42,2019-02-06,XLV,xgboost,0.551752388477,,6,8,0.0053982259546954,0.0082494280517981,-0.0028512020971027,"ret_1d,volume_ratio_5d,volume_ratio_20d,relative_strength_20d",0.008934124984079972,0.0004146670107729733,,False,mktmind-qtm/data/marketmind_qml_dataset.csv,SPY
split_02_2019-02,42,2019-02-06,XLY,xgboost,0.532251477242,,7,4,0.0116184423301117,0.0082494280517981,0.0033690142783135,"ret_1d,volume_ratio_5d,volume_ratio_20d,relative_strength_20d",0.008934124984079972,0.0004146670107729733,,False,mktmind-qtm/data/marketmind_qml_dataset.csv,SPY
split_02_2019-02,42,2019-02-13,XLB,xgboost,0.582833647728,1.0,2,1,0.0279473856554812,0.008836681840848,0.0191107038146332,"ret_1d,volume_ratio_5d,volume_ratio_20d,relative_strength_20d",0.008934124984079972,0.0004146670107729733,,False,mktmind-qtm/data/marketmind_qml_dataset.csv,SPY
split_02_2019-02,42,2019-02-13,XLC,xgboost,0.584420502186,0.0,1,11,-0.0037109640382516,0.008836681840848,-0.0125476458790997,"ret_1d,volume_ratio_5d,volume_ratio_20d,relative_strength_20d",0.008934124984079972,0.0004146670107729733,,False,mktmind-qtm/data/marketmind_qml_dataset.csv,SPY
split_02_2019-02,42,2019-02-13,XLE,xgboost,0.572611987591,,3,5,0.0112585461337919,0.008836681840848,0.0024218642929438,"ret_1d,volume_ratio_5d,volume_ratio_20d,relative_strength_20d",0.008934124984079972,0.0004146670107729733,,False,mktmind-qtm/data/marketmind_qml_dataset.csv,SPY
split_02_2019-02,42,2019-02-13,XLF,xgboost,0.548109531403,,5,4,0.0114502675390615,0.008836681840848,0.0026135856982134,"ret_1d,volume_ratio_5d,volume_ratio_20d,relative_strength_20d",0.008934124984079972,0.0004146670107729733,,False,mktmind-qtm/data/marketmind_qml_dataset.csv,SPY
split_02_2019-02,42,2019-02-13,XLI,xgboost,0.55215972662,,4,6,0.008928177454117,0.008836681840848,9.149561326893264e-05,"ret_1d,volume_ratio_5d,volume_ratio_20d,relative_strength_20d",0.008934124984079972,0.0004146670107729733,,False,mktmind-qtm/data/marketmind_qml_dataset.csv,SPY
split_02_2019-02,42,2019-02-13,XLK,xgboost,0.425902575254,1.0,11,3,0.0116026296142082,0.008836681840848,0.0027659477733601,"ret_1d,volume_ratio_5d,volume_ratio_20d,relative_strength_20d",0.008934124984079972,0.0004146670107729733,,False,mktmind-qtm/data/marketmind_qml_dataset.csv,SPY
split_02_2019-02,42,2019-02-13,XLP,xgboost,0.523541092873,0.0,7,10,0.0044076112732998,0.008836681840848,-0.0044290705675482,"ret_1d,volume_ratio_5d,volume_ratio_20d,relative_strength_20d",0.008934124984079972,0.0004146670107729733,,False,mktmind-qtm/data/marketmind_qml_dataset.csv,SPY
split_02_2019-02,42,2019-02-13,XLRE,xgboost,0.494122743607,,8,8,0.006347351687119,0.008836681840848,-0.0024893301537289,"ret_1d,volume_ratio_5d,volume_ratio_20d,relative_strength_20d",0.008934124984079972,0.0004146670107729733,,False,mktmind-qtm/data/marketmind_qml_dataset.csv,SPY
split_02_2019-02,42,2019-02-13,XLU,xgboost,0.485203415155,1.0,9,2,0.0192341244959395,0.008836681840848,0.0103974426550914,"ret_1d,volume_ratio_5d,volume_ratio_20d,relative_strength_20d",0.008934124984079972,0.0004146670107729733,,False,mktmind-qtm/data/marketmind_qml_dataset.csv,SPY
split_02_2019-02,42,2019-02-13,XLV,xgboost,0.541460752487,0.0,6,9,0.0049309361407339,0.008836681840848,-0.0039057457001141,"ret_1d,volume_ratio_5d,volume_ratio_20d,relative_strength_20d",0.008934124984079972,0.0004146670107729733,,False,mktmind-qtm/data/marketmind_qml_dataset.csv,SPY
split_02_2019-02,42,2019-02-13,XLY,xgboost,0.446941256523,,10,7,0.0072916875000417,0.008836681840848,-0.0015449943408063,"ret_1d,volume_ratio_5d,volume_ratio_20d,relative_strength_20d",0.008934124984079972,0.0004146670107729733,,False,mktmind-qtm/data/marketmind_qml_dataset.csv,SPY
split_02_2019-02,42,2019-02-21,XLB,xgboost,0.565324604511,0.0,4,11,-0.0088225873503738,0.004541877835684,-0.0133644651860579,"ret_1d,volume_ratio_5d,volume_ratio_20d,relative_strength_20d",0.008934124984079972,0.0004146670107729733,,False,mktmind-qtm/data/marketmind_qml_dataset.csv,SPY
split_02_2019-02,42,2019-02-21,XLC,xgboost,0.527759075165,1.0,9,3,0.0061346790642227,0.004541877835684,0.0015928012285386,"ret_1d,volume_ratio_5d,volume_ratio_20d,relative_strength_20d",0.008934124984079972,0.0004146670107729733,,False,mktmind-qtm/data/marketmind_qml_dataset.csv,SPY
split_02_2019-02,42,2019-02-21,XLE,xgboost,0.555313825607,0.0,6,9,-0.0048803189593892,0.004541877835684,-0.0094221967950732,"ret_1d,volume_ratio_5d,volume_ratio_20d,relative_strength_20d",0.008934124984079972,0.0004146670107729733,,False,mktmind-qtm/data/marketmind_qml_dataset.csv,SPY
split_02_2019-02,42,2019-02-21,XLF,xgboost,0.530020594597,,8,5,0.0007549297756741,0.004541877835684,-0.0037869480600098,"ret_1d,volume_ratio_5d,volume_ratio_20d,relative_strength_20d",0.008934124984079972,0.0004146670107729733,,False,mktmind-qtm/data/marketmind_qml_dataset.csv,SPY
split_02_2019-02,42,2019-02-21,XLI,xgboost,0.597208738327,1.0,2,2,0.0083216281564928,0.004541877835684,0.0037797503208087,"ret_1d,volume_ratio_5d,volume_ratio_20d,relative_strength_20d",0.008934124984079972,0.0004146670107729733,,False,mktmind-qtm/data/marketmind_qml_dataset.csv,SPY
split_02_2019-02,42,2019-02-21,XLK,xgboost,0.560842990875,1.0,5,1,0.0159142525635915,0.004541877835684,0.0113723747279075,"ret_1d,volume_ratio_5d,volume_ratio_20d,relative_strength_20d",0.008934124984079972,0.0004146670107729733,,False,mktmind-qtm/data/marketmind_qml_dataset.csv,SPY
split_02_2019-02,42,2019-02-21,XLP,xgboost,0.636073291302,0.0,1,10,-0.0063997920536577,0.004541877835684,-0.0109416698893417,"ret_1d,volume_ratio_5d,volume_ratio_20d,relative_strength_20d",0.008934124984079972,0.0004146670107729733,,False,mktmind-qtm/data/marketmind_qml_dataset.csv,SPY
split_02_2019-02,42,2019-02-21,XLRE,xgboost,0.493711680174,,11,8,-0.0048737441726782,0.004541877835684,-0.0094156220083623,"ret_1d,volume_ratio_5d,volume_ratio_20d,relative_strength_20d",0.008934124984079972,0.0004146670107729733,,False,mktmind-qtm/data/marketmind_qml_dataset.csv,SPY
split_02_2019-02,42,2019-02-21,XLU,xgboost,0.505392432213,,10,4,0.005467349301486,0.004541877835684,0.000925471465802,"ret_1d,volume_ratio_5d,volume_ratio_20d,relative_strength_20d",0.008934124984079972,0.0004146670107729733,,False,mktmind-qtm/data/marketmind_qml_dataset.csv,SPY
split_02_2019-02,42,2019-02-21,XLV,xgboost,0.531314194202,,7,6,-0.0006543263362442,0.004541877835684,-0.0051962041719283,"ret_1d,volume_ratio_5d,volume_ratio_20d,relative_strength_20d",0.008934124984079972,0.0004146670107729733,,False,mktmind-qtm/data/marketmind_qml_dataset.csv,SPY
split_02_2019-02,42,2019-02-21,XLY,xgboost,0.584030628204,,3,7,-0.0027144873880705,0.004541877835684,-0.0072563652237546,"ret_1d,volume_ratio_5d,volume_ratio_20d,relative_strength_20d",0.008934124984079972,0.0004146670107729733,,False,mktmind-qtm/data/marketmind_qml_dataset.csv,SPY
split_02_2019-02,42,2019-02-28,XLB,xgboost,0.552009165287,,7,5,-0.0074478171441554,-0.0131694072738053,0.0057215901296499,"ret_1d,volume_ratio_5d,volume_ratio_20d,relative_strength_20d",0.008934124984079972,0.0004146670107729733,,False,mktmind-qtm/data/marketmind_qml_dataset.csv,SPY
split_02_2019-02,42,2019-02-28,XLC,xgboost,0.584030628204,1.0,2,1,0.0060978086078242,-0.0131694072738053,0.0192672158816296,"ret_1d,volume_ratio_5d,volume_ratio_20d,relative_strength_20d",0.008934124984079972,0.0004146670107729733,,False,mktmind-qtm/data/marketmind_qml_dataset.csv,SPY
split_02_2019-02,42,2019-02-28,XLE,xgboost,0.531706035137,,8,4,-0.0019922264486067,-0.0131694072738053,0.0111771808251985,"ret_1d,volume_ratio_5d,volume_ratio_20d,relative_strength_20d",0.008934124984079972,0.0004146670107729733,,False,mktmind-qtm/data/marketmind_qml_dataset.csv,SPY
split_02_2019-02,42,2019-02-28,XLF,xgboost,0.570226967335,0.0,4,9,-0.02036219856948,-0.0131694072738053,-0.0071927912956747,"ret_1d,volume_ratio_5d,volume_ratio_20d,relative_strength_20d",0.008934124984079972,0.0004146670107729733,,False,mktmind-qtm/data/marketmind_qml_dataset.csv,SPY
split_02_2019-02,42,2019-02-28,XLI,xgboost,0.462809801102,0.0,10,11,-0.0251509039591877,-0.0131694072738053,-0.0119814966853823,"ret_1d,volume_ratio_5d,volume_ratio_20d,relative_strength_20d",0.008934124984079972,0.0004146670107729733,,False,mktmind-qtm/data/marketmind_qml_dataset.csv,SPY
split_02_2019-02,42,2019-02-28,XLK,xgboost,0.577899515629,,3,8,-0.0146769623833118,-0.0131694072738053,-0.0015075551095065,"ret_1d,volume_ratio_5d,volume_ratio_20d,relative_strength_20d",0.008934124984079972,0.0004146670107729733,,False,mktmind-qtm/data/marketmind_qml_dataset.csv,SPY
split_02_2019-02,42,2019-02-28,XLP,xgboost,0.565334022045,,6,7,-0.0121455120934628,-0.0131694072738053,0.0010238951803425,"ret_1d,volume_ratio_5d,volume_ratio_20d,relative_strength_20d",0.008934124984079972,0.0004146670107729733,,False,mktmind-qtm/data/marketmind_qml_dataset.csv,SPY
split_02_2019-02,42,2019-02-28,XLRE,xgboost,0.614779412746,1.0,1,3,0.002304796460758,-0.0131694072738053,0.0154742037345634,"ret_1d,volume_ratio_5d,volume_ratio_20d,relative_strength_20d",0.008934124984079972,0.0004146670107729733,,False,mktmind-qtm/data/marketmind_qml_dataset.csv,SPY
split_02_2019-02,42,2019-02-28,XLU,xgboost,0.445894211531,1.0,11,2,0.0059639629006584,-0.0131694072738053,0.0191333701744638,"ret_1d,volume_ratio_5d,volume_ratio_20d,relative_strength_20d",0.008934124984079972,0.0004146670107729733,,False,mktmind-qtm/data/marketmind_qml_dataset.csv,SPY
split_02_2019-02,42,2019-02-28,XLV,xgboost,0.570226967335,0.0,5,10,-0.0224767726479284,-0.0131694072738053,-0.0093073653741231,"ret_1d,volume_ratio_5d,volume_ratio_20d,relative_strength_20d",0.008934124984079972,0.0004146670107729733,,False,mktmind-qtm/data/marketmind_qml_dataset.csv,SPY
split_02_2019-02,42,2019-02-28,XLY,xgboost,0.504569292068,,9,6,-0.0094367146833717,-0.0131694072738053,0.0037326925904336,"ret_1d,volume_ratio_5d,volume_ratio_20d,relative_strength_20d",0.008934124984079972,0.0004146670107729733,,False,mktmind-qtm/data/marketmind_qml_dataset.csv,SPY
split_02_2019-02,42,2019-02-06,XLB,pennylane_qnn,-0.135081920351,,6,6,0.0100954439758633,0.0082494280517981,0.0018460159240651,"ret_1d,volume_ratio_5d,volume_ratio_20d,relative_strength_20d",14.900875709019601,0.12793920800322667,13.0,False,mktmind-qtm/data/marketmind_qml_dataset.csv,SPY
split_02_2019-02,42,2019-02-06,XLC,pennylane_qnn,0.317446206722,0.0,2,11,-0.0010903695850825,0.0082494280517981,-0.0093397976368807,"ret_1d,volume_ratio_5d,volume_ratio_20d,relative_strength_20d",14.900875709019601,0.12793920800322667,13.0,False,mktmind-qtm/data/marketmind_qml_dataset.csv,SPY
split_02_2019-02,42,2019-02-06,XLE,pennylane_qnn,-0.261616185983,0.0,10,10,0.0027838449611745,0.0082494280517981,-0.0054655830906236,"ret_1d,volume_ratio_5d,volume_ratio_20d,relative_strength_20d",14.900875709019601,0.12793920800322667,13.0,False,mktmind-qtm/data/marketmind_qml_dataset.csv,SPY
split_02_2019-02,42,2019-02-06,XLF,pennylane_qnn,0.704423296778,0.0,1,9,0.0053721359749694,0.0082494280517981,-0.0028772920768287,"ret_1d,volume_ratio_5d,volume_ratio_20d,relative_strength_20d",14.900875709019601,0.12793920800322667,13.0,False,mktmind-qtm/data/marketmind_qml_dataset.csv,SPY
split_02_2019-02,42,2019-02-06,XLI,pennylane_qnn,0.131088324563,1.0,5,1,0.0215084731892198,0.0082494280517981,0.0132590451374217,"ret_1d,volume_ratio_5d,volume_ratio_20d,relative_strength_20d",14.900875709019601,0.12793920800322667,13.0,False,mktmind-qtm/data/marketmind_qml_dataset.csv,SPY
split_02_2019-02,42,2019-02-06,XLK,pennylane_qnn,0.212209858195,,4,7,0.0059815444699991,0.0082494280517981,-0.002267883581799,"ret_1d,volume_ratio_5d,volume_ratio_20d,relative_strength_20d",14.900875709019601,0.12793920800322667,13.0,False,mktmind-qtm/data/marketmind_qml_dataset.csv,SPY
split_02_2019-02,42,2019-02-06,XLP,pennylane_qnn,0.261881172575,1.0,3,3,0.0162373480223039,0.0082494280517981,0.0079879199705057,"ret_1d,volume_ratio_5d,volume_ratio_20d,relative_strength_20d",14.900875709019601,0.12793920800322667,13.0,False,mktmind-qtm/data/marketmind_qml_dataset.csv,SPY
split_02_2019-02,42,2019-02-06,XLRE,pennylane_qnn,-0.341739718782,,11,5,0.0110852706214616,0.0082494280517981,0.0028358425696635,"ret_1d,volume_ratio_5d,volume_ratio_20d,relative_strength_20d",14.900875709019601,0.12793920800322667,13.0,False,mktmind-qtm/data/marketmind_qml_dataset.csv,SPY
split_02_2019-02,42,2019-02-06,XLU,pennylane_qnn,-0.247927557278,1.0,9,2,0.0166299587460554,0.0082494280517981,0.0083805306942572,"ret_1d,volume_ratio_5d,volume_ratio_20d,relative_strength_20d",14.900875709019601,0.12793920800322667,13.0,False,mktmind-qtm/data/marketmind_qml_dataset.csv,SPY
split_02_2019-02,42,2019-02-06,XLV,pennylane_qnn,-0.216136059515,,8,8,0.0053982259546954,0.0082494280517981,-0.0028512020971027,"ret_1d,volume_ratio_5d,volume_ratio_20d,relative_strength_20d",14.900875709019601,0.12793920800322667,13.0,False,mktmind-qtm/data/marketmind_qml_dataset.csv,SPY
split_02_2019-02,42,2019-02-06,XLY,pennylane_qnn,-0.205258387242,,7,4,0.0116184423301117,0.0082494280517981,0.0033690142783135,"ret_1d,volume_ratio_5d,volume_ratio_20d,relative_strength_20d",14.900875709019601,0.12793920800322667,13.0,False,mktmind-qtm/data/marketmind_qml_dataset.csv,SPY
split_02_2019-02,42,2019-02-13,XLB,pennylane_qnn,0.651499424868,1.0,1,1,0.0279473856554812,0.008836681840848,0.0191107038146332,"ret_1d,volume_ratio_5d,volume_ratio_20d,relative_strength_20d",14.900875709019601,0.12793920800322667,13.0,False,mktmind-qtm/data/marketmind_qml_dataset.csv,SPY
split_02_2019-02,42,2019-02-13,XLC,pennylane_qnn,0.006795202928,0.0,9,11,-0.0037109640382516,0.008836681840848,-0.0125476458790997,"ret_1d,volume_ratio_5d,volume_ratio_20d,relative_strength_20d",14.900875709019601,0.12793920800322667,13.0,False,mktmind-qtm/data/marketmind_qml_dataset.csv,SPY
split_02_2019-02,42,2019-02-13,XLE,pennylane_qnn,0.575906801666,,2,5,0.0112585461337919,0.008836681840848,0.0024218642929438,"ret_1d,volume_ratio_5d,volume_ratio_20d,relative_strength_20d",14.900875709019601,0.12793920800322667,13.0,False,mktmind-qtm/data/marketmind_qml_dataset.csv,SPY
split_02_2019-02,42,2019-02-13,XLF,pennylane_qnn,0.146832390376,,7,4,0.0114502675390615,0.008836681840848,0.0026135856982134,"ret_1d,volume_ratio_5d,volume_ratio_20d,relative_strength_20d",14.900875709019601,0.12793920800322667,13.0,False,mktmind-qtm/data/marketmind_qml_dataset.csv,SPY
split_02_2019-02,42,2019-02-13,XLI,pennylane_qnn,-0.209725093907,,11,6,0.008928177454117,0.008836681840848,9.149561326893264e-05,"ret_1d,volume_ratio_5d,volume_ratio_20d,relative_strength_20d",14.900875709019601,0.12793920800322667,13.0,False,mktmind-qtm/data/marketmind_qml_dataset.csv,SPY
split_02_2019-02,42,2019-02-13,XLK,pennylane_qnn,0.328480945978,1.0,5,3,0.0116026296142082,0.008836681840848,0.0027659477733601,"ret_1d,volume_ratio_5d,volume_ratio_20d,relative_strength_20d",14.900875709019601,0.12793920800322667,13.0,False,mktmind-qtm/data/marketmind_qml_dataset.csv,SPY
split_02_2019-02,42,2019-02-13,XLP,pennylane_qnn,0.370953616599,0.0,4,10,0.0044076112732998,0.008836681840848,-0.0044290705675482,"ret_1d,volume_ratio_5d,volume_ratio_20d,relative_strength_20d",14.900875709019601,0.12793920800322667,13.0,False,mktmind-qtm/data/marketmind_qml_dataset.csv,SPY
split_02_2019-02,42,2019-02-13,XLRE,pennylane_qnn,-0.019388636251,,10,8,0.006347351687119,0.008836681840848,-0.0024893301537289,"ret_1d,volume_ratio_5d,volume_ratio_20d,relative_strength_20d",14.900875709019601,0.12793920800322667,13.0,False,mktmind-qtm/data/marketmind_qml_dataset.csv,SPY
split_02_2019-02,42,2019-02-13,XLU,pennylane_qnn,0.383963862968,1.0,3,2,0.0192341244959395,0.008836681840848,0.0103974426550914,"ret_1d,volume_ratio_5d,volume_ratio_20d,relative_strength_20d",14.900875709019601,0.12793920800322667,13.0,False,mktmind-qtm/data/marketmind_qml_dataset.csv,SPY
split_02_2019-02,42,2019-02-13,XLV,pennylane_qnn,0.016628708573,0.0,8,9,0.0049309361407339,0.008836681840848,-0.0039057457001141,"ret_1d,volume_ratio_5d,volume_ratio_20d,relative_strength_20d",14.900875709019601,0.12793920800322667,13.0,False,mktmind-qtm/data/marketmind_qml_dataset.csv,SPY
split_02_2019-02,42,2019-02-13,XLY,pennylane_qnn,0.279582194598,,6,7,0.0072916875000417,0.008836681840848,-0.0015449943408063,"ret_1d,volume_ratio_5d,volume_ratio_20d,relative_strength_20d",14.900875709019601,0.12793920800322667,13.0,False,mktmind-qtm/data/marketmind_qml_dataset.csv,SPY
split_02_2019-02,42,2019-02-21,XLB,pennylane_qnn,0.630664628925,0.0,2,11,-0.0088225873503738,0.004541877835684,-0.0133644651860579,"ret_1d,volume_ratio_5d,volume_ratio_20d,relative_strength_20d",14.900875709019601,0.12793920800322667,13.0,False,mktmind-qtm/data/marketmind_qml_dataset.csv,SPY
split_02_2019-02,42,2019-02-21,XLC,pennylane_qnn,0.291057480182,1.0,7,3,0.0061346790642227,0.004541877835684,0.0015928012285386,"ret_1d,volume_ratio_5d,volume_ratio_20d,relative_strength_20d",14.900875709019601,0.12793920800322667,13.0,False,mktmind-qtm/data/marketmind_qml_dataset.csv,SPY
split_02_2019-02,42,2019-02-21,XLE,pennylane_qnn,0.722681151957,0.0,1,9,-0.0048803189593892,0.004541877835684,-0.0094221967950732,"ret_1d,volume_ratio_5d,volume_ratio_20d,relative_strength_20d",14.900875709019601,0.12793920800322667,13.0,False,mktmind-qtm/data/marketmind_qml_dataset.csv,SPY
split_02_2019-02,42,2019-02-21,XLF,pennylane_qnn,0.323236634435,,6,5,0.0007549297756741,0.004541877835684,-0.0037869480600098,"ret_1d,volume_ratio_5d,volume_ratio_20d,relative_strength_20d",14.900875709019601,0.12793920800322667,13.0,False,mktmind-qtm/data/marketmind_qml_dataset.csv,SPY
split_02_2019-02,42,2019-02-21,XLI,pennylane_qnn,-0.173047856969,1.0,11,2,0.0083216281564928,0.004541877835684,0.0037797503208087,"ret_1d,volume_ratio_5d,volume_ratio_20d,relative_strength_20d",14.900875709019601,0.12793920800322667,13.0,False,mktmind-qtm/data/marketmind_qml_dataset.csv,SPY
split_02_2019-02,42,2019-02-21,XLK,pennylane_qnn,0.477175799707,1.0,5,1,0.0159142525635915,0.004541877835684,0.0113723747279075,"ret_1d,volume_ratio_5d,volume_ratio_20d,relative_strength_20d",14.900875709019601,0.12793920800322667,13.0,False,mktmind-qtm/data/marketmind_qml_dataset.csv,SPY
split_02_2019-02,42,2019-02-21,XLP,pennylane_qnn,0.199616191301,0.0,9,10,-0.0063997920536577,0.004541877835684,-0.0109416698893417,"ret_1d,volume_ratio_5d,volume_ratio_20d,relative_strength_20d",14.900875709019601,0.12793920800322667,13.0,False,mktmind-qtm/data/marketmind_qml_dataset.csv,SPY
split_02_2019-02,42,2019-02-21,XLRE,pennylane_qnn,0.577531193118,,4,8,-0.0048737441726782,0.004541877835684,-0.0094156220083623,"ret_1d,volume_ratio_5d,volume_ratio_20d,relative_strength_20d",14.900875709019601,0.12793920800322667,13.0,False,mktmind-qtm/data/marketmind_qml_dataset.csv,SPY
split_02_2019-02,42,2019-02-21,XLU,pennylane_qnn,0.623709460573,,3,4,0.005467349301486,0.004541877835684,0.000925471465802,"ret_1d,volume_ratio_5d,volume_ratio_20d,relative_strength_20d",14.900875709019601,0.12793920800322667,13.0,False,mktmind-qtm/data/marketmind_qml_dataset.csv,SPY
split_02_2019-02,42,2019-02-21,XLV,pennylane_qnn,0.214183511417,,8,6,-0.0006543263362442,0.004541877835684,-0.0051962041719283,"ret_1d,volume_ratio_5d,volume_ratio_20d,relative_strength_20d",14.900875709019601,0.12793920800322667,13.0,False,mktmind-qtm/data/marketmind_qml_dataset.csv,SPY
split_02_2019-02,42,2019-02-21,XLY,pennylane_qnn,-0.167661990752,,10,7,-0.0027144873880705,0.004541877835684,-0.0072563652237546,"ret_1d,volume_ratio_5d,volume_ratio_20d,relative_strength_20d",14.900875709019601,0.12793920800322667,13.0,False,mktmind-qtm/data/marketmind_qml_dataset.csv,SPY
split_02_2019-02,42,2019-02-28,XLB,pennylane_qnn,0.019099244958,,8,5,-0.0074478171441554,-0.0131694072738053,0.0057215901296499,"ret_1d,volume_ratio_5d,volume_ratio_20d,relative_strength_20d",14.900875709019601,0.12793920800322667,13.0,False,mktmind-qtm/data/marketmind_qml_dataset.csv,SPY
split_02_2019-02,42,2019-02-28,XLC,pennylane_qnn,-0.147491213248,1.0,10,1,0.0060978086078242,-0.0131694072738053,0.0192672158816296,"ret_1d,volume_ratio_5d,volume_ratio_20d,relative_strength_20d",14.900875709019601,0.12793920800322667,13.0,False,mktmind-qtm/data/marketmind_qml_dataset.csv,SPY
split_02_2019-02,42,2019-02-28,XLE,pennylane_qnn,0.491803963719,,1,4,-0.0019922264486067,-0.0131694072738053,0.0111771808251985,"ret_1d,volume_ratio_5d,volume_ratio_20d,relative_strength_20d",14.900875709019601,0.12793920800322667,13.0,False,mktmind-qtm/data/marketmind_qml_dataset.csv,SPY
split_02_2019-02,42,2019-02-28,XLF,pennylane_qnn,0.37312689784,0.0,4,9,-0.02036219856948,-0.0131694072738053,-0.0071927912956747,"ret_1d,volume_ratio_5d,volume_ratio_20d,relative_strength_20d",14.900875709019601,0.12793920800322667,13.0,False,mktmind-qtm/data/marketmind_qml_dataset.csv,SPY
split_02_2019-02,42,2019-02-28,XLI,pennylane_qnn,0.245291751147,0.0,5,11,-0.0251509039591877,-0.0131694072738053,-0.0119814966853823,"ret_1d,volume_ratio_5d,volume_ratio_20d,relative_strength_20d",14.900875709019601,0.12793920800322667,13.0,False,mktmind-qtm/data/marketmind_qml_dataset.csv,SPY
split_02_2019-02,42,2019-02-28,XLK,pennylane_qnn,-0.045714677647,,9,8,-0.0146769623833118,-0.0131694072738053,-0.0015075551095065,"ret_1d,volume_ratio_5d,volume_ratio_20d,relative_strength_20d",14.900875709019601,0.12793920800322667,13.0,False,mktmind-qtm/data/marketmind_qml_dataset.csv,SPY
split_02_2019-02,42,2019-02-28,XLP,pennylane_qnn,-0.325196334311,,11,7,-0.0121455120934628,-0.0131694072738053,0.0010238951803425,"ret_1d,volume_ratio_5d,volume_ratio_20d,relative_strength_20d",14.900875709019601,0.12793920800322667,13.0,False,mktmind-qtm/data/marketmind_qml_dataset.csv,SPY
split_02_2019-02,42,2019-02-28,XLRE,pennylane_qnn,0.221916342538,1.0,6,3,0.002304796460758,-0.0131694072738053,0.0154742037345634,"ret_1d,volume_ratio_5d,volume_ratio_20d,relative_strength_20d",14.900875709019601,0.12793920800322667,13.0,False,mktmind-qtm/data/marketmind_qml_dataset.csv,SPY
split_02_2019-02,42,2019-02-28,XLU,pennylane_qnn,0.438063351505,1.0,3,2,0.0059639629006584,-0.0131694072738053,0.0191333701744638,"ret_1d,volume_ratio_5d,volume_ratio_20d,relative_strength_20d",14.900875709019601,0.12793920800322667,13.0,False,mktmind-qtm/data/marketmind_qml_dataset.csv,SPY
split_02_2019-02,42,2019-02-28,XLV,pennylane_qnn,0.487298511739,0.0,2,10,-0.0224767726479284,-0.0131694072738053,-0.0093073653741231,"ret_1d,volume_ratio_5d,volume_ratio_20d,relative_strength_20d",14.900875709019601,0.12793920800322667,13.0,False,mktmind-qtm/data/marketmind_qml_dataset.csv,SPY
split_02_2019-02,42,2019-02-28,XLY,pennylane_qnn,0.094735161731,,7,6,-0.0094367146833717,-0.0131694072738053,0.0037326925904336,"ret_1d,volume_ratio_5d,volume_ratio_20d,relative_strength_20d",14.900875709019601,0.12793920800322667,13.0,False,mktmind-qtm/data/marketmind_qml_dataset.csv,SPY
split_03_2019-03,42,2019-03-07,XLB,naive_momentum,0.013176632939,,2,8,0.0170205993570424,0.0223630746533487,-0.0053424752963062,relative_strength_20d,0.0,0.0,0.0,False,mktmind-qtm/data/marketmind_qml_dataset.csv,SPY
split_03_2019-03,42,2019-03-07,XLC,naive_momentum,-0.000908851744,,6,5,0.020346180552236,0.0223630746533487,-0.0020168941011127,relative_strength_20d,0.0,0.0,0.0,False,mktmind-qtm/data/marketmind_qml_dataset.csv,SPY
split_03_2019-03,42,2019-03-07,XLE,naive_momentum,-0.001208273099,0.0,7,9,0.0142811490794461,0.0223630746533487,-0.0080819255739026,relative_strength_20d,0.0,0.0,0.0,False,mktmind-qtm/data/marketmind_qml_dataset.csv,SPY
split_03_2019-03,42,2019-03-07,XLF,naive_momentum,-0.011392629932,,10,4,0.0230949660393913,0.0223630746533487,0.0007318913860425,relative_strength_20d,0.0,0.0,0.0,False,mktmind-qtm/data/marketmind_qml_dataset.csv,SPY
split_03_2019-03,42,2019-03-07,XLI,naive_momentum,0.004745642823,0.0,5,11,0.003493779623078,0.0223630746533487,-0.0188692950302706,relative_strength_20d,0.0,0.0,0.0,False,mktmind-qtm/data/marketmind_qml_dataset.csv,SPY
split_03_2019-03,42,2019-03-07,XLK,naive_momentum,0.010352414224,1.0,3,1,0.0362360164962334,0.0223630746533487,0.0138729418428846,relative_strength_20d,0.0,0.0,0.0,False,mktmind-qtm/data/marketmind_qml_dataset.csv,SPY
split_03_2019-03,42,2019-03-07,XLP,naive_momentum,-0.006456230208,,9,6,0.018815043632181,0.0223630746533487,-0.0035480310211677,relative_strength_20d,0.0,0.0,0.0,False,mktmind-qtm/data/marketmind_qml_dataset.csv,SPY
split_03_2019-03,42,2019-03-07,XLRE,naive_momentum,0.006555044858,1.0,4,2,0.0293187383288855,0.0223630746533487,0.0069556636755367,relative_strength_20d,0.0,0.0,0.0,False,mktmind-qtm/data/marketmind_qml_dataset.csv,SPY
split_03_2019-03,42,2019-03-07,XLU,naive_momentum,0.039740077046,,1,7,0.0184831114297239,0.0223630746533487,-0.0038799632236248,relative_strength_20d,0.0,0.0,0.0,False,mktmind-qtm/data/marketmind_qml_dataset.csv,SPY
split_03_2019-03,42,2019-03-07,XLV,naive_momentum,-0.021322597713,1.0,11,3,0.0258957828192645,0.0223630746533487,0.0035327081659157,relative_strength_20d,0.0,0.0,0.0,False,mktmind-qtm/data/marketmind_qml_dataset.csv,SPY
split_03_2019-03,42,2019-03-07,XLY,naive_momentum,-0.001683660012,0.0,8,10,0.0100761609137276,0.0223630746533487,-0.012286913739621,relative_strength_20d,0.0,0.0,0.0,False,mktmind-qtm/data/marketmind_qml_dataset.csv,SPY
split_03_2019-03,42,2019-03-14,XLB,naive_momentum,0.006065301171,,5,6,0.0120908712026925,0.017158149332785,-0.0050672781300924,relative_strength_20d,0.0,0.0,0.0,False,mktmind-qtm/data/marketmind_qml_dataset.csv,SPY
split_03_2019-03,42,2019-03-14,XLC,naive_momentum,0.006595525442,,4,4,0.0145145884175832,0.017158149332785,-0.0026435609152017,relative_strength_20d,0.0,0.0,0.0,False,mktmind-qtm/data/marketmind_qml_dataset.csv,SPY
split_03_2019-03,42,2019-03-14,XLE,naive_momentum,-0.003775989203,1.0,6,3,0.0267638920378505,0.017158149332785,0.0096057427050655,relative_strength_20d,0.0,0.0,0.0,False,mktmind-qtm/data/marketmind_qml_dataset.csv,SPY
split_03_2019-03,42,2019-03-14,XLF,naive_momentum,-0.007933290342,0.0,7,11,-0.0145586221388149,0.017158149332785,-0.0317167714716,relative_strength_20d,0.0,0.0,0.0,False,mktmind-qtm/data/marketmind_qml_dataset.csv,SPY
split_03_2019-03,42,2019-03-14,XLI,naive_momentum,-0.027234874856,0.0,11,9,0.0052250721929676,0.017158149332785,-0.0119330771398173,relative_strength_20d,0.0,0.0,0.0,False,mktmind-qtm/data/marketmind_qml_dataset.csv,SPY
split_03_2019-03,42,2019-03-14,XLK,naive_momentum,0.02687396611,1.0,2,1,0.0412246306586128,0.017158149332785,0.0240664813258277,relative_strength_20d,0.0,0.0,0.0,False,mktmind-qtm/data/marketmind_qml_dataset.csv,SPY
split_03_2019-03,42,2019-03-14,XLP,naive_momentum,-0.018029657572,,10,5,0.0139359878828666,0.017158149332785,-0.0032221614499183,relative_strength_20d,0.0,0.0,0.0,False,mktmind-qtm/data/marketmind_qml_dataset.csv,SPY
split_03_2019-03,42,2019-03-14,XLRE,naive_momentum,0.010742231694,,3,7,0.0102227119102669,0.017158149332785,-0.0069354374225181,relative_strength_20d,0.0,0.0,0.0,False,mktmind-qtm/data/marketmind_qml_dataset.csv,SPY
split_03_2019-03,42,2019-03-14,XLU,naive_momentum,0.027535855662,0.0,1,10,0.0015520632541456,0.017158149332785,-0.0156060860786393,relative_strength_20d,0.0,0.0,0.0,False,mktmind-qtm/data/marketmind_qml_dataset.csv,SPY
split_03_2019-03,42,2019-03-14,XLV,naive_momentum,-0.015314805531,,8,8,0.0079828112540509,0.017158149332785,-0.009175338078734,relative_strength_20d,0.0,0.0,0.0,False,mktmind-qtm/data/marketmind_qml_dataset.csv,SPY
split_03_2019-03,42,2019-03-14,XLY,naive_momentum,-0.017333020681,1.0,9,2,0.0367170477766785,0.017158149332785,0.0195588984438934,relative_strength_20d,0.0,0.0,0.0,False,mktmind-qtm/data/marketmind_qml_dataset.csv,SPY
split_03_2019-03,42,2019-03-21,XLB,naive_momentum,-0.018233430218,,8,8,-0.0175001164151118,-0.0141185652994353,-0.0033815511156765,relative_strength_20d,0.0,0.0,0.0,False,mktmind-qtm/data/marketmind_qml_dataset.csv,SPY
split_03_2019-03,42,2019-03-21,XLC,naive_momentum,0.016986420849,0.0,2,10,-0.022413197155375,-0.0141185652994353,-0.0082946318559397,relative_strength_20d,0.0,0.0,0.0,False,mktmind-qtm/data/marketmind_qml_dataset.csv,SPY
split_03_2019-03,42,2019-03-21,XLE,naive_momentum,0.003409207767,,5,6,-0.0159011980479485,-0.0141185652994353,-0.0017826327485132,relative_strength_20d,0.0,0.0,0.0,False,mktmind-qtm/data/marketmind_qml_dataset.csv,SPY
split_03_2019-03,42,2019-03-21,XLF,naive_momentum,-0.042454357512,,11,7,-0.0161166876696272,-0.0141185652994353,-0.0019981223701919,relative_strength_20d,0.0,0.0,0.0,False,mktmind-qtm/data/marketmind_qml_dataset.csv,SPY
split_03_2019-03,42,2019-03-21,XLI,naive_momentum,-0.039321254869,,10,4,-0.0054929166968353,-0.0141185652994353,0.0086256486025999,relative_strength_20d,0.0,0.0,0.0,False,mktmind-qtm/data/marketmind_qml_dataset.csv,SPY
split_03_2019-03,42,2019-03-21,XLK,naive_momentum,0.049166506974,0.0,1,11,-0.0241043123294748,-0.0141185652994353,-0.0099857470300395,relative_strength_20d,0.0,0.0,0.0,False,mktmind-qtm/data/marketmind_qml_dataset.csv,SPY
split_03_2019-03,42,2019-03-21,XLP,naive_momentum,-0.01693493395,1.0,7,1,0.0106981250861548,-0.0141185652994353,0.0248166903855902,relative_strength_20d,0.0,0.0,0.0,False,mktmind-qtm/data/marketmind_qml_dataset.csv,SPY
split_03_2019-03,42,2019-03-21,XLRE,naive_momentum,0.006287267311,1.0,3,2,0.0072284968706519,-0.0141185652994353,0.0213470621700873,relative_strength_20d,0.0,0.0,0.0,False,mktmind-qtm/data/marketmind_qml_dataset.csv,SPY
split_03_2019-03,42,2019-03-21,XLU,naive_momentum,0.00088686957,1.0,6,3,-0.0036163317787738,-0.0141185652994353,0.0105022335206614,relative_strength_20d,0.0,0.0,0.0,False,mktmind-qtm/data/marketmind_qml_dataset.csv,SPY
split_03_2019-03,42,2019-03-21,XLV,naive_momentum,-0.020689927955,0.0,9,9,-0.0177683016153865,-0.0141185652994353,-0.0036497363159512,relative_strength_20d,0.0,0.0,0.0,False,mktmind-qtm/data/marketmind_qml_dataset.csv,SPY
split_03_2019-03,42,2019-03-21,XLY,naive_momentum,0.003594786359,,4,5,-0.0058809179229466,-0.0141185652994353,0.0082376473764886,relative_strength_20d,0.0,0.0,0.0,False,mktmind-qtm/data/marketmind_qml_dataset.csv,SPY
split_03_2019-03,42,2019-03-28,XLB,naive_momentum,-0.007949303936,1.0,8,1,0.0512540857613454,0.023048443693312,0.0282056420680334,relative_strength_20d,0.0,0.0,0.0,False,mktmind-qtm/data/marketmind_qml_dataset.csv,SPY
split_03_2019-03,42,2019-03-28,XLC,naive_momentum,0.006404246991,,7,4,0.032354789475268,0.023048443693312,0.0093063457819559,relative_strength_20d,0.0,0.0,0.0,False,mktmind-qtm/data/marketmind_qml_dataset.csv,SPY
split_03_2019-03,42,2019-03-28,XLE,naive_momentum,0.011104162895,,5,8,0.0033222341648939,0.023048443693312,-0.019726209528418,relative_strength_20d,0.0,0.0,0.0,False,mktmind-qtm/data/marketmind_qml_dataset.csv,SPY
split_03_2019-03,42,2019-03-28,XLF,naive_momentum,-0.039968430434,1.0,11,2,0.0358813944516078,0.023048443693312,0.0128329507582958,relative_strength_20d,0.0,0.0,0.0,False,mktmind-qtm/data/marketmind_qml_dataset.csv,SPY
split_03_2019-03,42,2019-03-28,XLI,naive_momentum,-0.033756481521,1.0,10,3,0.0344875730783631,0.023048443693312,0.011439129385051,relative_strength_20d,0.0,0.0,0.0,False,mktmind-qtm/data/marketmind_qml_dataset.csv,SPY
split_03_2019-03,42,2019-03-28,XLK,naive_momentum,0.025771556085,,2,6,0.0311134221560882,0.023048443693312,0.0080649784627762,relative_strength_20d,0.0,0.0,0.0,False,mktmind-qtm/data/marketmind_qml_dataset.csv,SPY
split_03_2019-03,42,2019-03-28,XLP,naive_momentum,0.019662455583,0.0,3,11,-0.0060996435916841,0.023048443693312,-0.0291480872849961,relative_strength_20d,0.0,0.0,0.0,False,mktmind-qtm/data/marketmind_qml_dataset.csv,SPY
split_03_2019-03,42,2019-03-28,XLRE,naive_momentum,0.038050213639,0.0,1,9,0.0011040494211675,0.023048443693312,-0.0219443942721444,relative_strength_20d,0.0,0.0,0.0,False,mktmind-qtm/data/marketmind_qml_dataset.csv,SPY
split_03_2019-03,42,2019-03-28,XLU,naive_momentum,0.010715206453,0.0,6,10,-0.0051846576177154,0.023048443693312,-0.0282331013110275,relative_strength_20d,0.0,0.0,0.0,False,mktmind-qtm/data/marketmind_qml_dataset.csv,SPY
split_03_2019-03,42,2019-03-28,XLV,naive_momentum,-0.018839926676,,9,7,0.0078320609354098,0.023048443693312,-0.0152163827579021,relative_strength_20d,0.0,0.0,0.0,False,mktmind-qtm/data/marketmind_qml_dataset.csv,SPY
split_03_2019-03,42,2019-03-28,XLY,naive_momentum,0.019459840251,,4,5,0.0315205351949474,0.023048443693312,0.0084720915016354,relative_strength_20d,0.0,0.0,0.0,False,mktmind-qtm/data/marketmind_qml_dataset.csv,SPY
split_03_2019-03,42,2019-03-07,XLB,logistic_regression,-0.08673137654,,10,8,0.0170205993570424,0.0223630746533487,-0.0053424752963062,"ret_1d,volume_ratio_5d,volume_ratio_20d,relative_strength_20d",0.0016023330099415034,9.241700172424316e-05,5.0,False,mktmind-qtm/data/marketmind_qml_dataset.csv,SPY
split_03_2019-03,42,2019-03-07,XLC,logistic_regression,0.316358028488,,1,5,0.020346180552236,0.0223630746533487,-0.0020168941011127,"ret_1d,volume_ratio_5d,volume_ratio_20d,relative_strength_20d",0.0016023330099415034,9.241700172424316e-05,5.0,False,mktmind-qtm/data/marketmind_qml_dataset.csv,SPY
split_03_2019-03,42,2019-03-07,XLE,logistic_regression,0.226414335553,0.0,4,9,0.0142811490794461,0.0223630746533487,-0.0080819255739026,"ret_1d,volume_ratio_5d,volume_ratio_20d,relative_strength_20d",0.0016023330099415034,9.241700172424316e-05,5.0,False,mktmind-qtm/data/marketmind_qml_dataset.csv,SPY
split_03_2019-03,42,2019-03-07,XLF,logistic_regression,0.273006828954,,3,4,0.0230949660393913,0.0223630746533487,0.0007318913860425,"ret_1d,volume_ratio_5d,volume_ratio_20d,relative_strength_20d",0.0016023330099415034,9.241700172424316e-05,5.0,False,mktmind-qtm/data/marketmind_qml_dataset.csv,SPY
split_03_2019-03,42,2019-03-07,XLI,logistic_regression,0.185695310846,0.0,5,11,0.003493779623078,0.0223630746533487,-0.0188692950302706,"ret_1d,volume_ratio_5d,volume_ratio_20d,relative_strength_20d",0.0016023330099415034,9.241700172424316e-05,5.0,False,mktmind-qtm/data/marketmind_qml_dataset.csv,SPY
split_03_2019-03,42,2019-03-07,XLK,logistic_regression,0.066426505284,1.0,7,1,0.0362360164962334,0.0223630746533487,0.0138729418428846,"ret_1d,volume_ratio_5d,volume_ratio_20d,relative_strength_20d",0.0016023330099415034,9.241700172424316e-05,5.0,False,mktmind-qtm/data/marketmind_qml_dataset.csv,SPY
split_03_2019-03,42,2019-03-07,XLP,logistic_regression,-0.048416715589,,8,6,0.018815043632181,0.0223630746533487,-0.0035480310211677,"ret_1d,volume_ratio_5d,volume_ratio_20d,relative_strength_20d",0.0016023330099415034,9.241700172424316e-05,5.0,False,mktmind-qtm/data/marketmind_qml_dataset.csv,SPY
split_03_2019-03,42,2019-03-07,XLRE,logistic_regression,-0.059647714734,1.0,9,2,0.0293187383288855,0.0223630746533487,0.0069556636755367,"ret_1d,volume_ratio_5d,volume_ratio_20d,relative_strength_20d",0.0016023330099415034,9.241700172424316e-05,5.0,False,mktmind-qtm/data/marketmind_qml_dataset.csv,SPY
split_03_2019-03,42,2019-03-07,XLU,logistic_regression,-0.275322190929,,11,7,0.0184831114297239,0.0223630746533487,-0.0038799632236248,"ret_1d,volume_ratio_5d,volume_ratio_20d,relative_strength_20d",0.0016023330099415034,9.241700172424316e-05,5.0,False,mktmind-qtm/data/marketmind_qml_dataset.csv,SPY
split_03_2019-03,42,2019-03-07,XLV,logistic_regression,0.299423796238,1.0,2,3,0.0258957828192645,0.0223630746533487,0.0035327081659157,"ret_1d,volume_ratio_5d,volume_ratio_20d,relative_strength_20d",0.0016023330099415034,9.241700172424316e-05,5.0,False,mktmind-qtm/data/marketmind_qml_dataset.csv,SPY
split_03_2019-03,42,2019-03-07,XLY,logistic_regression,0.114844814555,0.0,6,10,0.0100761609137276,0.0223630746533487,-0.012286913739621,"ret_1d,volume_ratio_5d,volume_ratio_20d,relative_strength_20d",0.0016023330099415034,9.241700172424316e-05,5.0,False,mktmind-qtm/data/marketmind_qml_dataset.csv,SPY
split_03_2019-03,42,2019-03-14,XLB,logistic_regression,0.138540926482,,4,6,0.0120908712026925,0.017158149332785,-0.0050672781300924,"ret_1d,volume_ratio_5d,volume_ratio_20d,relative_strength_20d",0.0016023330099415034,9.241700172424316e-05,5.0,False,mktmind-qtm/data/marketmind_qml_dataset.csv,SPY
split_03_2019-03,42,2019-03-14,XLC,logistic_regression,0.145954594635,,3,4,0.0145145884175832,0.017158149332785,-0.0026435609152017,"ret_1d,volume_ratio_5d,volume_ratio_20d,relative_strength_20d",0.0016023330099415034,9.241700172424316e-05,5.0,False,mktmind-qtm/data/marketmind_qml_dataset.csv,SPY
split_03_2019-03,42,2019-03-14,XLE,logistic_regression,-0.020478393853,1.0,10,3,0.0267638920378505,0.017158149332785,0.0096057427050655,"ret_1d,volume_ratio_5d,volume_ratio_20d,relative_strength_20d",0.0016023330099415034,9.241700172424316e-05,5.0,False,mktmind-qtm/data/marketmind_qml_dataset.csv,SPY
split_03_2019-03,42,2019-03-14,XLF,logistic_regression,0.024483291035,0.0,8,11,-0.0145586221388149,0.017158149332785,-0.0317167714716,"ret_1d,volume_ratio_5d,volume_ratio_20d,relative_strength_20d",0.0016023330099415034,9.241700172424316e-05,5.0,False,mktmind-qtm/data/marketmind_qml_dataset.csv,SPY
split_03_2019-03,42,2019-03-14,XLI,logistic_regression,0.267978701777,0.0,1,9,0.0052250721929676,0.017158149332785,-0.0119330771398173,"ret_1d,volume_ratio_5d,volume_ratio_20d,relative_strength_20d",0.0016023330099415034,9.241700172424316e-05,5.0,False,mktmind-qtm/data/marketmind_qml_dataset.csv,SPY
split_03_2019-03,42,2019-03-14,XLK,logistic_regression,0.045535700895,1.0,7,1,0.0412246306586128,0.017158149332785,0.0240664813258277,"ret_1d,volume_ratio_5d,volume_ratio_20d,relative_strength_20d",0.0016023330099415034,9.241700172424316e-05,5.0,False,mktmind-qtm/data/marketmind_qml_dataset.csv,SPY
split_03_2019-03,42,2019-03-14,XLP,logistic_regression,0.073962866221,,6,5,0.0139359878828666,0.017158149332785,-0.0032221614499183,"ret_1d,volume_ratio_5d,volume_ratio_20d,relative_strength_20d",0.0016023330099415034,9.241700172424316e-05,5.0,False,mktmind-qtm/data/marketmind_qml_dataset.csv,SPY
split_03_2019-03,42,2019-03-14,XLRE,logistic_regression,-0.208559122111,,11,7,0.0102227119102669,0.017158149332785,-0.0069354374225181,"ret_1d,volume_ratio_5d,volume_ratio_20d,relative_strength_20d",0.0016023330099415034,9.241700172424316e-05,5.0,False,mktmind-qtm/data/marketmind_qml_dataset.csv,SPY
split_03_2019-03,42,2019-03-14,XLU,logistic_regression,-0.013956124709,0.0,9,10,0.0015520632541456,0.017158149332785,-0.0156060860786393,"ret_1d,volume_ratio_5d,volume_ratio_20d,relative_strength_20d",0.0016023330099415034,9.241700172424316e-05,5.0,False,mktmind-qtm/data/marketmind_qml_dataset.csv,SPY
split_03_2019-03,42,2019-03-14,XLV,logistic_regression,0.080904283872,,5,8,0.0079828112540509,0.017158149332785,-0.009175338078734,"ret_1d,volume_ratio_5d,volume_ratio_20d,relative_strength_20d",0.0016023330099415034,9.241700172424316e-05,5.0,False,mktmind-qtm/data/marketmind_qml_dataset.csv,SPY
split_03_2019-03,42,2019-03-14,XLY,logistic_regression,0.168757804737,1.0,2,2,0.0367170477766785,0.017158149332785,0.0195588984438934,"ret_1d,volume_ratio_5d,volume_ratio_20d,relative_strength_20d",0.0016023330099415034,9.241700172424316e-05,5.0,False,mktmind-qtm/data/marketmind_qml_dataset.csv,SPY
split_03_2019-03,42,2019-03-21,XLB,logistic_regression,-0.17393337525,,8,8,-0.0175001164151118,-0.0141185652994353,-0.0033815511156765,"ret_1d,volume_ratio_5d,volume_ratio_20d,relative_strength_20d",0.0016023330099415034,9.241700172424316e-05,5.0,False,mktmind-qtm/data/marketmind_qml_dataset.csv,SPY
split_03_2019-03,42,2019-03-21,XLC,logistic_regression,-0.104715312224,0.0,6,10,-0.022413197155375,-0.0141185652994353,-0.0082946318559397,"ret_1d,volume_ratio_5d,volume_ratio_20d,relative_strength_20d",0.0016023330099415034,9.241700172424316e-05,5.0,False,mktmind-qtm/data/marketmind_qml_dataset.csv,SPY
split_03_2019-03,42,2019-03-21,XLE,logistic_regression,-0.32599904811,,10,6,-0.0159011980479485,-0.0141185652994353,-0.0017826327485132,"ret_1d,volume_ratio_5d,volume_ratio_20d,relative_strength_20d",0.0016023330099415034,9.241700172424316e-05,5.0,False,mktmind-qtm/data/marketmind_qml_dataset.csv,SPY
split_03_2019-03,42,2019-03-21,XLF,logistic_regression,0.035570031474,,2,7,-0.0161166876696272,-0.0141185652994353,-0.0019981223701919,"ret_1d,volume_ratio_5d,volume_ratio_20d,relative_strength_20d",0.0016023330099415034,9.241700172424316e-05,5.0,False,mktmind-qtm/data/marketmind_qml_dataset.csv,SPY
split_03_2019-03,42,2019-03-21,XLI,logistic_regression,0.009165427213,,3,4,-0.0054929166968353,-0.0141185652994353,0.0086256486025999,"ret_1d,volume_ratio_5d,volume_ratio_20d,relative_strength_20d",0.0016023330099415034,9.241700172424316e-05,5.0,False,mktmind-qtm/data/marketmind_qml_dataset.csv,SPY
split_03_2019-03,42,2019-03-21,XLK,logistic_regression,-0.613421798363,0.0,11,11,-0.0241043123294748,-0.0141185652994353,-0.0099857470300395,"ret_1d,volume_ratio_5d,volume_ratio_20d,relative_strength_20d",0.0016023330099415034,9.241700172424316e-05,5.0,False,mktmind-qtm/data/marketmind_qml_dataset.csv,SPY
split_03_2019-03,42,2019-03-21,XLP,logistic_regression,-0.052201524105,1.0,4,1,0.0106981250861548,-0.0141185652994353,0.0248166903855902,"ret_1d,volume_ratio_5d,volume_ratio_20d,relative_strength_20d",0.0016023330099415034,9.241700172424316e-05,5.0,False,mktmind-qtm/data/marketmind_qml_dataset.csv,SPY
split_03_2019-03,42,2019-03-21,XLRE,logistic_regression,-0.249893444991,1.0,9,2,0.0072284968706519,-0.0141185652994353,0.0213470621700873,"ret_1d,volume_ratio_5d,volume_ratio_20d,relative_strength_20d",0.0016023330099415034,9.241700172424316e-05,5.0,False,mktmind-qtm/data/marketmind_qml_dataset.csv,SPY
split_03_2019-03,42,2019-03-21,XLU,logistic_regression,-0.075160279524,1.0,5,3,-0.0036163317787738,-0.0141185652994353,0.0105022335206614,"ret_1d,volume_ratio_5d,volume_ratio_20d,relative_strength_20d",0.0016023330099415034,9.241700172424316e-05,5.0,False,mktmind-qtm/data/marketmind_qml_dataset.csv,SPY
split_03_2019-03,42,2019-03-21,XLV,logistic_regression,0.037150549752,0.0,1,9,-0.0177683016153865,-0.0141185652994353,-0.0036497363159512,"ret_1d,volume_ratio_5d,volume_ratio_20d,relative_strength_20d",0.0016023330099415034,9.241700172424316e-05,5.0,False,mktmind-qtm/data/marketmind_qml_dataset.csv,SPY
split_03_2019-03,42,2019-03-21,XLY,logistic_regression,-0.134267493261,,7,5,-0.0058809179229466,-0.0141185652994353,0.0082376473764886,"ret_1d,volume_ratio_5d,volume_ratio_20d,relative_strength_20d",0.0016023330099415034,9.241700172424316e-05,5.0,False,mktmind-qtm/data/marketmind_qml_dataset.csv,SPY
split_03_2019-03,42,2019-03-28,XLB,logistic_regression,-0.01916235508,1.0,6,1,0.0512540857613454,0.023048443693312,0.0282056420680334,"ret_1d,volume_ratio_5d,volume_ratio_20d,relative_strength_20d",0.0016023330099415034,9.241700172424316e-05,5.0,False,mktmind-qtm/data/marketmind_qml_dataset.csv,SPY
split_03_2019-03,42,2019-03-28,XLC,logistic_regression,0.079424231047,,3,4,0.032354789475268,0.023048443693312,0.0093063457819559,"ret_1d,volume_ratio_5d,volume_ratio_20d,relative_strength_20d",0.0016023330099415034,9.241700172424316e-05,5.0,False,mktmind-qtm/data/marketmind_qml_dataset.csv,SPY
split_03_2019-03,42,2019-03-28,XLE,logistic_regression,-0.034732553024,,8,8,0.0033222341648939,0.023048443693312,-0.019726209528418,"ret_1d,volume_ratio_5d,volume_ratio_20d,relative_strength_20d",0.0016023330099415034,9.241700172424316e-05,5.0,False,mktmind-qtm/data/marketmind_qml_dataset.csv,SPY
split_03_2019-03,42,2019-03-28,XLF,logistic_regression,0.108979214147,1.0,1,2,0.0358813944516078,0.023048443693312,0.0128329507582958,"ret_1d,volume_ratio_5d,volume_ratio_20d,relative_strength_20d",0.0016023330099415034,9.241700172424316e-05,5.0,False,mktmind-qtm/data/marketmind_qml_dataset.csv,SPY
split_03_2019-03,42,2019-03-28,XLI,logistic_regression,-0.020421702577,1.0,7,3,0.0344875730783631,0.023048443693312,0.011439129385051,"ret_1d,volume_ratio_5d,volume_ratio_20d,relative_strength_20d",0.0016023330099415034,9.241700172424316e-05,5.0,False,mktmind-qtm/data/marketmind_qml_dataset.csv,SPY
split_03_2019-03,42,2019-03-28,XLK,logistic_regression,0.045410417143,,5,6,0.0311134221560882,0.023048443693312,0.0080649784627762,"ret_1d,volume_ratio_5d,volume_ratio_20d,relative_strength_20d",0.0016023330099415034,9.241700172424316e-05,5.0,False,mktmind-qtm/data/marketmind_qml_dataset.csv,SPY
split_03_2019-03,42,2019-03-28,XLP,logistic_regression,-0.044609022144,0.0,9,11,-0.0060996435916841,0.023048443693312,-0.0291480872849961,"ret_1d,volume_ratio_5d,volume_ratio_20d,relative_strength_20d",0.0016023330099415034,9.241700172424316e-05,5.0,False,mktmind-qtm/data/marketmind_qml_dataset.csv,SPY
split_03_2019-03,42,2019-03-28,XLRE,logistic_regression,-0.306220051395,0.0,11,9,0.0011040494211675,0.023048443693312,-0.0219443942721444,"ret_1d,volume_ratio_5d,volume_ratio_20d,relative_strength_20d",0.0016023330099415034,9.241700172424316e-05,5.0,False,mktmind-qtm/data/marketmind_qml_dataset.csv,SPY
split_03_2019-03,42,2019-03-28,XLU,logistic_regression,0.067067218752,0.0,4,10,-0.0051846576177154,0.023048443693312,-0.0282331013110275,"ret_1d,volume_ratio_5d,volume_ratio_20d,relative_strength_20d",0.0016023330099415034,9.241700172424316e-05,5.0,False,mktmind-qtm/data/marketmind_qml_dataset.csv,SPY
split_03_2019-03,42,2019-03-28,XLV,logistic_regression,0.084186986415,,2,7,0.0078320609354098,0.023048443693312,-0.0152163827579021,"ret_1d,volume_ratio_5d,volume_ratio_20d,relative_strength_20d",0.0016023330099415034,9.241700172424316e-05,5.0,False,mktmind-qtm/data/marketmind_qml_dataset.csv,SPY
split_03_2019-03,42,2019-03-28,XLY,logistic_regression,-0.150843431486,,10,5,0.0315205351949474,0.023048443693312,0.0084720915016354,"ret_1d,volume_ratio_5d,volume_ratio_20d,relative_strength_20d",0.0016023330099415034,9.241700172424316e-05,5.0,False,mktmind-qtm/data/marketmind_qml_dataset.csv,SPY
split_03_2019-03,42,2019-03-07,XLB,ridge_linear,-0.044847583545,,10,8,0.0170205993570424,0.0223630746533487,-0.0053424752963062,"ret_1d,volume_ratio_5d,volume_ratio_20d,relative_strength_20d",0.0012642920191865414,7.925002137199044e-05,5.0,False,mktmind-qtm/data/marketmind_qml_dataset.csv,SPY
split_03_2019-03,42,2019-03-07,XLC,ridge_linear,0.158506810273,,1,5,0.020346180552236,0.0223630746533487,-0.0020168941011127,"ret_1d,volume_ratio_5d,volume_ratio_20d,relative_strength_20d",0.0012642920191865414,7.925002137199044e-05,5.0,False,mktmind-qtm/data/marketmind_qml_dataset.csv,SPY
split_03_2019-03,42,2019-03-07,XLE,ridge_linear,0.114966125924,0.0,4,9,0.0142811490794461,0.0223630746533487,-0.0080819255739026,"ret_1d,volume_ratio_5d,volume_ratio_20d,relative_strength_20d",0.0012642920191865414,7.925002137199044e-05,5.0,False,mktmind-qtm/data/marketmind_qml_dataset.csv,SPY
split_03_2019-03,42,2019-03-07,XLF,ridge_linear,0.136177262795,,3,4,0.0230949660393913,0.0223630746533487,0.0007318913860425,"ret_1d,volume_ratio_5d,volume_ratio_20d,relative_strength_20d",0.0012642920191865414,7.925002137199044e-05,5.0,False,mktmind-qtm/data/marketmind_qml_dataset.csv,SPY
split_03_2019-03,42,2019-03-07,XLI,ridge_linear,0.094291447637,0.0,5,11,0.003493779623078,0.0223630746533487,-0.0188692950302706,"ret_1d,volume_ratio_5d,volume_ratio_20d,relative_strength_20d",0.0012642920191865414,7.925002137199044e-05,5.0,False,mktmind-qtm/data/marketmind_qml_dataset.csv,SPY
split_03_2019-03,42,2019-03-07,XLK,ridge_linear,0.03266798527,1.0,7,1,0.0362360164962334,0.0223630746533487,0.0138729418428846,"ret_1d,volume_ratio_5d,volume_ratio_20d,relative_strength_20d",0.0012642920191865414,7.925002137199044e-05,5.0,False,mktmind-qtm/data/marketmind_qml_dataset.csv,SPY
split_03_2019-03,42,2019-03-07,XLP,ridge_linear,-0.026701720698,,8,6,0.018815043632181,0.0223630746533487,-0.0035480310211677,"ret_1d,volume_ratio_5d,volume_ratio_20d,relative_strength_20d",0.0012642920191865414,7.925002137199044e-05,5.0,False,mktmind-qtm/data/marketmind_qml_dataset.csv,SPY
split_03_2019-03,42,2019-03-07,XLRE,ridge_linear,-0.029005830499,1.0,9,2,0.0293187383288855,0.0223630746533487,0.0069556636755367,"ret_1d,volume_ratio_5d,volume_ratio_20d,relative_strength_20d",0.0012642920191865414,7.925002137199044e-05,5.0,False,mktmind-qtm/data/marketmind_qml_dataset.csv,SPY
split_03_2019-03,42,2019-03-07,XLU,ridge_linear,-0.137487331903,,11,7,0.0184831114297239,0.0223630746533487,-0.0038799632236248,"ret_1d,volume_ratio_5d,volume_ratio_20d,relative_strength_20d",0.0012642920191865414,7.925002137199044e-05,5.0,False,mktmind-qtm/data/marketmind_qml_dataset.csv,SPY
split_03_2019-03,42,2019-03-07,XLV,ridge_linear,0.15047929604,1.0,2,3,0.0258957828192645,0.0223630746533487,0.0035327081659157,"ret_1d,volume_ratio_5d,volume_ratio_20d,relative_strength_20d",0.0012642920191865414,7.925002137199044e-05,5.0,False,mktmind-qtm/data/marketmind_qml_dataset.csv,SPY
split_03_2019-03,42,2019-03-07,XLY,ridge_linear,0.055864339012,0.0,6,10,0.0100761609137276,0.0223630746533487,-0.012286913739621,"ret_1d,volume_ratio_5d,volume_ratio_20d,relative_strength_20d",0.0012642920191865414,7.925002137199044e-05,5.0,False,mktmind-qtm/data/marketmind_qml_dataset.csv,SPY
split_03_2019-03,42,2019-03-14,XLB,ridge_linear,0.067949564653,,4,6,0.0120908712026925,0.017158149332785,-0.0050672781300924,"ret_1d,volume_ratio_5d,volume_ratio_20d,relative_strength_20d",0.0012642920191865414,7.925002137199044e-05,5.0,False,mktmind-qtm/data/marketmind_qml_dataset.csv,SPY
split_03_2019-03,42,2019-03-14,XLC,ridge_linear,0.073157804461,,3,4,0.0145145884175832,0.017158149332785,-0.0026435609152017,"ret_1d,volume_ratio_5d,volume_ratio_20d,relative_strength_20d",0.0012642920191865414,7.925002137199044e-05,5.0,False,mktmind-qtm/data/marketmind_qml_dataset.csv,SPY
split_03_2019-03,42,2019-03-14,XLE,ridge_linear,-0.010559505731,1.0,10,3,0.0267638920378505,0.017158149332785,0.0096057427050655,"ret_1d,volume_ratio_5d,volume_ratio_20d,relative_strength_20d",0.0012642920191865414,7.925002137199044e-05,5.0,False,mktmind-qtm/data/marketmind_qml_dataset.csv,SPY
split_03_2019-03,42,2019-03-14,XLF,ridge_linear,0.01285485069,0.0,8,11,-0.0145586221388149,0.017158149332785,-0.0317167714716,"ret_1d,volume_ratio_5d,volume_ratio_20d,relative_strength_20d",0.0012642920191865414,7.925002137199044e-05,5.0,False,mktmind-qtm/data/marketmind_qml_dataset.csv,SPY
split_03_2019-03,42,2019-03-14,XLI,ridge_linear,0.133886170357,0.0,1,9,0.0052250721929676,0.017158149332785,-0.0119330771398173,"ret_1d,volume_ratio_5d,volume_ratio_20d,relative_strength_20d",0.0012642920191865414,7.925002137199044e-05,5.0,False,mktmind-qtm/data/marketmind_qml_dataset.csv,SPY
split_03_2019-03,42,2019-03-14,XLK,ridge_linear,0.02461895694,1.0,7,1,0.0412246306586128,0.017158149332785,0.0240664813258277,"ret_1d,volume_ratio_5d,volume_ratio_20d,relative_strength_20d",0.0012642920191865414,7.925002137199044e-05,5.0,False,mktmind-qtm/data/marketmind_qml_dataset.csv,SPY
split_03_2019-03,42,2019-03-14,XLP,ridge_linear,0.035899264673,,6,5,0.0139359878828666,0.017158149332785,-0.0032221614499183,"ret_1d,volume_ratio_5d,volume_ratio_20d,relative_strength_20d",0.0012642920191865414,7.925002137199044e-05,5.0,False,mktmind-qtm/data/marketmind_qml_dataset.csv,SPY
split_03_2019-03,42,2019-03-14,XLRE,ridge_linear,-0.104953779957,,11,7,0.0102227119102669,0.017158149332785,-0.0069354374225181,"ret_1d,volume_ratio_5d,volume_ratio_20d,relative_strength_20d",0.0012642920191865414,7.925002137199044e-05,5.0,False,mktmind-qtm/data/marketmind_qml_dataset.csv,SPY
split_03_2019-03,42,2019-03-14,XLU,ridge_linear,-0.005911238718,0.0,9,10,0.0015520632541456,0.017158149332785,-0.0156060860786393,"ret_1d,volume_ratio_5d,volume_ratio_20d,relative_strength_20d",0.0012642920191865414,7.925002137199044e-05,5.0,False,mktmind-qtm/data/marketmind_qml_dataset.csv,SPY
split_03_2019-03,42,2019-03-14,XLV,ridge_linear,0.03994791114,,5,8,0.0079828112540509,0.017158149332785,-0.009175338078734,"ret_1d,volume_ratio_5d,volume_ratio_20d,relative_strength_20d",0.0012642920191865414,7.925002137199044e-05,5.0,False,mktmind-qtm/data/marketmind_qml_dataset.csv,SPY
split_03_2019-03,42,2019-03-14,XLY,ridge_linear,0.084206268686,1.0,2,2,0.0367170477766785,0.017158149332785,0.0195588984438934,"ret_1d,volume_ratio_5d,volume_ratio_20d,relative_strength_20d",0.0012642920191865414,7.925002137199044e-05,5.0,False,mktmind-qtm/data/marketmind_qml_dataset.csv,SPY
split_03_2019-03,42,2019-03-21,XLB,ridge_linear,-0.086013712985,,8,8,-0.0175001164151118,-0.0141185652994353,-0.0033815511156765,"ret_1d,volume_ratio_5d,volume_ratio_20d,relative_strength_20d",0.0012642920191865414,7.925002137199044e-05,5.0,False,mktmind-qtm/data/marketmind_qml_dataset.csv,SPY
split_03_2019-03,42,2019-03-21,XLC,ridge_linear,-0.049272699642,0.0,6,10,-0.022413197155375,-0.0141185652994353,-0.0082946318559397,"ret_1d,volume_ratio_5d,volume_ratio_20d,relative_strength_20d",0.0012642920191865414,7.925002137199044e-05,5.0,False,mktmind-qtm/data/marketmind_qml_dataset.csv,SPY
split_03_2019-03,42,2019-03-21,XLE,ridge_linear,-0.163495867045,,10,6,-0.0159011980479485,-0.0141185652994353,-0.0017826327485132,"ret_1d,volume_ratio_5d,volume_ratio_20d,relative_strength_20d",0.0012642920191865414,7.925002137199044e-05,5.0,False,mktmind-qtm/data/marketmind_qml_dataset.csv,SPY
split_03_2019-03,42,2019-03-21,XLF,ridge_linear,0.017347448814,,2,7,-0.0161166876696272,-0.0141185652994353,-0.0019981223701919,"ret_1d,volume_ratio_5d,volume_ratio_20d,relative_strength_20d",0.0012642920191865414,7.925002137199044e-05,5.0,False,mktmind-qtm/data/marketmind_qml_dataset.csv,SPY
split_03_2019-03,42,2019-03-21,XLI,ridge_linear,0.005327038603,,3,4,-0.0054929166968353,-0.0141185652994353,0.0086256486025999,"ret_1d,volume_ratio_5d,volume_ratio_20d,relative_strength_20d",0.0012642920191865414,7.925002137199044e-05,5.0,False,mktmind-qtm/data/marketmind_qml_dataset.csv,SPY
split_03_2019-03,42,2019-03-21,XLK,ridge_linear,-0.301414907079,0.0,11,11,-0.0241043123294748,-0.0141185652994353,-0.0099857470300395,"ret_1d,volume_ratio_5d,volume_ratio_20d,relative_strength_20d",0.0012642920191865414,7.925002137199044e-05,5.0,False,mktmind-qtm/data/marketmind_qml_dataset.csv,SPY
split_03_2019-03,42,2019-03-21,XLP,ridge_linear,-0.023954908123,1.0,4,1,0.0106981250861548,-0.0141185652994353,0.0248166903855902,"ret_1d,volume_ratio_5d,volume_ratio_20d,relative_strength_20d",0.0012642920191865414,7.925002137199044e-05,5.0,False,mktmind-qtm/data/marketmind_qml_dataset.csv,SPY
split_03_2019-03,42,2019-03-21,XLRE,ridge_linear,-0.121708586861,1.0,9,2,0.0072284968706519,-0.0141185652994353,0.0213470621700873,"ret_1d,volume_ratio_5d,volume_ratio_20d,relative_strength_20d",0.0012642920191865414,7.925002137199044e-05,5.0,False,mktmind-qtm/data/marketmind_qml_dataset.csv,SPY
split_03_2019-03,42,2019-03-21,XLU,ridge_linear,-0.035120857903,1.0,5,3,-0.0036163317787738,-0.0141185652994353,0.0105022335206614,"ret_1d,volume_ratio_5d,volume_ratio_20d,relative_strength_20d",0.0012642920191865414,7.925002137199044e-05,5.0,False,mktmind-qtm/data/marketmind_qml_dataset.csv,SPY
split_03_2019-03,42,2019-03-21,XLV,ridge_linear,0.018589271314,0.0,1,9,-0.0177683016153865,-0.0141185652994353,-0.0036497363159512,"ret_1d,volume_ratio_5d,volume_ratio_20d,relative_strength_20d",0.0012642920191865414,7.925002137199044e-05,5.0,False,mktmind-qtm/data/marketmind_qml_dataset.csv,SPY
split_03_2019-03,42,2019-03-21,XLY,ridge_linear,-0.064242764586,,7,5,-0.0058809179229466,-0.0141185652994353,0.0082376473764886,"ret_1d,volume_ratio_5d,volume_ratio_20d,relative_strength_20d",0.0012642920191865414,7.925002137199044e-05,5.0,False,mktmind-qtm/data/marketmind_qml_dataset.csv,SPY
split_03_2019-03,42,2019-03-28,XLB,ridge_linear,-0.007926087531,1.0,6,1,0.0512540857613454,0.023048443693312,0.0282056420680334,"ret_1d,volume_ratio_5d,volume_ratio_20d,relative_strength_20d",0.0012642920191865414,7.925002137199044e-05,5.0,False,mktmind-qtm/data/marketmind_qml_dataset.csv,SPY
split_03_2019-03,42,2019-03-28,XLC,ridge_linear,0.038912657604,,3,4,0.032354789475268,0.023048443693312,0.0093063457819559,"ret_1d,volume_ratio_5d,volume_ratio_20d,relative_strength_20d",0.0012642920191865414,7.925002137199044e-05,5.0,False,mktmind-qtm/data/marketmind_qml_dataset.csv,SPY
split_03_2019-03,42,2019-03-28,XLE,ridge_linear,-0.016918549985,,8,8,0.0033222341648939,0.023048443693312,-0.019726209528418,"ret_1d,volume_ratio_5d,volume_ratio_20d,relative_strength_20d",0.0012642920191865414,7.925002137199044e-05,5.0,False,mktmind-qtm/data/marketmind_qml_dataset.csv,SPY
split_03_2019-03,42,2019-03-28,XLF,ridge_linear,0.055992566021,1.0,1,2,0.0358813944516078,0.023048443693312,0.0128329507582958,"ret_1d,volume_ratio_5d,volume_ratio_20d,relative_strength_20d",0.0012642920191865414,7.925002137199044e-05,5.0,False,mktmind-qtm/data/marketmind_qml_dataset.csv,SPY
split_03_2019-03,42,2019-03-28,XLI,ridge_linear,-0.010346746415,1.0,7,3,0.0344875730783631,0.023048443693312,0.011439129385051,"ret_1d,volume_ratio_5d,volume_ratio_20d,relative_strength_20d",0.0012642920191865414,7.925002137199044e-05,5.0,False,mktmind-qtm/data/marketmind_qml_dataset.csv,SPY
split_03_2019-03,42,2019-03-28,XLK,ridge_linear,0.024724183544,,5,6,0.0311134221560882,0.023048443693312,0.0080649784627762,"ret_1d,volume_ratio_5d,volume_ratio_20d,relative_strength_20d",0.0012642920191865414,7.925002137199044e-05,5.0,False,mktmind-qtm/data/marketmind_qml_dataset.csv,SPY
split_03_2019-03,42,2019-03-28,XLP,ridge_linear,-0.02063028352,0.0,9,11,-0.0060996435916841,0.023048443693312,-0.0291480872849961,"ret_1d,volume_ratio_5d,volume_ratio_20d,relative_strength_20d",0.0012642920191865414,7.925002137199044e-05,5.0,False,mktmind-qtm/data/marketmind_qml_dataset.csv,SPY
split_03_2019-03,42,2019-03-28,XLRE,ridge_linear,-0.152367209359,0.0,11,9,0.0011040494211675,0.023048443693312,-0.0219443942721444,"ret_1d,volume_ratio_5d,volume_ratio_20d,relative_strength_20d",0.0012642920191865414,7.925002137199044e-05,5.0,False,mktmind-qtm/data/marketmind_qml_dataset.csv,SPY
split_03_2019-03,42,2019-03-28,XLU,ridge_linear,0.03212998141,0.0,4,10,-0.0051846576177154,0.023048443693312,-0.0282331013110275,"ret_1d,volume_ratio_5d,volume_ratio_20d,relative_strength_20d",0.0012642920191865414,7.925002137199044e-05,5.0,False,mktmind-qtm/data/marketmind_qml_dataset.csv,SPY
split_03_2019-03,42,2019-03-28,XLV,ridge_linear,0.042054436558,,2,7,0.0078320609354098,0.023048443693312,-0.0152163827579021,"ret_1d,volume_ratio_5d,volume_ratio_20d,relative_strength_20d",0.0012642920191865414,7.925002137199044e-05,5.0,False,mktmind-qtm/data/marketmind_qml_dataset.csv,SPY
split_03_2019-03,42,2019-03-28,XLY,ridge_linear,-0.074006097139,,10,5,0.0315205351949474,0.023048443693312,0.0084720915016354,"ret_1d,volume_ratio_5d,volume_ratio_20d,relative_strength_20d",0.0012642920191865414,7.925002137199044e-05,5.0,False,mktmind-qtm/data/marketmind_qml_dataset.csv,SPY
split_03_2019-03,42,2019-03-07,XLB,random_forest,0.50949570948,,10,8,0.0170205993570424,0.0223630746533487,-0.0053424752963062,"ret_1d,volume_ratio_5d,volume_ratio_20d,relative_strength_20d",0.10784141698968597,0.0029292909894138575,,False,mktmind-qtm/data/marketmind_qml_dataset.csv,SPY
split_03_2019-03,42,2019-03-07,XLC,random_forest,0.621117940657,,3,5,0.020346180552236,0.0223630746533487,-0.0020168941011127,"ret_1d,volume_ratio_5d,volume_ratio_20d,relative_strength_20d",0.10784141698968597,0.0029292909894138575,,False,mktmind-qtm/data/marketmind_qml_dataset.csv,SPY
split_03_2019-03,42,2019-03-07,XLE,random_forest,0.547574249477,0.0,7,9,0.0142811490794461,0.0223630746533487,-0.0080819255739026,"ret_1d,volume_ratio_5d,volume_ratio_20d,relative_strength_20d",0.10784141698968597,0.0029292909894138575,,False,mktmind-qtm/data/marketmind_qml_dataset.csv,SPY
split_03_2019-03,42,2019-03-07,XLF,random_forest,0.573501002655,,5,4,0.0230949660393913,0.0223630746533487,0.0007318913860425,"ret_1d,volume_ratio_5d,volume_ratio_20d,relative_strength_20d",0.10784141698968597,0.0029292909894138575,,False,mktmind-qtm/data/marketmind_qml_dataset.csv,SPY
split_03_2019-03,42,2019-03-07,XLI,random_forest,0.540736234538,0.0,9,11,0.003493779623078,0.0223630746533487,-0.0188692950302706,"ret_1d,volume_ratio_5d,volume_ratio_20d,relative_strength_20d",0.10784141698968597,0.0029292909894138575,,False,mktmind-qtm/data/marketmind_qml_dataset.csv,SPY
split_03_2019-03,42,2019-03-07,XLK,random_forest,0.507055476782,1.0,11,1,0.0362360164962334,0.0223630746533487,0.0138729418428846,"ret_1d,volume_ratio_5d,volume_ratio_20d,relative_strength_20d",0.10784141698968597,0.0029292909894138575,,False,mktmind-qtm/data/marketmind_qml_dataset.csv,SPY
split_03_2019-03,42,2019-03-07,XLP,random_forest,0.623563206119,,1,6,0.018815043632181,0.0223630746533487,-0.0035480310211677,"ret_1d,volume_ratio_5d,volume_ratio_20d,relative_strength_20d",0.10784141698968597,0.0029292909894138575,,False,mktmind-qtm/data/marketmind_qml_dataset.csv,SPY
split_03_2019-03,42,2019-03-07,XLRE,random_forest,0.581255508199,1.0,4,2,0.0293187383288855,0.0223630746533487,0.0069556636755367,"ret_1d,volume_ratio_5d,volume_ratio_20d,relative_strength_20d",0.10784141698968597,0.0029292909894138575,,False,mktmind-qtm/data/marketmind_qml_dataset.csv,SPY
split_03_2019-03,42,2019-03-07,XLU,random_forest,0.621735146895,,2,7,0.0184831114297239,0.0223630746533487,-0.0038799632236248,"ret_1d,volume_ratio_5d,volume_ratio_20d,relative_strength_20d",0.10784141698968597,0.0029292909894138575,,False,mktmind-qtm/data/marketmind_qml_dataset.csv,SPY
split_03_2019-03,42,2019-03-07,XLV,random_forest,0.540838757118,1.0,8,3,0.0258957828192645,0.0223630746533487,0.0035327081659157,"ret_1d,volume_ratio_5d,volume_ratio_20d,relative_strength_20d",0.10784141698968597,0.0029292909894138575,,False,mktmind-qtm/data/marketmind_qml_dataset.csv,SPY
split_03_2019-03,42,2019-03-07,XLY,random_forest,0.573383470523,0.0,6,10,0.0100761609137276,0.0223630746533487,-0.012286913739621,"ret_1d,volume_ratio_5d,volume_ratio_20d,relative_strength_20d",0.10784141698968597,0.0029292909894138575,,False,mktmind-qtm/data/marketmind_qml_dataset.csv,SPY
split_03_2019-03,42,2019-03-14,XLB,random_forest,0.491075140538,,11,6,0.0120908712026925,0.017158149332785,-0.0050672781300924,"ret_1d,volume_ratio_5d,volume_ratio_20d,relative_strength_20d",0.10784141698968597,0.0029292909894138575,,False,mktmind-qtm/data/marketmind_qml_dataset.csv,SPY
split_03_2019-03,42,2019-03-14,XLC,random_forest,0.541179732668,,5,4,0.0145145884175832,0.017158149332785,-0.0026435609152017,"ret_1d,volume_ratio_5d,volume_ratio_20d,relative_strength_20d",0.10784141698968597,0.0029292909894138575,,False,mktmind-qtm/data/marketmind_qml_dataset.csv,SPY
split_03_2019-03,42,2019-03-14,XLE,random_forest,0.623254468452,1.0,1,3,0.0267638920378505,0.017158149332785,0.0096057427050655,"ret_1d,volume_ratio_5d,volume_ratio_20d,relative_strength_20d",0.10784141698968597,0.0029292909894138575,,False,mktmind-qtm/data/marketmind_qml_dataset.csv,SPY
split_03_2019-03,42,2019-03-14,XLF,random_forest,0.544576461897,0.0,3,11,-0.0145586221388149,0.017158149332785,-0.0317167714716,"ret_1d,volume_ratio_5d,volume_ratio_20d,relative_strength_20d",0.10784141698968597,0.0029292909894138575,,False,mktmind-qtm/data/marketmind_qml_dataset.csv,SPY
split_03_2019-03,42,2019-03-14,XLI,random_forest,0.523825198473,0.0,8,9,0.0052250721929676,0.017158149332785,-0.0119330771398173,"ret_1d,volume_ratio_5d,volume_ratio_20d,relative_strength_20d",0.10784141698968597,0.0029292909894138575,,False,mktmind-qtm/data/marketmind_qml_dataset.csv,SPY
split_03_2019-03,42,2019-03-14,XLK,random_forest,0.523209681218,1.0,9,1,0.0412246306586128,0.017158149332785,0.0240664813258277,"ret_1d,volume_ratio_5d,volume_ratio_20d,relative_strength_20d",0.10784141698968597,0.0029292909894138575,,False,mktmind-qtm/data/marketmind_qml_dataset.csv,SPY
split_03_2019-03,42,2019-03-14,XLP,random_forest,0.516551435579,,10,5,0.0139359878828666,0.017158149332785,-0.0032221614499183,"ret_1d,volume_ratio_5d,volume_ratio_20d,relative_strength_20d",0.10784141698968597,0.0029292909894138575,,False,mktmind-qtm/data/marketmind_qml_dataset.csv,SPY
split_03_2019-03,42,2019-03-14,XLRE,random_forest,0.613973035329,,2,7,0.0102227119102669,0.017158149332785,-0.0069354374225181,"ret_1d,volume_ratio_5d,volume_ratio_20d,relative_strength_20d",0.10784141698968597,0.0029292909894138575,,False,mktmind-qtm/data/marketmind_qml_dataset.csv,SPY
split_03_2019-03,42,2019-03-14,XLU,random_forest,0.52688172416,0.0,7,10,0.0015520632541456,0.017158149332785,-0.0156060860786393,"ret_1d,volume_ratio_5d,volume_ratio_20d,relative_strength_20d",0.10784141698968597,0.0029292909894138575,,False,mktmind-qtm/data/marketmind_qml_dataset.csv,SPY
split_03_2019-03,42,2019-03-14,XLV,random_forest,0.539777824163,,6,8,0.0079828112540509,0.017158149332785,-0.009175338078734,"ret_1d,volume_ratio_5d,volume_ratio_20d,relative_strength_20d",0.10784141698968597,0.0029292909894138575,,False,mktmind-qtm/data/marketmind_qml_dataset.csv,SPY
split_03_2019-03,42,2019-03-14,XLY,random_forest,0.541831550921,1.0,4,2,0.0367170477766785,0.017158149332785,0.0195588984438934,"ret_1d,volume_ratio_5d,volume_ratio_20d,relative_strength_20d",0.10784141698968597,0.0029292909894138575,,False,mktmind-qtm/data/marketmind_qml_dataset.csv,SPY
split_03_2019-03,42,2019-03-21,XLB,random_forest,0.526046189513,,6,8,-0.0175001164151118,-0.0141185652994353,-0.0033815511156765,"ret_1d,volume_ratio_5d,volume_ratio_20d,relative_strength_20d",0.10784141698968597,0.0029292909894138575,,False,mktmind-qtm/data/marketmind_qml_dataset.csv,SPY
split_03_2019-03,42,2019-03-21,XLC,random_forest,0.458543549907,0.0,9,10,-0.022413197155375,-0.0141185652994353,-0.0082946318559397,"ret_1d,volume_ratio_5d,volume_ratio_20d,relative_strength_20d",0.10784141698968597,0.0029292909894138575,,False,mktmind-qtm/data/marketmind_qml_dataset.csv,SPY
split_03_2019-03,42,2019-03-21,XLE,random_forest,0.571682108576,,3,6,-0.0159011980479485,-0.0141185652994353,-0.0017826327485132,"ret_1d,volume_ratio_5d,volume_ratio_20d,relative_strength_20d",0.10784141698968597,0.0029292909894138575,,False,mktmind-qtm/data/marketmind_qml_dataset.csv,SPY
split_03_2019-03,42,2019-03-21,XLF,random_forest,0.491427333126,,8,7,-0.0161166876696272,-0.0141185652994353,-0.0019981223701919,"ret_1d,volume_ratio_5d,volume_ratio_20d,relative_strength_20d",0.10784141698968597,0.0029292909894138575,,False,mktmind-qtm/data/marketmind_qml_dataset.csv,SPY
split_03_2019-03,42,2019-03-21,XLI,random_forest,0.511943398514,,7,4,-0.0054929166968353,-0.0141185652994353,0.0086256486025999,"ret_1d,volume_ratio_5d,volume_ratio_20d,relative_strength_20d",0.10784141698968597,0.0029292909894138575,,False,mktmind-qtm/data/marketmind_qml_dataset.csv,SPY
split_03_2019-03,42,2019-03-21,XLK,random_forest,0.286463349081,0.0,11,11,-0.0241043123294748,-0.0141185652994353,-0.0099857470300395,"ret_1d,volume_ratio_5d,volume_ratio_20d,relative_strength_20d",0.10784141698968597,0.0029292909894138575,,False,mktmind-qtm/data/marketmind_qml_dataset.csv,SPY
split_03_2019-03,42,2019-03-21,XLP,random_forest,0.577169828633,1.0,2,1,0.0106981250861548,-0.0141185652994353,0.0248166903855902,"ret_1d,volume_ratio_5d,volume_ratio_20d,relative_strength_20d",0.10784141698968597,0.0029292909894138575,,False,mktmind-qtm/data/marketmind_qml_dataset.csv,SPY
split_03_2019-03,42,2019-03-21,XLRE,random_forest,0.370052882905,1.0,10,2,0.0072284968706519,-0.0141185652994353,0.0213470621700873,"ret_1d,volume_ratio_5d,volume_ratio_20d,relative_strength_20d",0.10784141698968597,0.0029292909894138575,,False,mktmind-qtm/data/marketmind_qml_dataset.csv,SPY
split_03_2019-03,42,2019-03-21,XLU,random_forest,0.580155206138,1.0,1,3,-0.0036163317787738,-0.0141185652994353,0.0105022335206614,"ret_1d,volume_ratio_5d,volume_ratio_20d,relative_strength_20d",0.10784141698968597,0.0029292909894138575,,False,mktmind-qtm/data/marketmind_qml_dataset.csv,SPY
split_03_2019-03,42,2019-03-21,XLV,random_forest,0.53387176083,0.0,5,9,-0.0177683016153865,-0.0141185652994353,-0.0036497363159512,"ret_1d,volume_ratio_5d,volume_ratio_20d,relative_strength_20d",0.10784141698968597,0.0029292909894138575,,False,mktmind-qtm/data/marketmind_qml_dataset.csv,SPY
split_03_2019-03,42,2019-03-21,XLY,random_forest,0.554957379935,,4,5,-0.0058809179229466,-0.0141185652994353,0.0082376473764886,"ret_1d,volume_ratio_5d,volume_ratio_20d,relative_strength_20d",0.10784141698968597,0.0029292909894138575,,False,mktmind-qtm/data/marketmind_qml_dataset.csv,SPY
split_03_2019-03,42,2019-03-28,XLB,random_forest,0.53861569098,1.0,2,1,0.0512540857613454,0.023048443693312,0.0282056420680334,"ret_1d,volume_ratio_5d,volume_ratio_20d,relative_strength_20d",0.10784141698968597,0.0029292909894138575,,False,mktmind-qtm/data/marketmind_qml_dataset.csv,SPY
split_03_2019-03,42,2019-03-28,XLC,random_forest,0.451651425749,,10,4,0.032354789475268,0.023048443693312,0.0093063457819559,"ret_1d,volume_ratio_5d,volume_ratio_20d,relative_strength_20d",0.10784141698968597,0.0029292909894138575,,False,mktmind-qtm/data/marketmind_qml_dataset.csv,SPY
split_03_2019-03,42,2019-03-28,XLE,random_forest,0.5132859857,,5,8,0.0033222341648939,0.023048443693312,-0.019726209528418,"ret_1d,volume_ratio_5d,volume_ratio_20d,relative_strength_20d",0.10784141698968597,0.0029292909894138575,,False,mktmind-qtm/data/marketmind_qml_dataset.csv,SPY
split_03_2019-03,42,2019-03-28,XLF,random_forest,0.57206227869,1.0,1,2,0.0358813944516078,0.023048443693312,0.0128329507582958,"ret_1d,volume_ratio_5d,volume_ratio_20d,relative_strength_20d",0.10784141698968597,0.0029292909894138575,,False,mktmind-qtm/data/marketmind_qml_dataset.csv,SPY
split_03_2019-03,42,2019-03-28,XLI,random_forest,0.499993575446,1.0,7,3,0.0344875730783631,0.023048443693312,0.011439129385051,"ret_1d,volume_ratio_5d,volume_ratio_20d,relative_strength_20d",0.10784141698968597,0.0029292909894138575,,False,mktmind-qtm/data/marketmind_qml_dataset.csv,SPY
split_03_2019-03,42,2019-03-28,XLK,random_forest,0.491583939501,,9,6,0.0311134221560882,0.023048443693312,0.0080649784627762,"ret_1d,volume_ratio_5d,volume_ratio_20d,relative_strength_20d",0.10784141698968597,0.0029292909894138575,,False,mktmind-qtm/data/marketmind_qml_dataset.csv,SPY
split_03_2019-03,42,2019-03-28,XLP,random_forest,0.503036460403,0.0,6,11,-0.0060996435916841,0.023048443693312,-0.0291480872849961,"ret_1d,volume_ratio_5d,volume_ratio_20d,relative_strength_20d",0.10784141698968597,0.0029292909894138575,,False,mktmind-qtm/data/marketmind_qml_dataset.csv,SPY
split_03_2019-03,42,2019-03-28,XLRE,random_forest,0.423826792198,0.0,11,9,0.0011040494211675,0.023048443693312,-0.0219443942721444,"ret_1d,volume_ratio_5d,volume_ratio_20d,relative_strength_20d",0.10784141698968597,0.0029292909894138575,,False,mktmind-qtm/data/marketmind_qml_dataset.csv,SPY
split_03_2019-03,42,2019-03-28,XLU,random_forest,0.492983442651,0.0,8,10,-0.0051846576177154,0.023048443693312,-0.0282331013110275,"ret_1d,volume_ratio_5d,volume_ratio_20d,relative_strength_20d",0.10784141698968597,0.0029292909894138575,,False,mktmind-qtm/data/marketmind_qml_dataset.csv,SPY
split_03_2019-03,42,2019-03-28,XLV,random_forest,0.518911256869,,4,7,0.0078320609354098,0.023048443693312,-0.0152163827579021,"ret_1d,volume_ratio_5d,volume_ratio_20d,relative_strength_20d",0.10784141698968597,0.0029292909894138575,,False,mktmind-qtm/data/marketmind_qml_dataset.csv,SPY
split_03_2019-03,42,2019-03-28,XLY,random_forest,0.525087801847,,3,5,0.0315205351949474,0.023048443693312,0.0084720915016354,"ret_1d,volume_ratio_5d,volume_ratio_20d,relative_strength_20d",0.10784141698968597,0.0029292909894138575,,False,mktmind-qtm/data/marketmind_qml_dataset.csv,SPY
split_03_2019-03,42,2019-03-07,XLB,rbf_svm,0.764618896277,,9,8,0.0170205993570424,0.0223630746533487,-0.0053424752963062,"ret_1d,volume_ratio_5d,volume_ratio_20d,relative_strength_20d",0.0022388339857570827,0.0007657080132048577,,False,mktmind-qtm/data/marketmind_qml_dataset.csv,SPY
split_03_2019-03,42,2019-03-07,XLC,rbf_svm,-0.032766007932,,11,5,0.020346180552236,0.0223630746533487,-0.0020168941011127,"ret_1d,volume_ratio_5d,volume_ratio_20d,relative_strength_20d",0.0022388339857570827,0.0007657080132048577,,False,mktmind-qtm/data/marketmind_qml_dataset.csv,SPY
split_03_2019-03,42,2019-03-07,XLE,rbf_svm,1.252409753789,0.0,3,9,0.0142811490794461,0.0223630746533487,-0.0080819255739026,"ret_1d,volume_ratio_5d,volume_ratio_20d,relative_strength_20d",0.0022388339857570827,0.0007657080132048577,,False,mktmind-qtm/data/marketmind_qml_dataset.csv,SPY
split_03_2019-03,42,2019-03-07,XLF,rbf_svm,0.974041796143,,6,4,0.0230949660393913,0.0223630746533487,0.0007318913860425,"ret_1d,volume_ratio_5d,volume_ratio_20d,relative_strength_20d",0.0022388339857570827,0.0007657080132048577,,False,mktmind-qtm/data/marketmind_qml_dataset.csv,SPY
split_03_2019-03,42,2019-03-07,XLI,rbf_svm,1.290847525861,0.0,1,11,0.003493779623078,0.0223630746533487,-0.0188692950302706,"ret_1d,volume_ratio_5d,volume_ratio_20d,relative_strength_20d",0.0022388339857570827,0.0007657080132048577,,False,mktmind-qtm/data/marketmind_qml_dataset.csv,SPY
split_03_2019-03,42,2019-03-07,XLK,rbf_svm,1.160722528031,1.0,4,1,0.0362360164962334,0.0223630746533487,0.0138729418428846,"ret_1d,volume_ratio_5d,volume_ratio_20d,relative_strength_20d",0.0022388339857570827,0.0007657080132048577,,False,mktmind-qtm/data/marketmind_qml_dataset.csv,SPY
split_03_2019-03,42,2019-03-07,XLP,rbf_svm,0.925205982661,,7,6,0.018815043632181,0.0223630746533487,-0.0035480310211677,"ret_1d,volume_ratio_5d,volume_ratio_20d,relative_strength_20d",0.0022388339857570827,0.0007657080132048577,,False,mktmind-qtm/data/marketmind_qml_dataset.csv,SPY
split_03_2019-03,42,2019-03-07,XLRE,rbf_svm,0.799253579597,1.0,8,2,0.0293187383288855,0.0223630746533487,0.0069556636755367,"ret_1d,volume_ratio_5d,volume_ratio_20d,relative_strength_20d",0.0022388339857570827,0.0007657080132048577,,False,mktmind-qtm/data/marketmind_qml_dataset.csv,SPY
split_03_2019-03,42,2019-03-07,XLU,rbf_svm,0.320461015686,,10,7,0.0184831114297239,0.0223630746533487,-0.0038799632236248,"ret_1d,volume_ratio_5d,volume_ratio_20d,relative_strength_20d",0.0022388339857570827,0.0007657080132048577,,False,mktmind-qtm/data/marketmind_qml_dataset.csv,SPY
split_03_2019-03,42,2019-03-07,XLV,rbf_svm,1.13610006281,1.0,5,3,0.0258957828192645,0.0223630746533487,0.0035327081659157,"ret_1d,volume_ratio_5d,volume_ratio_20d,relative_strength_20d",0.0022388339857570827,0.0007657080132048577,,False,mktmind-qtm/data/marketmind_qml_dataset.csv,SPY
split_03_2019-03,42,2019-03-07,XLY,rbf_svm,1.269991374899,0.0,2,10,0.0100761609137276,0.0223630746533487,-0.012286913739621,"ret_1d,volume_ratio_5d,volume_ratio_20d,relative_strength_20d",0.0022388339857570827,0.0007657080132048577,,False,mktmind-qtm/data/marketmind_qml_dataset.csv,SPY
split_03_2019-03,42,2019-03-14,XLB,rbf_svm,-0.825224907314,,11,6,0.0120908712026925,0.017158149332785,-0.0050672781300924,"ret_1d,volume_ratio_5d,volume_ratio_20d,relative_strength_20d",0.0022388339857570827,0.0007657080132048577,,False,mktmind-qtm/data/marketmind_qml_dataset.csv,SPY
split_03_2019-03,42,2019-03-14,XLC,rbf_svm,-0.049865269377,,8,4,0.0145145884175832,0.017158149332785,-0.0026435609152017,"ret_1d,volume_ratio_5d,volume_ratio_20d,relative_strength_20d",0.0022388339857570827,0.0007657080132048577,,False,mktmind-qtm/data/marketmind_qml_dataset.csv,SPY
split_03_2019-03,42,2019-03-14,XLE,rbf_svm,0.187665568254,1.0,6,3,0.0267638920378505,0.017158149332785,0.0096057427050655,"ret_1d,volume_ratio_5d,volume_ratio_20d,relative_strength_20d",0.0022388339857570827,0.0007657080132048577,,False,mktmind-qtm/data/marketmind_qml_dataset.csv,SPY
split_03_2019-03,42,2019-03-14,XLF,rbf_svm,0.329230993176,0.0,3,11,-0.0145586221388149,0.017158149332785,-0.0317167714716,"ret_1d,volume_ratio_5d,volume_ratio_20d,relative_strength_20d",0.0022388339857570827,0.0007657080132048577,,False,mktmind-qtm/data/marketmind_qml_dataset.csv,SPY
split_03_2019-03,42,2019-03-14,XLI,rbf_svm,0.181326279521,0.0,7,9,0.0052250721929676,0.017158149332785,-0.0119330771398173,"ret_1d,volume_ratio_5d,volume_ratio_20d,relative_strength_20d",0.0022388339857570827,0.0007657080132048577,,False,mktmind-qtm/data/marketmind_qml_dataset.csv,SPY
split_03_2019-03,42,2019-03-14,XLK,rbf_svm,-0.130130603351,1.0,9,1,0.0412246306586128,0.017158149332785,0.0240664813258277,"ret_1d,volume_ratio_5d,volume_ratio_20d,relative_strength_20d",0.0022388339857570827,0.0007657080132048577,,False,mktmind-qtm/data/marketmind_qml_dataset.csv,SPY
split_03_2019-03,42,2019-03-14,XLP,rbf_svm,-0.19090537588,,10,5,0.0139359878828666,0.017158149332785,-0.0032221614499183,"ret_1d,volume_ratio_5d,volume_ratio_20d,relative_strength_20d",0.0022388339857570827,0.0007657080132048577,,False,mktmind-qtm/data/marketmind_qml_dataset.csv,SPY
split_03_2019-03,42,2019-03-14,XLRE,rbf_svm,0.658715311548,,1,7,0.0102227119102669,0.017158149332785,-0.0069354374225181,"ret_1d,volume_ratio_5d,volume_ratio_20d,relative_strength_20d",0.0022388339857570827,0.0007657080132048577,,False,mktmind-qtm/data/marketmind_qml_dataset.csv,SPY
split_03_2019-03,42,2019-03-14,XLU,rbf_svm,0.208887475741,0.0,5,10,0.0015520632541456,0.017158149332785,-0.0156060860786393,"ret_1d,volume_ratio_5d,volume_ratio_20d,relative_strength_20d",0.0022388339857570827,0.0007657080132048577,,False,mktmind-qtm/data/marketmind_qml_dataset.csv,SPY
split_03_2019-03,42,2019-03-14,XLV,rbf_svm,0.336687445875,,2,8,0.0079828112540509,0.017158149332785,-0.009175338078734,"ret_1d,volume_ratio_5d,volume_ratio_20d,relative_strength_20d",0.0022388339857570827,0.0007657080132048577,,False,mktmind-qtm/data/marketmind_qml_dataset.csv,SPY
split_03_2019-03,42,2019-03-14,XLY,rbf_svm,0.292876121232,1.0,4,2,0.0367170477766785,0.017158149332785,0.0195588984438934,"ret_1d,volume_ratio_5d,volume_ratio_20d,relative_strength_20d",0.0022388339857570827,0.0007657080132048577,,False,mktmind-qtm/data/marketmind_qml_dataset.csv,SPY
split_03_2019-03,42,2019-03-21,XLB,rbf_svm,0.254626919605,,7,8,-0.0175001164151118,-0.0141185652994353,-0.0033815511156765,"ret_1d,volume_ratio_5d,volume_ratio_20d,relative_strength_20d",0.0022388339857570827,0.0007657080132048577,,False,mktmind-qtm/data/marketmind_qml_dataset.csv,SPY
split_03_2019-03,42,2019-03-21,XLC,rbf_svm,0.201920004301,0.0,8,10,-0.022413197155375,-0.0141185652994353,-0.0082946318559397,"ret_1d,volume_ratio_5d,volume_ratio_20d,relative_strength_20d",0.0022388339857570827,0.0007657080132048577,,False,mktmind-qtm/data/marketmind_qml_dataset.csv,SPY
split_03_2019-03,42,2019-03-21,XLE,rbf_svm,0.516995741672,,4,6,-0.0159011980479485,-0.0141185652994353,-0.0017826327485132,"ret_1d,volume_ratio_5d,volume_ratio_20d,relative_strength_20d",0.0022388339857570827,0.0007657080132048577,,False,mktmind-qtm/data/marketmind_qml_dataset.csv,SPY
split_03_2019-03,42,2019-03-21,XLF,rbf_svm,-0.374545205544,,10,7,-0.0161166876696272,-0.0141185652994353,-0.0019981223701919,"ret_1d,volume_ratio_5d,volume_ratio_20d,relative_strength_20d",0.0022388339857570827,0.0007657080132048577,,False,mktmind-qtm/data/marketmind_qml_dataset.csv,SPY
split_03_2019-03,42,2019-03-21,XLI,rbf_svm,0.533801051845,,3,4,-0.0054929166968353,-0.0141185652994353,0.0086256486025999,"ret_1d,volume_ratio_5d,volume_ratio_20d,relative_strength_20d",0.0022388339857570827,0.0007657080132048577,,False,mktmind-qtm/data/marketmind_qml_dataset.csv,SPY
split_03_2019-03,42,2019-03-21,XLK,rbf_svm,-1.020948738336,0.0,11,11,-0.0241043123294748,-0.0141185652994353,-0.0099857470300395,"ret_1d,volume_ratio_5d,volume_ratio_20d,relative_strength_20d",0.0022388339857570827,0.0007657080132048577,,False,mktmind-qtm/data/marketmind_qml_dataset.csv,SPY
split_03_2019-03,42,2019-03-21,XLP,rbf_svm,0.682905339216,1.0,1,1,0.0106981250861548,-0.0141185652994353,0.0248166903855902,"ret_1d,volume_ratio_5d,volume_ratio_20d,relative_strength_20d",0.0022388339857570827,0.0007657080132048577,,False,mktmind-qtm/data/marketmind_qml_dataset.csv,SPY
split_03_2019-03,42,2019-03-21,XLRE,rbf_svm,-0.062323509965,1.0,9,2,0.0072284968706519,-0.0141185652994353,0.0213470621700873,"ret_1d,volume_ratio_5d,volume_ratio_20d,relative_strength_20d",0.0022388339857570827,0.0007657080132048577,,False,mktmind-qtm/data/marketmind_qml_dataset.csv,SPY
split_03_2019-03,42,2019-03-21,XLU,rbf_svm,0.548536127196,1.0,2,3,-0.0036163317787738,-0.0141185652994353,0.0105022335206614,"ret_1d,volume_ratio_5d,volume_ratio_20d,relative_strength_20d",0.0022388339857570827,0.0007657080132048577,,False,mktmind-qtm/data/marketmind_qml_dataset.csv,SPY
split_03_2019-03,42,2019-03-21,XLV,rbf_svm,0.309464684873,0.0,6,9,-0.0177683016153865,-0.0141185652994353,-0.0036497363159512,"ret_1d,volume_ratio_5d,volume_ratio_20d,relative_strength_20d",0.0022388339857570827,0.0007657080132048577,,False,mktmind-qtm/data/marketmind_qml_dataset.csv,SPY
split_03_2019-03,42,2019-03-21,XLY,rbf_svm,0.363798246353,,5,5,-0.0058809179229466,-0.0141185652994353,0.0082376473764886,"ret_1d,volume_ratio_5d,volume_ratio_20d,relative_strength_20d",0.0022388339857570827,0.0007657080132048577,,False,mktmind-qtm/data/marketmind_qml_dataset.csv,SPY
split_03_2019-03,42,2019-03-28,XLB,rbf_svm,0.569854228831,1.0,3,1,0.0512540857613454,0.023048443693312,0.0282056420680334,"ret_1d,volume_ratio_5d,volume_ratio_20d,relative_strength_20d",0.0022388339857570827,0.0007657080132048577,,False,mktmind-qtm/data/marketmind_qml_dataset.csv,SPY
split_03_2019-03,42,2019-03-28,XLC,rbf_svm,-0.769642391339,,11,4,0.032354789475268,0.023048443693312,0.0093063457819559,"ret_1d,volume_ratio_5d,volume_ratio_20d,relative_strength_20d",0.0022388339857570827,0.0007657080132048577,,False,mktmind-qtm/data/marketmind_qml_dataset.csv,SPY
split_03_2019-03,42,2019-03-28,XLE,rbf_svm,-0.31862896568,,10,8,0.0033222341648939,0.023048443693312,-0.019726209528418,"ret_1d,volume_ratio_5d,volume_ratio_20d,relative_strength_20d",0.0022388339857570827,0.0007657080132048577,,False,mktmind-qtm/data/marketmind_qml_dataset.csv,SPY
split_03_2019-03,42,2019-03-28,XLF,rbf_svm,0.852678216938,1.0,2,2,0.0358813944516078,0.023048443693312,0.0128329507582958,"ret_1d,volume_ratio_5d,volume_ratio_20d,relative_strength_20d",0.0022388339857570827,0.0007657080132048577,,False,mktmind-qtm/data/marketmind_qml_dataset.csv,SPY
split_03_2019-03,42,2019-03-28,XLI,rbf_svm,0.318249112957,1.0,5,3,0.0344875730783631,0.023048443693312,0.011439129385051,"ret_1d,volume_ratio_5d,volume_ratio_20d,relative_strength_20d",0.0022388339857570827,0.0007657080132048577,,False,mktmind-qtm/data/marketmind_qml_dataset.csv,SPY
split_03_2019-03,42,2019-03-28,XLK,rbf_svm,-0.143831343014,,8,6,0.0311134221560882,0.023048443693312,0.0080649784627762,"ret_1d,volume_ratio_5d,volume_ratio_20d,relative_strength_20d",0.0022388339857570827,0.0007657080132048577,,False,mktmind-qtm/data/marketmind_qml_dataset.csv,SPY
split_03_2019-03,42,2019-03-28,XLP,rbf_svm,0.148093558258,0.0,7,11,-0.0060996435916841,0.023048443693312,-0.0291480872849961,"ret_1d,volume_ratio_5d,volume_ratio_20d,relative_strength_20d",0.0022388339857570827,0.0007657080132048577,,False,mktmind-qtm/data/marketmind_qml_dataset.csv,SPY
split_03_2019-03,42,2019-03-28,XLRE,rbf_svm,-0.274354649281,0.0,9,9,0.0011040494211675,0.023048443693312,-0.0219443942721444,"ret_1d,volume_ratio_5d,volume_ratio_20d,relative_strength_20d",0.0022388339857570827,0.0007657080132048577,,False,mktmind-qtm/data/marketmind_qml_dataset.csv,SPY
split_03_2019-03,42,2019-03-28,XLU,rbf_svm,1.196098865918,0.0,1,10,-0.0051846576177154,0.023048443693312,-0.0282331013110275,"ret_1d,volume_ratio_5d,volume_ratio_20d,relative_strength_20d",0.0022388339857570827,0.0007657080132048577,,False,mktmind-qtm/data/marketmind_qml_dataset.csv,SPY
split_03_2019-03,42,2019-03-28,XLV,rbf_svm,0.241263578462,,6,7,0.0078320609354098,0.023048443693312,-0.0152163827579021,"ret_1d,volume_ratio_5d,volume_ratio_20d,relative_strength_20d",0.0022388339857570827,0.0007657080132048577,,False,mktmind-qtm/data/marketmind_qml_dataset.csv,SPY
split_03_2019-03,42,2019-03-28,XLY,rbf_svm,0.478068735043,,4,5,0.0315205351949474,0.023048443693312,0.0084720915016354,"ret_1d,volume_ratio_5d,volume_ratio_20d,relative_strength_20d",0.0022388339857570827,0.0007657080132048577,,False,mktmind-qtm/data/marketmind_qml_dataset.csv,SPY
split_03_2019-03,42,2019-03-07,XLB,small_mlp,0.515208744217,,7,8,0.0170205993570424,0.0223630746533487,-0.0053424752963062,"ret_1d,volume_ratio_5d,volume_ratio_20d,relative_strength_20d",0.012550416024168953,0.00010550001752562821,25.0,False,mktmind-qtm/data/marketmind_qml_dataset.csv,SPY
split_03_2019-03,42,2019-03-07,XLC,small_mlp,0.524963360517,,1,5,0.020346180552236,0.0223630746533487,-0.0020168941011127,"ret_1d,volume_ratio_5d,volume_ratio_20d,relative_strength_20d",0.012550416024168953,0.00010550001752562821,25.0,False,mktmind-qtm/data/marketmind_qml_dataset.csv,SPY
split_03_2019-03,42,2019-03-07,XLE,small_mlp,0.515317101841,0.0,6,9,0.0142811490794461,0.0223630746533487,-0.0080819255739026,"ret_1d,volume_ratio_5d,volume_ratio_20d,relative_strength_20d",0.012550416024168953,0.00010550001752562821,25.0,False,mktmind-qtm/data/marketmind_qml_dataset.csv,SPY
split_03_2019-03,42,2019-03-07,XLF,small_mlp,0.520969611208,,2,4,0.0230949660393913,0.0223630746533487,0.0007318913860425,"ret_1d,volume_ratio_5d,volume_ratio_20d,relative_strength_20d",0.012550416024168953,0.00010550001752562821,25.0,False,mktmind-qtm/data/marketmind_qml_dataset.csv,SPY
split_03_2019-03,42,2019-03-07,XLI,small_mlp,0.51673476557,0.0,5,11,0.003493779623078,0.0223630746533487,-0.0188692950302706,"ret_1d,volume_ratio_5d,volume_ratio_20d,relative_strength_20d",0.012550416024168953,0.00010550001752562821,25.0,False,mktmind-qtm/data/marketmind_qml_dataset.csv,SPY
split_03_2019-03,42,2019-03-07,XLK,small_mlp,0.518919558125,1.0,4,1,0.0362360164962334,0.0223630746533487,0.0138729418428846,"ret_1d,volume_ratio_5d,volume_ratio_20d,relative_strength_20d",0.012550416024168953,0.00010550001752562821,25.0,False,mktmind-qtm/data/marketmind_qml_dataset.csv,SPY
split_03_2019-03,42,2019-03-07,XLP,small_mlp,0.513738281688,,9,6,0.018815043632181,0.0223630746533487,-0.0035480310211677,"ret_1d,volume_ratio_5d,volume_ratio_20d,relative_strength_20d",0.012550416024168953,0.00010550001752562821,25.0,False,mktmind-qtm/data/marketmind_qml_dataset.csv,SPY
split_03_2019-03,42,2019-03-07,XLRE,small_mlp,0.506937240801,1.0,11,2,0.0293187383288855,0.0223630746533487,0.0069556636755367,"ret_1d,volume_ratio_5d,volume_ratio_20d,relative_strength_20d",0.012550416024168953,0.00010550001752562821,25.0,False,mktmind-qtm/data/marketmind_qml_dataset.csv,SPY
split_03_2019-03,42,2019-03-07,XLU,small_mlp,0.511839722967,,10,7,0.0184831114297239,0.0223630746533487,-0.0038799632236248,"ret_1d,volume_ratio_5d,volume_ratio_20d,relative_strength_20d",0.012550416024168953,0.00010550001752562821,25.0,False,mktmind-qtm/data/marketmind_qml_dataset.csv,SPY
split_03_2019-03,42,2019-03-07,XLV,small_mlp,0.514570970612,1.0,8,3,0.0258957828192645,0.0223630746533487,0.0035327081659157,"ret_1d,volume_ratio_5d,volume_ratio_20d,relative_strength_20d",0.012550416024168953,0.00010550001752562821,25.0,False,mktmind-qtm/data/marketmind_qml_dataset.csv,SPY
split_03_2019-03,42,2019-03-07,XLY,small_mlp,0.52004772072,0.0,3,10,0.0100761609137276,0.0223630746533487,-0.012286913739621,"ret_1d,volume_ratio_5d,volume_ratio_20d,relative_strength_20d",0.012550416024168953,0.00010550001752562821,25.0,False,mktmind-qtm/data/marketmind_qml_dataset.csv,SPY
split_03_2019-03,42,2019-03-14,XLB,small_mlp,0.524028741057,,1,6,0.0120908712026925,0.017158149332785,-0.0050672781300924,"ret_1d,volume_ratio_5d,volume_ratio_20d,relative_strength_20d",0.012550416024168953,0.00010550001752562821,25.0,False,mktmind-qtm/data/marketmind_qml_dataset.csv,SPY
split_03_2019-03,42,2019-03-14,XLC,small_mlp,0.519901519877,,2,4,0.0145145884175832,0.017158149332785,-0.0026435609152017,"ret_1d,volume_ratio_5d,volume_ratio_20d,relative_strength_20d",0.012550416024168953,0.00010550001752562821,25.0,False,mktmind-qtm/data/marketmind_qml_dataset.csv,SPY
split_03_2019-03,42,2019-03-14,XLE,small_mlp,0.508889287027,1.0,9,3,0.0267638920378505,0.017158149332785,0.0096057427050655,"ret_1d,volume_ratio_5d,volume_ratio_20d,relative_strength_20d",0.012550416024168953,0.00010550001752562821,25.0,False,mktmind-qtm/data/marketmind_qml_dataset.csv,SPY
split_03_2019-03,42,2019-03-14,XLF,small_mlp,0.506263407561,0.0,11,11,-0.0145586221388149,0.017158149332785,-0.0317167714716,"ret_1d,volume_ratio_5d,volume_ratio_20d,relative_strength_20d",0.012550416024168953,0.00010550001752562821,25.0,False,mktmind-qtm/data/marketmind_qml_dataset.csv,SPY
split_03_2019-03,42,2019-03-14,XLI,small_mlp,0.513254151787,0.0,5,9,0.0052250721929676,0.017158149332785,-0.0119330771398173,"ret_1d,volume_ratio_5d,volume_ratio_20d,relative_strength_20d",0.012550416024168953,0.00010550001752562821,25.0,False,mktmind-qtm/data/marketmind_qml_dataset.csv,SPY
split_03_2019-03,42,2019-03-14,XLK,small_mlp,0.517036091907,1.0,4,1,0.0412246306586128,0.017158149332785,0.0240664813258277,"ret_1d,volume_ratio_5d,volume_ratio_20d,relative_strength_20d",0.012550416024168953,0.00010550001752562821,25.0,False,mktmind-qtm/data/marketmind_qml_dataset.csv,SPY
split_03_2019-03,42,2019-03-14,XLP,small_mlp,0.510381909573,,7,5,0.0139359878828666,0.017158149332785,-0.0032221614499183,"ret_1d,volume_ratio_5d,volume_ratio_20d,relative_strength_20d",0.012550416024168953,0.00010550001752562821,25.0,False,mktmind-qtm/data/marketmind_qml_dataset.csv,SPY
split_03_2019-03,42,2019-03-14,XLRE,small_mlp,0.506483781506,,10,7,0.0102227119102669,0.017158149332785,-0.0069354374225181,"ret_1d,volume_ratio_5d,volume_ratio_20d,relative_strength_20d",0.012550416024168953,0.00010550001752562821,25.0,False,mktmind-qtm/data/marketmind_qml_dataset.csv,SPY
split_03_2019-03,42,2019-03-14,XLU,small_mlp,0.517318079417,0.0,3,10,0.0015520632541456,0.017158149332785,-0.0156060860786393,"ret_1d,volume_ratio_5d,volume_ratio_20d,relative_strength_20d",0.012550416024168953,0.00010550001752562821,25.0,False,mktmind-qtm/data/marketmind_qml_dataset.csv,SPY
split_03_2019-03,42,2019-03-14,XLV,small_mlp,0.510087167004,,8,8,0.0079828112540509,0.017158149332785,-0.009175338078734,"ret_1d,volume_ratio_5d,volume_ratio_20d,relative_strength_20d",0.012550416024168953,0.00010550001752562821,25.0,False,mktmind-qtm/data/marketmind_qml_dataset.csv,SPY
split_03_2019-03,42,2019-03-14,XLY,small_mlp,0.512630583239,1.0,6,2,0.0367170477766785,0.017158149332785,0.0195588984438934,"ret_1d,volume_ratio_5d,volume_ratio_20d,relative_strength_20d",0.012550416024168953,0.00010550001752562821,25.0,False,mktmind-qtm/data/marketmind_qml_dataset.csv,SPY
split_03_2019-03,42,2019-03-21,XLB,small_mlp,0.491158062587,,9,8,-0.0175001164151118,-0.0141185652994353,-0.0033815511156765,"ret_1d,volume_ratio_5d,volume_ratio_20d,relative_strength_20d",0.012550416024168953,0.00010550001752562821,25.0,False,mktmind-qtm/data/marketmind_qml_dataset.csv,SPY
split_03_2019-03,42,2019-03-21,XLC,small_mlp,0.501440701488,0.0,2,10,-0.022413197155375,-0.0141185652994353,-0.0082946318559397,"ret_1d,volume_ratio_5d,volume_ratio_20d,relative_strength_20d",0.012550416024168953,0.00010550001752562821,25.0,False,mktmind-qtm/data/marketmind_qml_dataset.csv,SPY
split_03_2019-03,42,2019-03-21,XLE,small_mlp,0.497289472311,,5,6,-0.0159011980479485,-0.0141185652994353,-0.0017826327485132,"ret_1d,volume_ratio_5d,volume_ratio_20d,relative_strength_20d",0.012550416024168953,0.00010550001752562821,25.0,False,mktmind-qtm/data/marketmind_qml_dataset.csv,SPY
split_03_2019-03,42,2019-03-21,XLF,small_mlp,0.497420702122,,4,7,-0.0161166876696272,-0.0141185652994353,-0.0019981223701919,"ret_1d,volume_ratio_5d,volume_ratio_20d,relative_strength_20d",0.012550416024168953,0.00010550001752562821,25.0,False,mktmind-qtm/data/marketmind_qml_dataset.csv,SPY
split_03_2019-03,42,2019-03-21,XLI,small_mlp,0.492645083201,,8,4,-0.0054929166968353,-0.0141185652994353,0.0086256486025999,"ret_1d,volume_ratio_5d,volume_ratio_20d,relative_strength_20d",0.012550416024168953,0.00010550001752562821,25.0,False,mktmind-qtm/data/marketmind_qml_dataset.csv,SPY
split_03_2019-03,42,2019-03-21,XLK,small_mlp,0.482695737406,0.0,11,11,-0.0241043123294748,-0.0141185652994353,-0.0099857470300395,"ret_1d,volume_ratio_5d,volume_ratio_20d,relative_strength_20d",0.012550416024168953,0.00010550001752562821,25.0,False,mktmind-qtm/data/marketmind_qml_dataset.csv,SPY
split_03_2019-03,42,2019-03-21,XLP,small_mlp,0.493831773018,1.0,7,1,0.0106981250861548,-0.0141185652994353,0.0248166903855902,"ret_1d,volume_ratio_5d,volume_ratio_20d,relative_strength_20d",0.012550416024168953,0.00010550001752562821,25.0,False,mktmind-qtm/data/marketmind_qml_dataset.csv,SPY
split_03_2019-03,42,2019-03-21,XLRE,small_mlp,0.489688880764,1.0,10,2,0.0072284968706519,-0.0141185652994353,0.0213470621700873,"ret_1d,volume_ratio_5d,volume_ratio_20d,relative_strength_20d",0.012550416024168953,0.00010550001752562821,25.0,False,mktmind-qtm/data/marketmind_qml_dataset.csv,SPY
split_03_2019-03,42,2019-03-21,XLU,small_mlp,0.498696014369,1.0,3,3,-0.0036163317787738,-0.0141185652994353,0.0105022335206614,"ret_1d,volume_ratio_5d,volume_ratio_20d,relative_strength_20d",0.012550416024168953,0.00010550001752562821,25.0,False,mktmind-qtm/data/marketmind_qml_dataset.csv,SPY
split_03_2019-03,42,2019-03-21,XLV,small_mlp,0.503758990918,0.0,1,9,-0.0177683016153865,-0.0141185652994353,-0.0036497363159512,"ret_1d,volume_ratio_5d,volume_ratio_20d,relative_strength_20d",0.012550416024168953,0.00010550001752562821,25.0,False,mktmind-qtm/data/marketmind_qml_dataset.csv,SPY
split_03_2019-03,42,2019-03-21,XLY,small_mlp,0.495423288749,,6,5,-0.0058809179229466,-0.0141185652994353,0.0082376473764886,"ret_1d,volume_ratio_5d,volume_ratio_20d,relative_strength_20d",0.012550416024168953,0.00010550001752562821,25.0,False,mktmind-qtm/data/marketmind_qml_dataset.csv,SPY
split_03_2019-03,42,2019-03-28,XLB,small_mlp,0.500588974383,1.0,9,1,0.0512540857613454,0.023048443693312,0.0282056420680334,"ret_1d,volume_ratio_5d,volume_ratio_20d,relative_strength_20d",0.012550416024168953,0.00010550001752562821,25.0,False,mktmind-qtm/data/marketmind_qml_dataset.csv,SPY
split_03_2019-03,42,2019-03-28,XLC,small_mlp,0.51913668348,,2,4,0.032354789475268,0.023048443693312,0.0093063457819559,"ret_1d,volume_ratio_5d,volume_ratio_20d,relative_strength_20d",0.012550416024168953,0.00010550001752562821,25.0,False,mktmind-qtm/data/marketmind_qml_dataset.csv,SPY
split_03_2019-03,42,2019-03-28,XLE,small_mlp,0.511276408514,,4,8,0.0033222341648939,0.023048443693312,-0.019726209528418,"ret_1d,volume_ratio_5d,volume_ratio_20d,relative_strength_20d",0.012550416024168953,0.00010550001752562821,25.0,False,mktmind-qtm/data/marketmind_qml_dataset.csv,SPY
split_03_2019-03,42,2019-03-28,XLF,small_mlp,0.495018770904,1.0,11,2,0.0358813944516078,0.023048443693312,0.0128329507582958,"ret_1d,volume_ratio_5d,volume_ratio_20d,relative_strength_20d",0.012550416024168953,0.00010550001752562821,25.0,False,mktmind-qtm/data/marketmind_qml_dataset.csv,SPY
split_03_2019-03,42,2019-03-28,XLI,small_mlp,0.496141916721,1.0,10,3,0.0344875730783631,0.023048443693312,0.011439129385051,"ret_1d,volume_ratio_5d,volume_ratio_20d,relative_strength_20d",0.012550416024168953,0.00010550001752562821,25.0,False,mktmind-qtm/data/marketmind_qml_dataset.csv,SPY
split_03_2019-03,42,2019-03-28,XLK,small_mlp,0.515588866857,,3,6,0.0311134221560882,0.023048443693312,0.0080649784627762,"ret_1d,volume_ratio_5d,volume_ratio_20d,relative_strength_20d",0.012550416024168953,0.00010550001752562821,25.0,False,mktmind-qtm/data/marketmind_qml_dataset.csv,SPY
split_03_2019-03,42,2019-03-28,XLP,small_mlp,0.510359810677,0.0,5,11,-0.0060996435916841,0.023048443693312,-0.0291480872849961,"ret_1d,volume_ratio_5d,volume_ratio_20d,relative_strength_20d",0.012550416024168953,0.00010550001752562821,25.0,False,mktmind-qtm/data/marketmind_qml_dataset.csv,SPY
split_03_2019-03,42,2019-03-28,XLRE,small_mlp,0.507514878626,0.0,6,9,0.0011040494211675,0.023048443693312,-0.0219443942721444,"ret_1d,volume_ratio_5d,volume_ratio_20d,relative_strength_20d",0.012550416024168953,0.00010550001752562821,25.0,False,mktmind-qtm/data/marketmind_qml_dataset.csv,SPY
split_03_2019-03,42,2019-03-28,XLU,small_mlp,0.521837318502,0.0,1,10,-0.0051846576177154,0.023048443693312,-0.0282331013110275,"ret_1d,volume_ratio_5d,volume_ratio_20d,relative_strength_20d",0.012550416024168953,0.00010550001752562821,25.0,False,mktmind-qtm/data/marketmind_qml_dataset.csv,SPY
split_03_2019-03,42,2019-03-28,XLV,small_mlp,0.507040324158,,7,7,0.0078320609354098,0.023048443693312,-0.0152163827579021,"ret_1d,volume_ratio_5d,volume_ratio_20d,relative_strength_20d",0.012550416024168953,0.00010550001752562821,25.0,False,mktmind-qtm/data/marketmind_qml_dataset.csv,SPY
split_03_2019-03,42,2019-03-28,XLY,small_mlp,0.505854579514,,8,5,0.0315205351949474,0.023048443693312,0.0084720915016354,"ret_1d,volume_ratio_5d,volume_ratio_20d,relative_strength_20d",0.012550416024168953,0.00010550001752562821,25.0,False,mktmind-qtm/data/marketmind_qml_dataset.csv,SPY
split_03_2019-03,42,2019-03-07,XLB,xgboost,0.419232934713,,11,8,0.0170205993570424,0.0223630746533487,-0.0053424752963062,"ret_1d,volume_ratio_5d,volume_ratio_20d,relative_strength_20d",0.00905254200915806,0.00044241698924452066,,False,mktmind-qtm/data/marketmind_qml_dataset.csv,SPY
split_03_2019-03,42,2019-03-07,XLC,xgboost,0.586345255375,,2,5,0.020346180552236,0.0223630746533487,-0.0020168941011127,"ret_1d,volume_ratio_5d,volume_ratio_20d,relative_strength_20d",0.00905254200915806,0.00044241698924452066,,False,mktmind-qtm/data/marketmind_qml_dataset.csv,SPY
split_03_2019-03,42,2019-03-07,XLE,xgboost,0.523086190224,0.0,7,9,0.0142811490794461,0.0223630746533487,-0.0080819255739026,"ret_1d,volume_ratio_5d,volume_ratio_20d,relative_strength_20d",0.00905254200915806,0.00044241698924452066,,False,mktmind-qtm/data/marketmind_qml_dataset.csv,SPY
split_03_2019-03,42,2019-03-07,XLF,xgboost,0.529729068279,,6,4,0.0230949660393913,0.0223630746533487,0.0007318913860425,"ret_1d,volume_ratio_5d,volume_ratio_20d,relative_strength_20d",0.00905254200915806,0.00044241698924452066,,False,mktmind-qtm/data/marketmind_qml_dataset.csv,SPY
split_03_2019-03,42,2019-03-07,XLI,xgboost,0.523086190224,0.0,8,11,0.003493779623078,0.0223630746533487,-0.0188692950302706,"ret_1d,volume_ratio_5d,volume_ratio_20d,relative_strength_20d",0.00905254200915806,0.00044241698924452066,,False,mktmind-qtm/data/marketmind_qml_dataset.csv,SPY
split_03_2019-03,42,2019-03-07,XLK,xgboost,0.444354236126,1.0,10,1,0.0362360164962334,0.0223630746533487,0.0138729418428846,"ret_1d,volume_ratio_5d,volume_ratio_20d,relative_strength_20d",0.00905254200915806,0.00044241698924452066,,False,mktmind-qtm/data/marketmind_qml_dataset.csv,SPY
split_03_2019-03,42,2019-03-07,XLP,xgboost,0.547016561031,,5,6,0.018815043632181,0.0223630746533487,-0.0035480310211677,"ret_1d,volume_ratio_5d,volume_ratio_20d,relative_strength_20d",0.00905254200915806,0.00044241698924452066,,False,mktmind-qtm/data/marketmind_qml_dataset.csv,SPY
split_03_2019-03,42,2019-03-07,XLRE,xgboost,0.590659499168,1.0,1,2,0.0293187383288855,0.0223630746533487,0.0069556636755367,"ret_1d,volume_ratio_5d,volume_ratio_20d,relative_strength_20d",0.00905254200915806,0.00044241698924452066,,False,mktmind-qtm/data/marketmind_qml_dataset.csv,SPY
split_03_2019-03,42,2019-03-07,XLU,xgboost,0.577637970448,,4,7,0.0184831114297239,0.0223630746533487,-0.0038799632236248,"ret_1d,volume_ratio_5d,volume_ratio_20d,relative_strength_20d",0.00905254200915806,0.00044241698924452066,,False,mktmind-qtm/data/marketmind_qml_dataset.csv,SPY
split_03_2019-03,42,2019-03-07,XLV,xgboost,0.496994972229,1.0,9,3,0.0258957828192645,0.0223630746533487,0.0035327081659157,"ret_1d,volume_ratio_5d,volume_ratio_20d,relative_strength_20d",0.00905254200915806,0.00044241698924452066,,False,mktmind-qtm/data/marketmind_qml_dataset.csv,SPY
split_03_2019-03,42,2019-03-07,XLY,xgboost,0.585237324238,0.0,3,10,0.0100761609137276,0.0223630746533487,-0.012286913739621,"ret_1d,volume_ratio_5d,volume_ratio_20d,relative_strength_20d",0.00905254200915806,0.00044241698924452066,,False,mktmind-qtm/data/marketmind_qml_dataset.csv,SPY
split_03_2019-03,42,2019-03-14,XLB,xgboost,0.476004272699,,11,6,0.0120908712026925,0.017158149332785,-0.0050672781300924,"ret_1d,volume_ratio_5d,volume_ratio_20d,relative_strength_20d",0.00905254200915806,0.00044241698924452066,,False,mktmind-qtm/data/marketmind_qml_dataset.csv,SPY
split_03_2019-03,42,2019-03-14,XLC,xgboost,0.522642433643,,8,4,0.0145145884175832,0.017158149332785,-0.0026435609152017,"ret_1d,volume_ratio_5d,volume_ratio_20d,relative_strength_20d",0.00905254200915806,0.00044241698924452066,,False,mktmind-qtm/data/marketmind_qml_dataset.csv,SPY
split_03_2019-03,42,2019-03-14,XLE,xgboost,0.684908330441,1.0,1,3,0.0267638920378505,0.017158149332785,0.0096057427050655,"ret_1d,volume_ratio_5d,volume_ratio_20d,relative_strength_20d",0.00905254200915806,0.00044241698924452066,,False,mktmind-qtm/data/marketmind_qml_dataset.csv,SPY
split_03_2019-03,42,2019-03-14,XLF,xgboost,0.572522342205,0.0,2,11,-0.0145586221388149,0.017158149332785,-0.0317167714716,"ret_1d,volume_ratio_5d,volume_ratio_20d,relative_strength_20d",0.00905254200915806,0.00044241698924452066,,False,mktmind-qtm/data/marketmind_qml_dataset.csv,SPY
split_03_2019-03,42,2019-03-14,XLI,xgboost,0.539407253265,0.0,7,9,0.0052250721929676,0.017158149332785,-0.0119330771398173,"ret_1d,volume_ratio_5d,volume_ratio_20d,relative_strength_20d",0.00905254200915806,0.00044241698924452066,,False,mktmind-qtm/data/marketmind_qml_dataset.csv,SPY
split_03_2019-03,42,2019-03-14,XLK,xgboost,0.554484844208,1.0,6,1,0.0412246306586128,0.017158149332785,0.0240664813258277,"ret_1d,volume_ratio_5d,volume_ratio_20d,relative_strength_20d",0.00905254200915806,0.00044241698924452066,,False,mktmind-qtm/data/marketmind_qml_dataset.csv,SPY
split_03_2019-03,42,2019-03-14,XLP,xgboost,0.512427866459,,10,5,0.0139359878828666,0.017158149332785,-0.0032221614499183,"ret_1d,volume_ratio_5d,volume_ratio_20d,relative_strength_20d",0.00905254200915806,0.00044241698924452066,,False,mktmind-qtm/data/marketmind_qml_dataset.csv,SPY
split_03_2019-03,42,2019-03-14,XLRE,xgboost,0.558625400066,,5,7,0.0102227119102669,0.017158149332785,-0.0069354374225181,"ret_1d,volume_ratio_5d,volume_ratio_20d,relative_strength_20d",0.00905254200915806,0.00044241698924452066,,False,mktmind-qtm/data/marketmind_qml_dataset.csv,SPY
split_03_2019-03,42,2019-03-14,XLU,xgboost,0.521380364895,0.0,9,10,0.0015520632541456,0.017158149332785,-0.0156060860786393,"ret_1d,volume_ratio_5d,volume_ratio_20d,relative_strength_20d",0.00905254200915806,0.00044241698924452066,,False,mktmind-qtm/data/marketmind_qml_dataset.csv,SPY
split_03_2019-03,42,2019-03-14,XLV,xgboost,0.559941887856,,3,8,0.0079828112540509,0.017158149332785,-0.009175338078734,"ret_1d,volume_ratio_5d,volume_ratio_20d,relative_strength_20d",0.00905254200915806,0.00044241698924452066,,False,mktmind-qtm/data/marketmind_qml_dataset.csv,SPY
split_03_2019-03,42,2019-03-14,XLY,xgboost,0.559941887856,1.0,4,2,0.0367170477766785,0.017158149332785,0.0195588984438934,"ret_1d,volume_ratio_5d,volume_ratio_20d,relative_strength_20d",0.00905254200915806,0.00044241698924452066,,False,mktmind-qtm/data/marketmind_qml_dataset.csv,SPY
split_03_2019-03,42,2019-03-21,XLB,xgboost,0.500296473503,,8,8,-0.0175001164151118,-0.0141185652994353,-0.0033815511156765,"ret_1d,volume_ratio_5d,volume_ratio_20d,relative_strength_20d",0.00905254200915806,0.00044241698924452066,,False,mktmind-qtm/data/marketmind_qml_dataset.csv,SPY
split_03_2019-03,42,2019-03-21,XLC,xgboost,0.563364267349,0.0,5,10,-0.022413197155375,-0.0141185652994353,-0.0082946318559397,"ret_1d,volume_ratio_5d,volume_ratio_20d,relative_strength_20d",0.00905254200915806,0.00044241698924452066,,False,mktmind-qtm/data/marketmind_qml_dataset.csv,SPY
split_03_2019-03,42,2019-03-21,XLE,xgboost,0.573213338852,,4,6,-0.0159011980479485,-0.0141185652994353,-0.0017826327485132,"ret_1d,volume_ratio_5d,volume_ratio_20d,relative_strength_20d",0.00905254200915806,0.00044241698924452066,,False,mktmind-qtm/data/marketmind_qml_dataset.csv,SPY
split_03_2019-03,42,2019-03-21,XLF,xgboost,0.483834147453,,9,7,-0.0161166876696272,-0.0141185652994353,-0.0019981223701919,"ret_1d,volume_ratio_5d,volume_ratio_20d,relative_strength_20d",0.00905254200915806,0.00044241698924452066,,False,mktmind-qtm/data/marketmind_qml_dataset.csv,SPY
split_03_2019-03,42,2019-03-21,XLI,xgboost,0.501851737499,,7,4,-0.0054929166968353,-0.0141185652994353,0.0086256486025999,"ret_1d,volume_ratio_5d,volume_ratio_20d,relative_strength_20d",0.00905254200915806,0.00044241698924452066,,False,mktmind-qtm/data/marketmind_qml_dataset.csv,SPY
split_03_2019-03,42,2019-03-21,XLK,xgboost,0.313498616219,0.0,11,11,-0.0241043123294748,-0.0141185652994353,-0.0099857470300395,"ret_1d,volume_ratio_5d,volume_ratio_20d,relative_strength_20d",0.00905254200915806,0.00044241698924452066,,False,mktmind-qtm/data/marketmind_qml_dataset.csv,SPY
split_03_2019-03,42,2019-03-21,XLP,xgboost,0.594908356667,1.0,3,1,0.0106981250861548,-0.0141185652994353,0.0248166903855902,"ret_1d,volume_ratio_5d,volume_ratio_20d,relative_strength_20d",0.00905254200915806,0.00044241698924452066,,False,mktmind-qtm/data/marketmind_qml_dataset.csv,SPY
split_03_2019-03,42,2019-03-21,XLRE,xgboost,0.314066290855,1.0,10,2,0.0072284968706519,-0.0141185652994353,0.0213470621700873,"ret_1d,volume_ratio_5d,volume_ratio_20d,relative_strength_20d",0.00905254200915806,0.00044241698924452066,,False,mktmind-qtm/data/marketmind_qml_dataset.csv,SPY
split_03_2019-03,42,2019-03-21,XLU,xgboost,0.598672866821,1.0,2,3,-0.0036163317787738,-0.0141185652994353,0.0105022335206614,"ret_1d,volume_ratio_5d,volume_ratio_20d,relative_strength_20d",0.00905254200915806,0.00044241698924452066,,False,mktmind-qtm/data/marketmind_qml_dataset.csv,SPY
split_03_2019-03,42,2019-03-21,XLV,xgboost,0.559585988522,0.0,6,9,-0.0177683016153865,-0.0141185652994353,-0.0036497363159512,"ret_1d,volume_ratio_5d,volume_ratio_20d,relative_strength_20d",0.00905254200915806,0.00044241698924452066,,False,mktmind-qtm/data/marketmind_qml_dataset.csv,SPY
split_03_2019-03,42,2019-03-21,XLY,xgboost,0.693628132343,,1,5,-0.0058809179229466,-0.0141185652994353,0.0082376473764886,"ret_1d,volume_ratio_5d,volume_ratio_20d,relative_strength_20d",0.00905254200915806,0.00044241698924452066,,False,mktmind-qtm/data/marketmind_qml_dataset.csv,SPY
split_03_2019-03,42,2019-03-28,XLB,xgboost,0.563691794872,1.0,3,1,0.0512540857613454,0.023048443693312,0.0282056420680334,"ret_1d,volume_ratio_5d,volume_ratio_20d,relative_strength_20d",0.00905254200915806,0.00044241698924452066,,False,mktmind-qtm/data/marketmind_qml_dataset.csv,SPY
split_03_2019-03,42,2019-03-28,XLC,xgboost,0.475393414497,,7,4,0.032354789475268,0.023048443693312,0.0093063457819559,"ret_1d,volume_ratio_5d,volume_ratio_20d,relative_strength_20d",0.00905254200915806,0.00044241698924452066,,False,mktmind-qtm/data/marketmind_qml_dataset.csv,SPY
split_03_2019-03,42,2019-03-28,XLE,xgboost,0.47808599472,,5,8,0.0033222341648939,0.023048443693312,-0.019726209528418,"ret_1d,volume_ratio_5d,volume_ratio_20d,relative_strength_20d",0.00905254200915806,0.00044241698924452066,,False,mktmind-qtm/data/marketmind_qml_dataset.csv,SPY
split_03_2019-03,42,2019-03-28,XLF,xgboost,0.572515249252,1.0,2,2,0.0358813944516078,0.023048443693312,0.0128329507582958,"ret_1d,volume_ratio_5d,volume_ratio_20d,relative_strength_20d",0.00905254200915806,0.00044241698924452066,,False,mktmind-qtm/data/marketmind_qml_dataset.csv,SPY
split_03_2019-03,42,2019-03-28,XLI,xgboost,0.488912820816,1.0,4,3,0.0344875730783631,0.023048443693312,0.011439129385051,"ret_1d,volume_ratio_5d,volume_ratio_20d,relative_strength_20d",0.00905254200915806,0.00044241698924452066,,False,mktmind-qtm/data/marketmind_qml_dataset.csv,SPY
split_03_2019-03,42,2019-03-28,XLK,xgboost,0.472556143999,,8,6,0.0311134221560882,0.023048443693312,0.0080649784627762,"ret_1d,volume_ratio_5d,volume_ratio_20d,relative_strength_20d",0.00905254200915806,0.00044241698924452066,,False,mktmind-qtm/data/marketmind_qml_dataset.csv,SPY
split_03_2019-03,42,2019-03-28,XLP,xgboost,0.476439863443,0.0,6,11,-0.0060996435916841,0.023048443693312,-0.0291480872849961,"ret_1d,volume_ratio_5d,volume_ratio_20d,relative_strength_20d",0.00905254200915806,0.00044241698924452066,,False,mktmind-qtm/data/marketmind_qml_dataset.csv,SPY
split_03_2019-03,42,2019-03-28,XLRE,xgboost,0.392249614,0.0,11,9,0.0011040494211675,0.023048443693312,-0.0219443942721444,"ret_1d,volume_ratio_5d,volume_ratio_20d,relative_strength_20d",0.00905254200915806,0.00044241698924452066,,False,mktmind-qtm/data/marketmind_qml_dataset.csv,SPY
split_03_2019-03,42,2019-03-28,XLU,xgboost,0.444354236126,0.0,9,10,-0.0051846576177154,0.023048443693312,-0.0282331013110275,"ret_1d,volume_ratio_5d,volume_ratio_20d,relative_strength_20d",0.00905254200915806,0.00044241698924452066,,False,mktmind-qtm/data/marketmind_qml_dataset.csv,SPY
split_03_2019-03,42,2019-03-28,XLV,xgboost,0.575998306274,,1,7,0.0078320609354098,0.023048443693312,-0.0152163827579021,"ret_1d,volume_ratio_5d,volume_ratio_20d,relative_strength_20d",0.00905254200915806,0.00044241698924452066,,False,mktmind-qtm/data/marketmind_qml_dataset.csv,SPY
split_03_2019-03,42,2019-03-28,XLY,xgboost,0.438496023417,,10,5,0.0315205351949474,0.023048443693312,0.0084720915016354,"ret_1d,volume_ratio_5d,volume_ratio_20d,relative_strength_20d",0.00905254200915806,0.00044241698924452066,,False,mktmind-qtm/data/marketmind_qml_dataset.csv,SPY
split_03_2019-03,42,2019-03-07,XLB,pennylane_qnn,-0.070205271265,,10,8,0.0170205993570424,0.0223630746533487,-0.0053424752963062,"ret_1d,volume_ratio_5d,volume_ratio_20d,relative_strength_20d",30.074431917018956,0.12808616700931452,13.0,False,mktmind-qtm/data/marketmind_qml_dataset.csv,SPY
split_03_2019-03,42,2019-03-07,XLC,pennylane_qnn,-0.202089723694,,11,5,0.020346180552236,0.0223630746533487,-0.0020168941011127,"ret_1d,volume_ratio_5d,volume_ratio_20d,relative_strength_20d",30.074431917018956,0.12808616700931452,13.0,False,mktmind-qtm/data/marketmind_qml_dataset.csv,SPY
split_03_2019-03,42,2019-03-07,XLE,pennylane_qnn,0.332641988893,0.0,4,9,0.0142811490794461,0.0223630746533487,-0.0080819255739026,"ret_1d,volume_ratio_5d,volume_ratio_20d,relative_strength_20d",30.074431917018956,0.12808616700931452,13.0,False,mktmind-qtm/data/marketmind_qml_dataset.csv,SPY
split_03_2019-03,42,2019-03-07,XLF,pennylane_qnn,0.352366770995,,2,4,0.0230949660393913,0.0223630746533487,0.0007318913860425,"ret_1d,volume_ratio_5d,volume_ratio_20d,relative_strength_20d",30.074431917018956,0.12808616700931452,13.0,False,mktmind-qtm/data/marketmind_qml_dataset.csv,SPY
split_03_2019-03,42,2019-03-07,XLI,pennylane_qnn,0.456333077274,0.0,1,11,0.003493779623078,0.0223630746533487,-0.0188692950302706,"ret_1d,volume_ratio_5d,volume_ratio_20d,relative_strength_20d",30.074431917018956,0.12808616700931452,13.0,False,mktmind-qtm/data/marketmind_qml_dataset.csv,SPY
split_03_2019-03,42,2019-03-07,XLK,pennylane_qnn,0.30684109287,1.0,6,1,0.0362360164962334,0.0223630746533487,0.0138729418428846,"ret_1d,volume_ratio_5d,volume_ratio_20d,relative_strength_20d",30.074431917018956,0.12808616700931452,13.0,False,mktmind-qtm/data/marketmind_qml_dataset.csv,SPY
split_03_2019-03,42,2019-03-07,XLP,pennylane_qnn,0.322170122615,,5,6,0.018815043632181,0.0223630746533487,-0.0035480310211677,"ret_1d,volume_ratio_5d,volume_ratio_20d,relative_strength_20d",30.074431917018956,0.12808616700931452,13.0,False,mktmind-qtm/data/marketmind_qml_dataset.csv,SPY
split_03_2019-03,42,2019-03-07,XLRE,pennylane_qnn,0.180319362931,1.0,7,2,0.0293187383288855,0.0223630746533487,0.0069556636755367,"ret_1d,volume_ratio_5d,volume_ratio_20d,relative_strength_20d",30.074431917018956,0.12808616700931452,13.0,False,mktmind-qtm/data/marketmind_qml_dataset.csv,SPY
split_03_2019-03,42,2019-03-07,XLU,pennylane_qnn,0.115208099589,,9,7,0.0184831114297239,0.0223630746533487,-0.0038799632236248,"ret_1d,volume_ratio_5d,volume_ratio_20d,relative_strength_20d",30.074431917018956,0.12808616700931452,13.0,False,mktmind-qtm/data/marketmind_qml_dataset.csv,SPY
split_03_2019-03,42,2019-03-07,XLV,pennylane_qnn,0.163967572371,1.0,8,3,0.0258957828192645,0.0223630746533487,0.0035327081659157,"ret_1d,volume_ratio_5d,volume_ratio_20d,relative_strength_20d",30.074431917018956,0.12808616700931452,13.0,False,mktmind-qtm/data/marketmind_qml_dataset.csv,SPY
split_03_2019-03,42,2019-03-07,XLY,pennylane_qnn,0.34070834855,0.0,3,10,0.0100761609137276,0.0223630746533487,-0.012286913739621,"ret_1d,volume_ratio_5d,volume_ratio_20d,relative_strength_20d",30.074431917018956,0.12808616700931452,13.0,False,mktmind-qtm/data/marketmind_qml_dataset.csv,SPY
split_03_2019-03,42,2019-03-14,XLB,pennylane_qnn,-0.31504223439,,9,6,0.0120908712026925,0.017158149332785,-0.0050672781300924,"ret_1d,volume_ratio_5d,volume_ratio_20d,relative_strength_20d",30.074431917018956,0.12808616700931452,13.0,False,mktmind-qtm/data/marketmind_qml_dataset.csv,SPY
split_03_2019-03,42,2019-03-14,XLC,pennylane_qnn,-0.091084390874,,5,4,0.0145145884175832,0.017158149332785,-0.0026435609152017,"ret_1d,volume_ratio_5d,volume_ratio_20d,relative_strength_20d",30.074431917018956,0.12808616700931452,13.0,False,mktmind-qtm/data/marketmind_qml_dataset.csv,SPY
split_03_2019-03,42,2019-03-14,XLE,pennylane_qnn,-0.01094234497,1.0,3,3,0.0267638920378505,0.017158149332785,0.0096057427050655,"ret_1d,volume_ratio_5d,volume_ratio_20d,relative_strength_20d",30.074431917018956,0.12808616700931452,13.0,False,mktmind-qtm/data/marketmind_qml_dataset.csv,SPY
split_03_2019-03,42,2019-03-14,XLF,pennylane_qnn,-0.216131080596,0.0,7,11,-0.0145586221388149,0.017158149332785,-0.0317167714716,"ret_1d,volume_ratio_5d,volume_ratio_20d,relative_strength_20d",30.074431917018956,0.12808616700931452,13.0,False,mktmind-qtm/data/marketmind_qml_dataset.csv,SPY
split_03_2019-03,42,2019-03-14,XLI,pennylane_qnn,-0.348389949271,0.0,11,9,0.0052250721929676,0.017158149332785,-0.0119330771398173,"ret_1d,volume_ratio_5d,volume_ratio_20d,relative_strength_20d",30.074431917018956,0.12808616700931452,13.0,False,mktmind-qtm/data/marketmind_qml_dataset.csv,SPY
split_03_2019-03,42,2019-03-14,XLK,pennylane_qnn,-0.308509608489,1.0,8,1,0.0412246306586128,0.017158149332785,0.0240664813258277,"ret_1d,volume_ratio_5d,volume_ratio_20d,relative_strength_20d",30.074431917018956,0.12808616700931452,13.0,False,mktmind-qtm/data/marketmind_qml_dataset.csv,SPY
split_03_2019-03,42,2019-03-14,XLP,pennylane_qnn,-0.335819500368,,10,5,0.0139359878828666,0.017158149332785,-0.0032221614499183,"ret_1d,volume_ratio_5d,volume_ratio_20d,relative_strength_20d",30.074431917018956,0.12808616700931452,13.0,False,mktmind-qtm/data/marketmind_qml_dataset.csv,SPY
split_03_2019-03,42,2019-03-14,XLRE,pennylane_qnn,0.400954545888,,1,7,0.0102227119102669,0.017158149332785,-0.0069354374225181,"ret_1d,volume_ratio_5d,volume_ratio_20d,relative_strength_20d",30.074431917018956,0.12808616700931452,13.0,False,mktmind-qtm/data/marketmind_qml_dataset.csv,SPY
split_03_2019-03,42,2019-03-14,XLU,pennylane_qnn,0.121942343595,0.0,2,10,0.0015520632541456,0.017158149332785,-0.0156060860786393,"ret_1d,volume_ratio_5d,volume_ratio_20d,relative_strength_20d",30.074431917018956,0.12808616700931452,13.0,False,mktmind-qtm/data/marketmind_qml_dataset.csv,SPY
split_03_2019-03,42,2019-03-14,XLV,pennylane_qnn,-0.016943651117,,4,8,0.0079828112540509,0.017158149332785,-0.009175338078734,"ret_1d,volume_ratio_5d,volume_ratio_20d,relative_strength_20d",30.074431917018956,0.12808616700931452,13.0,False,mktmind-qtm/data/marketmind_qml_dataset.csv,SPY
split_03_2019-03,42,2019-03-14,XLY,pennylane_qnn,-0.131570360002,1.0,6,2,0.0367170477766785,0.017158149332785,0.0195588984438934,"ret_1d,volume_ratio_5d,volume_ratio_20d,relative_strength_20d",30.074431917018956,0.12808616700931452,13.0,False,mktmind-qtm/data/marketmind_qml_dataset.csv,SPY
split_03_2019-03,42,2019-03-21,XLB,pennylane_qnn,0.213678224886,,2,8,-0.0175001164151118,-0.0141185652994353,-0.0033815511156765,"ret_1d,volume_ratio_5d,volume_ratio_20d,relative_strength_20d",30.074431917018956,0.12808616700931452,13.0,False,mktmind-qtm/data/marketmind_qml_dataset.csv,SPY
split_03_2019-03,42,2019-03-21,XLC,pennylane_qnn,-0.359198632969,0.0,11,10,-0.022413197155375,-0.0141185652994353,-0.0082946318559397,"ret_1d,volume_ratio_5d,volume_ratio_20d,relative_strength_20d",30.074431917018956,0.12808616700931452,13.0,False,mktmind-qtm/data/marketmind_qml_dataset.csv,SPY
split_03_2019-03,42,2019-03-21,XLE,pennylane_qnn,0.346117260295,,1,6,-0.0159011980479485,-0.0141185652994353,-0.0017826327485132,"ret_1d,volume_ratio_5d,volume_ratio_20d,relative_strength_20d",30.074431917018956,0.12808616700931452,13.0,False,mktmind-qtm/data/marketmind_qml_dataset.csv,SPY
split_03_2019-03,42,2019-03-21,XLF,pennylane_qnn,-0.346100435226,,10,7,-0.0161166876696272,-0.0141185652994353,-0.0019981223701919,"ret_1d,volume_ratio_5d,volume_ratio_20d,relative_strength_20d",30.074431917018956,0.12808616700931452,13.0,False,mktmind-qtm/data/marketmind_qml_dataset.csv,SPY
split_03_2019-03,42,2019-03-21,XLI,pennylane_qnn,-0.335482585729,,9,4,-0.0054929166968353,-0.0141185652994353,0.0086256486025999,"ret_1d,volume_ratio_5d,volume_ratio_20d,relative_strength_20d",30.074431917018956,0.12808616700931452,13.0,False,mktmind-qtm/data/marketmind_qml_dataset.csv,SPY
split_03_2019-03,42,2019-03-21,XLK,pennylane_qnn,-0.24227009369,0.0,7,11,-0.0241043123294748,-0.0141185652994353,-0.0099857470300395,"ret_1d,volume_ratio_5d,volume_ratio_20d,relative_strength_20d",30.074431917018956,0.12808616700931452,13.0,False,mktmind-qtm/data/marketmind_qml_dataset.csv,SPY
split_03_2019-03,42,2019-03-21,XLP,pennylane_qnn,-0.134188851534,1.0,6,1,0.0106981250861548,-0.0141185652994353,0.0248166903855902,"ret_1d,volume_ratio_5d,volume_ratio_20d,relative_strength_20d",30.074431917018956,0.12808616700931452,13.0,False,mktmind-qtm/data/marketmind_qml_dataset.csv,SPY
split_03_2019-03,42,2019-03-21,XLRE,pennylane_qnn,0.194037904977,1.0,3,2,0.0072284968706519,-0.0141185652994353,0.0213470621700873,"ret_1d,volume_ratio_5d,volume_ratio_20d,relative_strength_20d",30.074431917018956,0.12808616700931452,13.0,False,mktmind-qtm/data/marketmind_qml_dataset.csv,SPY
split_03_2019-03,42,2019-03-21,XLU,pennylane_qnn,0.014079220214,1.0,4,3,-0.0036163317787738,-0.0141185652994353,0.0105022335206614,"ret_1d,volume_ratio_5d,volume_ratio_20d,relative_strength_20d",30.074431917018956,0.12808616700931452,13.0,False,mktmind-qtm/data/marketmind_qml_dataset.csv,SPY
split_03_2019-03,42,2019-03-21,XLV,pennylane_qnn,-0.312306384936,0.0,8,9,-0.0177683016153865,-0.0141185652994353,-0.0036497363159512,"ret_1d,volume_ratio_5d,volume_ratio_20d,relative_strength_20d",30.074431917018956,0.12808616700931452,13.0,False,mktmind-qtm/data/marketmind_qml_dataset.csv,SPY
split_03_2019-03,42,2019-03-21,XLY,pennylane_qnn,-0.002478067877,,5,5,-0.0058809179229466,-0.0141185652994353,0.0082376473764886,"ret_1d,volume_ratio_5d,volume_ratio_20d,relative_strength_20d",30.074431917018956,0.12808616700931452,13.0,False,mktmind-qtm/data/marketmind_qml_dataset.csv,SPY
split_03_2019-03,42,2019-03-28,XLB,pennylane_qnn,-0.349484388261,1.0,9,1,0.0512540857613454,0.023048443693312,0.0282056420680334,"ret_1d,volume_ratio_5d,volume_ratio_20d,relative_strength_20d",30.074431917018956,0.12808616700931452,13.0,False,mktmind-qtm/data/marketmind_qml_dataset.csv,SPY
split_03_2019-03,42,2019-03-28,XLC,pennylane_qnn,-0.309623108784,,5,4,0.032354789475268,0.023048443693312,0.0093063457819559,"ret_1d,volume_ratio_5d,volume_ratio_20d,relative_strength_20d",30.074431917018956,0.12808616700931452,13.0,False,mktmind-qtm/data/marketmind_qml_dataset.csv,SPY
split_03_2019-03,42,2019-03-28,XLE,pennylane_qnn,-0.354346052993,,11,8,0.0033222341648939,0.023048443693312,-0.019726209528418,"ret_1d,volume_ratio_5d,volume_ratio_20d,relative_strength_20d",30.074431917018956,0.12808616700931452,13.0,False,mktmind-qtm/data/marketmind_qml_dataset.csv,SPY
split_03_2019-03,42,2019-03-28,XLF,pennylane_qnn,-0.344491971931,1.0,7,2,0.0358813944516078,0.023048443693312,0.0128329507582958,"ret_1d,volume_ratio_5d,volume_ratio_20d,relative_strength_20d",30.074431917018956,0.12808616700931452,13.0,False,mktmind-qtm/data/marketmind_qml_dataset.csv,SPY
split_03_2019-03,42,2019-03-28,XLI,pennylane_qnn,-0.330985790394,1.0,6,3,0.0344875730783631,0.023048443693312,0.011439129385051,"ret_1d,volume_ratio_5d,volume_ratio_20d,relative_strength_20d",30.074431917018956,0.12808616700931452,13.0,False,mktmind-qtm/data/marketmind_qml_dataset.csv,SPY
split_03_2019-03,42,2019-03-28,XLK,pennylane_qnn,-0.350001255291,,10,6,0.0311134221560882,0.023048443693312,0.0080649784627762,"ret_1d,volume_ratio_5d,volume_ratio_20d,relative_strength_20d",30.074431917018956,0.12808616700931452,13.0,False,mktmind-qtm/data/marketmind_qml_dataset.csv,SPY
split_03_2019-03,42,2019-03-28,XLP,pennylane_qnn,-0.093078206262,0.0,3,11,-0.0060996435916841,0.023048443693312,-0.0291480872849961,"ret_1d,volume_ratio_5d,volume_ratio_20d,relative_strength_20d",30.074431917018956,0.12808616700931452,13.0,False,mktmind-qtm/data/marketmind_qml_dataset.csv,SPY
split_03_2019-03,42,2019-03-28,XLRE,pennylane_qnn,-0.170007893943,0.0,4,9,0.0011040494211675,0.023048443693312,-0.0219443942721444,"ret_1d,volume_ratio_5d,volume_ratio_20d,relative_strength_20d",30.074431917018956,0.12808616700931452,13.0,False,mktmind-qtm/data/marketmind_qml_dataset.csv,SPY
split_03_2019-03,42,2019-03-28,XLU,pennylane_qnn,0.365992538097,0.0,2,10,-0.0051846576177154,0.023048443693312,-0.0282331013110275,"ret_1d,volume_ratio_5d,volume_ratio_20d,relative_strength_20d",30.074431917018956,0.12808616700931452,13.0,False,mktmind-qtm/data/marketmind_qml_dataset.csv,SPY
split_03_2019-03,42,2019-03-28,XLV,pennylane_qnn,-0.346772805057,,8,7,0.0078320609354098,0.023048443693312,-0.0152163827579021,"ret_1d,volume_ratio_5d,volume_ratio_20d,relative_strength_20d",30.074431917018956,0.12808616700931452,13.0,False,mktmind-qtm/data/marketmind_qml_dataset.csv,SPY
split_03_2019-03,42,2019-03-28,XLY,pennylane_qnn,0.390035227523,,1,5,0.0315205351949474,0.023048443693312,0.0084720915016354,"ret_1d,volume_ratio_5d,volume_ratio_20d,relative_strength_20d",30.074431917018956,0.12808616700931452,13.0,False,mktmind-qtm/data/marketmind_qml_dataset.csv,SPY
